Period,TAS_SPD__APL_0.70|0.6|0,DEP_ALL__PVAL_3|3,LTV_30B_17__PVAL_4|5,LTV_30B_18__PVAL_3|4,LTV_30B_19__PVAL_4|5,MAS_SPD__PVAL_3|3,SUP_VID__PVAL_4|5,IRI_pctTD__PVAL_5|3#LAG_2,IRI_BAS_PRC_1500ML__RA_5,IRI_BAS_PRC_750ML__RA_5,HOL_CHR_NEW,HOL_LAB,HOL_MEM,HOL_MOT,HOL_NWY,HOL_THK,HOL_VAT,IRI_BAV_1500ML,IRI_BAV_750ML,IRI_TRD_DESEA,IRI_WBR,IRI_pctAT,IRI_pctFD,IRI_pctTA,IRI_pctTF,SEA_IRI_CORE_1,WBR_TRD,Intercept,Predicted,IRI_EVO
06/11/2016,6.652900618953381,98.74930834016351,0.0,0.0,0.0,13.667685786164252,0.0,0.0,-101.42727939413282,-129.6741967469459,0.0,0.0,0.0,0.0,0.0,0.0,0.0,6.885959277202913,85.71870138172514,499.9186809717457,11.887372578441365,264.1682106897242,4.005825920913601,773.3008530863432,18.803286586047832,2108.617664386573,-20.049495963291204,-56.828232473813834,3584.397245045814,4111.570788
06/18/2016,9.147036010435148,144.80545368495984,0.0,0.0,0.0,18.999329012447642,0.0,0.0,-101.00270234462567,-129.54775007398985,0.0,0.0,0.0,0.0,0.0,0.0,0.0,19.03926746187602,111.90951139380515,487.90509592460904,11.640304478846337,261.60556422180593,1.6902095698488417,773.645775117797,80.15963276607577,2094.2308841499485,-20.001213305324054,-56.828232473813834,3707.398165594702,4229.668885
06/25/2016,10.64823200179447,166.2857921151769,0.0,0.0,0.0,21.079155659177072,0.0,124.44085909733354,-100.7183599510861,-128.94775263832284,0.0,0.0,0.0,0.0,0.0,0.0,0.0,44.41579065152357,29.625929862899493,494.2041321399394,11.748695871255105,282.3919363684572,0.7599732939977606,773.4365685804477,48.898462682430676,2065.6562097484803,-20.034845591755683,-56.828232473813834,3767.0625474179346,4068.940042
07/02/2016,12.109844091899486,173.44116198748583,0.0,0.0,0.0,21.114328969721793,0.0,205.50943134553276,-100.27052618630839,-128.58325829209792,0.0,0.0,0.0,0.0,0.0,0.0,0.0,119.30768986437845,27.36409869456266,493.3542101291355,11.751300470563672,312.53394340322865,55.54196471886246,773.9501452406873,261.5733035903703,2160.40279725419,-20.048909932151137,-56.828232473813834,4322.223292876248,4315.64647
07/09/2016,14.183889074575601,169.60084466816826,0.0,0.0,0.0,18.68150900831065,0.0,260.32105367967205,-99.70044611802483,-129.11234033365974,0.0,0.0,0.0,0.0,0.0,0.0,0.0,144.29392215656605,55.7407931378748,499.0769820042708,10.8432006715743,316.96986128073735,60.5435883618422,773.3338939333167,431.98264493508776,2111.966726113501,-20.040553087397228,-56.828232473813834,4561.857337012602,4291.346335
07/16/2016,15.522088811447135,167.53944165014602,0.0,0.0,0.0,17.174359556197178,0.0,271.6385664012583,-99.49051971297308,-129.3259266670488,0.0,0.0,0.0,0.0,0.0,0.0,0.0,88.64440580592321,50.2485323500705,479.9029904155913,11.512138654400982,322.10830431977195,3.4684608491077955,773.4909220646829,68.5947645326917,2076.8198023268883,-20.043455772887853,-56.828232473813834,4040.976643111454,4133.471373
07/23/2016,16.414642773227097,166.43292493744872,0.0,0.0,0.0,16.240669658061467,0.0,267.2675997485883,-99.2497008572325,-129.58535371611333,0.0,0.0,0.0,0.0,0.0,0.0,0.0,71.91871271174385,45.818210074700374,485.6552807766839,11.372975822258233,329.8851275632624,0.0,772.771464076652,0.0,2104.452587503217,-20.00449589364055,-56.828232473813834,3982.562412705043,4159.858953
07/30/2016,17.0206100127035,165.83896799014488,0.0,0.0,0.0,15.662241834604844,0.0,299.2784529150446,-98.92238468352889,-130.31958489662622,0.0,0.0,0.0,0.0,0.0,0.0,0.0,117.09433171984679,54.94472988376167,490.15457519143774,11.136833767904001,316.8541343404368,62.431504854228756,773.216377115523,378.2446632450421,2095.446184414522,-20.02435258210303,-56.828232473813834,4491.229052649128,4304.421272
08/06/2016,14.888497242019557,173.98711269119573,0.0,0.0,0.0,15.5381232739421,0.0,320.28048394290016,-98.74594591454093,-130.31894847085317,0.0,0.0,0.0,0.0,0.0,0.0,0.0,55.10759909663839,148.75268394395627,490.5768765183093,10.964760860366983,304.3434900979437,1.0654826687344703,773.0883291634582,81.0232584684476,2124.9121324986577,-20.025050732395236,-56.828232473813834,4208.610652874967,4425.616331
08/13/2016,12.775844752918001,179.15210791051064,0.0,0.0,0.0,15.501560501933687,0.0,320.311789422858,-98.47159153178355,-130.06853721960314,0.0,0.0,0.0,0.0,0.0,0.0,0.0,75.83401062101784,67.09670124815024,490.4777243023975,11.448081228429293,239.6161788116357,62.42262772054515,772.7646962971985,320.6045269251842,2081.72834083772,-20.02123359414647,-56.828232473813834,4344.344595761151,4164.52696
08/20/2016,11.146611547125923,181.58807089887028,0.0,0.0,0.0,15.479421128576067,0.0,355.0144635042703,-98.53299579580431,-129.75648626931698,0.0,0.0,0.0,0.0,0.0,0.0,0.0,12.58581615252144,39.09875363508789,485.58998653751877,11.37960077283621,297.5077186011673,1.587641641683721,772.0000311072229,97.6925110978561,2096.9755394489653,-20.024707456515625,-56.828232473813834,4072.5037440782507,4330.584217
08/27/2016,9.904730615939851,182.73694417929627,0.0,0.0,0.0,15.466015317390605,0.0,352.05626453378693,-98.83934561533053,-129.42088139998094,0.0,0.0,0.0,0.0,0.0,0.0,0.0,16.437472814565066,49.373520674061844,497.83863721460636,11.322322550727598,289.36549742133553,35.97257777743337,772.9807019100913,175.69265408345825,2246.252373595425,-20.029664913691096,-56.828232473813834,4350.281588285302,4322.96305
09/03/2016,8.934753308351803,182.84953151075462,0.0,0.0,0.0,16.381114527842325,0.0,345.7827460731232,-99.21298591256787,-129.07669170697818,0.0,0.0,0.0,0.0,0.0,0.0,0.0,105.64372075350782,93.86597292649387,460.14651545644904,11.04878032459912,268.11829860779545,14.294932388430915,773.227291626896,337.7492890484005,2181.5671545090777,-20.042154905846733,-56.828232473813834,4494.450036062515,4587.472681
09/10/2016,8.16216081424786,182.3265856963522,0.0,0.0,0.0,17.961008065592853,0.0,328.3153498228525,-99.31832745673547,-128.73951637528373,0.0,0.0,0.0,0.0,0.0,0.0,0.0,64.18284884273095,169.7667801419956,496.78168018790626,10.322351224505235,303.73846973448104,33.19133752397728,772.6027312076413,239.36097912834003,2148.9539191567283,-20.02538831074988,-56.828232473813834,4470.754736930769,4608.768166
09/17/2016,7.5910290748703675,182.07600349330258,0.0,0.0,0.0,18.753701581257946,0.0,323.2897614041454,-99.50039721814382,-128.30236964864642,0.0,0.0,0.0,0.0,0.0,0.0,0.0,37.815763251988685,160.26303490456482,487.04106272376566,10.34714859769559,302.8955008675839,27.748720431715938,772.7616136323377,122.77440287504194,2146.7695879993125,-20.016913445835815,-56.828232473813834,4295.4794180511435,4628.1107
09/24/2016,7.1735928191444955,181.95593249533866,0.0,0.0,0.0,19.151426846975436,0.0,324.94197123993996,-99.1872509611005,-128.14879850468864,0.0,0.0,0.0,0.0,0.0,0.0,0.0,49.07395117880965,149.43805493153673,489.1092940424946,10.010460541528303,285.8014675788044,32.965263571511585,773.109148887303,357.3237963180577,2198.407917454795,-20.010735497417944,-56.828232473813834,4574.287260469219,4739.118726
10/01/2016,7.451199098506438,182.70671410538554,0.0,0.0,0.0,19.24712689526549,0.0,316.2707446771387,-98.698990010193,-128.05009368202246,0.0,0.0,0.0,0.0,0.0,0.0,0.0,85.92412717508293,150.7757372550289,490.5214513722899,9.791991391988752,316.83378083590736,61.66113436940978,772.6968698462363,312.7424598007824,2245.556111878253,-19.99031332960191,-56.828232473813834,4668.611819205645,4931.289285
10/08/2016,10.604048826964549,187.67681643207501,0.0,0.0,0.0,18.647728171463775,0.0,321.63276915901315,-98.25597900601906,-127.87632172992069,0.0,0.0,0.0,0.0,0.0,0.0,0.0,92.5836530252213,105.67386075212113,489.6041339478073,10.374725899971798,263.07268544481553,46.32260813502592,772.5945238080499,537.8668439252563,2257.1470023333304,-20.04485024212496,-56.828232473813834,4810.796016409237,4771.971479
10/15/2016,12.476125901175955,189.85645645742085,0.0,0.0,0.0,18.318691155013862,0.0,316.6297095340691,-97.83800119598715,-127.84977379449992,0.0,0.0,0.0,0.0,0.0,0.0,0.0,83.902245145126,111.09453341361288,489.92010914992164,10.1450238965796,277.895068566913,70.64209071926477,772.9262310655188,417.6544959615471,2250.8149933852837,-20.009861537783717,-56.828232473813834,4719.749905349362,4791.210479
10/22/2016,13.681469416136531,190.81233730263665,0.0,0.0,0.0,18.138068010720627,0.0,311.10699717073953,-97.8689612107407,-128.68611025920873,0.0,0.0,0.0,0.0,0.0,0.0,0.0,57.77950564495888,78.22990901832873,491.5917147528379,10.21026399208266,307.7091826041661,25.27083936308191,772.7533358165437,341.9095952349275,2270.8797233952155,-20.015118928952408,-56.828232473813834,4586.67451884966,4728.320106
10/29/2016,14.484568551230298,191.23153832837286,0.0,0.0,0.0,18.038915668249896,0.0,304.0552649036228,-98.33196092127811,-129.81687994123897,0.0,0.0,0.0,0.0,0.0,0.0,0.0,127.63715730721711,79.1946834052738,485.3525127911942,9.836378592276011,294.2359115985499,64.38616014617696,772.8584828547814,497.7878596791045,2286.35148262877,-20.00151039055478,-56.828232473813834,4840.472332727934,4835.874333
11/05/2016,13.385811554333726,187.03571238578593,0.0,0.0,0.0,19.596762116543726,0.0,313.9521018109899,-98.5553484973522,-131.06820330620207,0.0,0.0,0.0,0.0,0.0,0.0,0.0,58.42613701560897,98.18469831799707,488.62350816661495,10.680908988121065,325.10412503955894,17.659880110208025,772.6011664031436,77.01111047205266,2257.8979370889074,-20.031063859554962,-56.828232473813834,4333.677011332943,4583.14001
11/12/2016,11.852479608491926,183.13791607658712,0.0,0.0,0.0,20.81849745339522,0.0,313.31514064625105,-98.67504328854594,-131.704134705383,0.0,0.0,0.0,0.0,0.0,0.0,0.0,57.95326637205284,80.78125885258552,496.51085588935666,11.414323253906685,297.99581061964113,44.891980104436094,771.730634364861,304.29362269845916,2238.123833821487,-20.036849696164882,-56.828232473813834,4525.575359597604,4401.96575
11/19/2016,10.695427283355118,181.2341156287473,0.0,0.0,0.0,21.33383841391454,0.0,308.037998568674,-98.8901028037638,-132.30306752980763,0.0,0.0,0.0,0.0,0.0,0.0,0.0,38.99764394683423,150.55225565450695,500.35339479034985,11.30214868177786,298.87808904579254,10.236562237880666,772.0248254344924,140.17360976338935,2416.508341453667,-20.078248319583597,-56.828232473813834,4552.228599776414,4845.007993
11/26/2016,9.83324187182352,180.30424052463843,0.0,0.0,0.0,21.551214648646866,0.0,291.8409485637687,-98.63766790942898,-131.84502768185817,0.0,0.0,0.0,0.0,0.0,782.5806916178182,0.0,25.36192476343848,112.75454734087535,487.9405647359569,9.930127438340648,247.95379665102888,18.709565239672397,773.426999800943,233.8726770325861,2954.475451232653,-20.115896750671975,-56.828232473813834,5843.109166646418,6130.424299
12/03/2016,9.411970369083031,185.40766289308564,0.0,0.0,0.0,21.969821543042684,0.0,296.181982266515,-98.20391978132764,-130.4390356666702,0.0,0.0,0.0,0.0,0.0,0.0,0.0,33.40400048598821,212.47647834249946,490.9119193067405,11.13878645895105,327.4192821417071,10.060904435058971,772.2848489979116,115.72851073830165,2236.2035608315264,-20.018221638266187,-56.828232473813834,4417.110319250333,4700.642853
12/10/2016,9.39519237789516,194.13247087130816,0.0,0.0,0.0,22.530932032344317,0.0,296.35438490626905,-97.99309395398356,-129.1087599359652,0.0,0.0,0.0,0.0,0.0,0.0,0.0,30.157152676265984,287.38989573770067,501.63871435279975,10.970429599468845,334.1477968525747,3.0269533441396437,773.1198912701813,11.29563412632252,2420.9485715780993,-20.079130011573145,-56.828232473813834,4591.098803350033,5000.036642
12/17/2016,9.383435889815978,197.60682212810772,0.0,0.0,0.0,22.737353045295713,0.0,315.1558267352462,-98.1164849711109,-128.71449898807364,0.0,0.0,0.0,0.0,0.0,0.0,0.0,18.195912434257142,279.8677147708776,492.7707054012067,10.594811251426874,296.9015973689736,26.479351117244313,773.7337640747149,245.06342408685444,2541.2549993893495,-20.091784214537817,-56.828232473813834,4925.994717045834,5388.809263
12/24/2016,9.375200502201977,198.99036251159697,0.0,0.0,0.0,22.81329092065509,0.0,323.3285032089365,-98.43096334995423,-128.83511060722657,786.9681296873334,0.0,0.0,0.0,0.0,0.0,0.0,16.263080804175573,272.33517182368075,496.2566207465415,10.163261562073277,327.89770762789897,27.450264122097714,775.0329117130226,210.88531162215114,2970.836191778292,-20.15751106610752,-56.828232473813834,6144.344191133555,6518.673385
12/31/2016,9.369432860233282,199.5413080703529,0.0,0.0,0.0,22.8412269278841,0.0,323.38336688018296,-98.92276874500334,-129.09576243633055,0.0,0.0,0.0,0.0,0.0,0.0,0.0,16.834905104305648,220.08036270219043,516.4602590907854,10.528891908975092,328.6054204448148,10.43194761860823,773.542474548867,160.5647648257569,2459.889024823977,-20.118453921969607,-56.828232473813834,4747.108168229816,4635.012502
01/07/2017,11.966795228952561,188.09230024188244,0.0,0.0,0.0,18.53253568211962,0.0,333.32284336318025,-99.4893113107654,-129.3630753182416,0.0,0.0,0.0,0.0,0.0,0.0,0.0,58.35681421871885,435.5727941180079,441.271929671861,10.0116412937168,150.43033911420693,138.7268981125075,770.5627034077265,770.7019408218689,2303.7583464899576,-20.0214205950554,-56.828232473813834,5325.605842066831,4604.976104
01/14/2017,13.735437699839157,182.48040458383102,0.0,0.0,0.0,15.375234795154004,0.0,344.0452034716138,-99.95703428016374,-129.26204082970455,0.0,0.0,0.0,0.0,0.0,0.0,0.0,74.23094560243749,553.61108795115,457.00990273730895,9.190549807021723,167.33958299065827,121.79691389807803,771.5409174675333,676.7689350990012,2322.3371160405823,-19.986553777051974,-56.828232473813834,5403.428370783475,5330.665119
01/21/2017,15.035168299756945,179.78536887736328,0.0,0.0,0.0,13.021282517576823,0.0003342760598403511,343.0870434716646,-100.07836715362374,-128.78983236991556,0.0,0.0,0.0,0.0,0.0,0.0,0.0,61.34842630101808,498.6634797395066,499.59209308919986,9.069805788383368,184.2488269173776,104.86692968364858,771.33471535482,582.8359291870114,2340.915885591207,-19.978121236609137,-56.828232473813834,5298.130735860632,5335.581319
01/28/2017,16.043197007721233,178.54554443157025,0.0,0.0,0.0,11.229452839977233,15.8025028326104,349.19678049685103,-99.94712441708228,-127.49392662831217,0.0,0.0,0.0,0.0,0.0,0.0,0.0,55.72171937756881,532.4265947425193,479.1553508233193,9.098397161234798,201.15807079382898,87.93694546921911,771.8464142496621,488.9029234641437,2359.494632218126,-19.99215892072704,-56.828232473813834,5252.297083468417,5412.180889
02/04/2017,16.860946873972303,178.03042692620988,539.9456915674386,0.0,0.0,9.831737854701604,37.36934507096784,358.8093964582472,-99.70090217935261,-125.91272918538476,0.0,0.0,0.0,0.0,0.0,0.0,0.0,77.25183344756682,494.70232490883853,488.9216678402162,9.234872480997266,218.06731467028035,71.00696131006444,771.9287307902752,394.96991755215396,2378.0734017687505,-20.004357728659958,-56.828232473813834,5742.55834795347,5536.626019
02/11/2017,17.550936449298618,177.87546825662844,182.15596389358657,0.0,0.0,8.710539118834632,73.52777942840349,369.7506161312223,-99.37995937788004,-124.52791113230846,0.0,0.0,0.0,0.0,0.0,0.0,0.0,129.0165902183568,411.30108866150476,493.62429467571985,8.78915066024688,234.97655854673172,54.07697709563499,771.8490822413311,301.0369118292862,2396.6521713193756,-20.02182166011688,-56.828232473813834,5330.1362038820425,5478.840651
02/18/2017,18.153350135070895,177.89901718879702,60.90845229879497,0.0,0.0,7.783114941580026,30.659792660387907,380.79723646021574,-99.08456785509725,-124.37025815969055,0.0,0.0,0.0,0.0,0.0,0.0,184.25753370797872,51.39226017122276,298.0710004356181,488.7749762458558,9.441147324643945,251.88580247345104,37.14699288120552,771.5734262809775,207.10390591729646,2415.2309408700003,-20.037313027034994,-56.828232473813834,5090.75857847746,5251.593037
02/25/2017,18.69468824077328,178.0106887558014,20.14682835460215,0.0,0.0,6.990928850450258,12.69777266825011,391.33107742388523,-98.8356631325596,-124.98040126328715,0.0,0.0,0.0,0.0,0.0,0.0,0.0,41.63853870326192,249.38860740489997,483.1441270075288,10.026679800573115,268.7950463499024,20.21700866677605,771.1756686256514,113.17090019442873,2433.809710420625,-19.966236606481868,-56.828232473813834,4718.627737991266,4870.456295
03/04/2017,18.481824816178495,188.57329075093787,10.513934695411809,0.0,0.0,6.4362237401587175,6.144455496490207,401.0916103036846,-98.52797675544475,-126.09909429769927,0.0,0.0,0.0,0.0,0.0,0.0,0.0,77.81505651279534,119.7474038102708,497.4323526509432,10.56468366244105,321.1350609595715,8.385265303809142,771.4064694650721,115.64970359274635,2382.469985157283,-19.975935828815985,-56.828232473813834,4634.416081562021,4593.967008
03/11/2017,17.881867118532327,199.26147310115653,4.773504394198146,0.0,0.0,6.050747040032372,3.4133780335095905,410.01314667001236,-98.32290444167225,-127.46660044289393,0.0,0.0,0.0,0.0,0.0,0.0,0.0,191.65026985386308,63.29710284957977,496.8310213534272,10.703386125890024,346.17700958375656,4.764848488265296,771.0448587936479,237.18081831112727,2286.6059128397765,-19.990482627486816,-56.828232473813834,4747.041124570908,4562.103946
03/18/2017,17.453792151072104,203.19343333264638,1.7560741289669972,0.0,0.0,5.764469508925892,2.4914166244132705,414.85288058234204,-98.08752093672723,-129.0561098742827,0.0,0.0,0.0,0.0,0.0,0.0,0.0,234.43257552300307,56.25547928207594,501.4292850509282,10.911710718115852,365.2809677819124,0.0,770.9765707253587,0.2470311819638868,2240.7013523812975,-19.991074356151852,-56.828232473813834,4521.784101332047,4455.631256
03/25/2017,17.149929718923556,204.63992267541673,0.6460235692199862,0.0,0.0,5.5518630100576924,3.149949088777726,410.73497951615764,-98.09342744609607,-130.0134083262022,0.0,0.0,0.0,0.0,0.0,0.0,0.0,245.44700918733844,53.4786741367498,502.2109417276358,11.009572495720263,370.5557375788721,0.020495897695422913,770.916184919784,60.487160290280706,2236.3721646879053,-19.975506072646606,-56.828232473813834,4587.460034181777,4399.667489
04/01/2017,16.576713602224515,202.20323101426578,0.23524095881328264,0.0,0.0,5.489448149176339,1.6511673806801186,412.7782263755392,-98.41574015917493,-130.62188230133674,0.0,0.0,0.0,0.0,0.0,0.0,0.0,264.76696098448843,44.102932252111046,492.6912115271875,10.879379198663107,328.21779400834276,64.0741725642938,771.1404996445607,289.0836733964659,2266.188272378593,-20.00592943162032,-56.828232473813834,4864.207139069459,4531.901533
04/08/2017,13.853189590411526,177.8276958776128,0.04986173904823855,0.0,0.0,6.008718706070112,0.6074302812938291,412.59949723015916,-98.75801922846824,-131.1358004763394,0.0,0.0,0.0,0.0,0.0,0.0,0.0,228.6075667343462,58.07071732009652,484.44266773322335,10.89407262663989,328.4073294216011,44.281679927427724,771.5666585015241,308.3258554533325,2198.46302604361,-19.979026532630716,-56.828232473813834,4737.304888475145,4483.500619
04/15/2017,11.712039527746215,163.1998382265528,0.018343108696907865,0.0,0.0,6.382789718489671,0.22346138938353377,416.8932805141919,-98.98360522807955,-131.6877132965539,0.0,0.0,0.0,0.0,0.0,0.0,0.0,255.001994782826,177.16289034760428,502.7862907046764,10.96234485386358,240.6204525950173,47.14170336045578,772.3785260191795,353.57310951371994,2235.6855309271814,-20.002926835959634,-56.828232473813834,4886.240117755178,4828.095425
04/22/2017,10.043053198490831,154.4215983465198,0.006748052576787044,0.0,0.0,6.652262542926389,0.08220710959370595,397.7142588896967,-98.93044108735096,-131.8738040749855,0.0,0.0,0.0,0.0,0.0,0.0,0.0,283.02730377009533,66.44681593145303,527.727090853346,11.018243117440708,257.05156183580095,46.22264365017647,770.7419674110081,295.74035241692866,2171.6428862389525,-20.00252739876243,-56.828232473813834,4690.903988330093,4370.709907
04/29/2017,8.755321602670799,149.15374210047142,0.0024824698109512542,0.0,0.0,6.846384603824412,0.0302422786267177,396.5553449264762,-98.66909875590824,-131.5240135202676,0.0,0.0,0.0,0.0,0.0,0.0,0.0,252.3848126051866,90.17529867875736,486.76142334787113,11.6416337283969,312.3065612288929,0.500430447102242,771.0542554446579,62.65519838603895,2079.543963832893,-19.99832608454407,-56.828232473813834,4321.347424847145,4228.899091
05/06/2017,8.051343913281958,154.87268126860928,0.0020048696358767764,0.0,0.0,7.94717572713321,0.011126001243331426,395.3262978953796,-97.96989800123515,-130.77240909991517,0.0,0.0,0.0,0.0,0.0,0.0,0.0,240.4109072420612,98.0666046369117,503.69669072189834,11.13368911398932,426.77146863229456,0.06587651260357343,771.0286630670944,61.61540552243655,2106.187751568601,-19.961607367441434,-56.828232473813834,4479.655539750768,4295.971131
05/13/2017,7.580930809128884,159.3539524685393,0.0008188770659745189,0.0,0.0,8.852448482093578,0.0040932642682386215,382.93299506076403,-97.3020507391133,-130.3037727476674,0.0,0.0,0.0,0.0,0.0,0.0,0.0,278.36156784326295,120.41883546711034,498.1594729299862,11.230334756186,431.2075725013241,44.22547097821932,771.9485568632638,242.1155035189905,2126.5357727351793,-20.030900462678066,-56.828232473813834,4778.46337013211,4401.590298
05/20/2017,7.239731784365453,161.7671813581558,0.0003012480374531847,0.0,0.0,9.468886319150181,0.0015053205791520326,355.57799431218393,-96.70282649673516,-129.6896160526679,0.0,0.0,0.0,0.0,0.0,0.0,0.0,269.3315732184185,148.73911468394297,493.6409318310712,10.592039708282112,426.83669636130765,26.13266754026024,771.2829985661638,217.5972331845307,2129.008942586052,-19.99786173625878,-56.828232473813834,4723.999261263026,4447.436072
05/27/2017,6.994377512333742,163.0667397407114,0.00011082295971579746,0.0,0.0,9.888644982350943,0.0005542512734127112,353.84431195139547,-96.40005301233619,-129.39974902142995,0.0,0.0,0.0,0.0,0.0,0.0,0.0,278.4020488845886,141.92023257550582,494.7418589475159,11.17327577970406,457.08991124510476,5.322825534857033,771.3096080666509,267.0641777455904,2173.3681243397127,-20.01387585109315,-56.828232473813834,4831.544892021582,4506.697611
06/03/2017,6.565446192375794,168.24631333931782,4.747528714909241e-05,0.0,0.0,10.20050514429326,0.00020380056551556888,332.4207211910302,-95.8761237449822,-128.99804981411694,0.0,0.0,0.0,0.0,0.0,0.0,0.0,269.82902445529425,146.18418749931905,501.37709087185794,10.64297531471758,464.54266688424735,17.547230057610204,770.7214684720855,108.75730288709002,2095.393895441524,-19.991843115057115,-56.828232473813834,4600.734829878646,4413.752135
06/10/2017,5.892831806279386,176.29101850652043,2.0834114961214506e-05,0.0,0.0,10.446760763223933,7.548169093169218e-05,310.5087778107918,-95.30952142836908,-128.77299719327502,0.0,0.0,0.0,0.0,0.0,0.0,0.0,234.53223937328448,185.08635134009313,470.90286106569124,10.487390012445811,468.61842474878347,4.005825920913601,771.413245068548,1.608709722876446,2108.617664386573,-19.97776147860371,-56.828232473813834,4457.52368426777,4460.941589
06/17/2017,5.389857040574446,180.09348915187186,7.664442572671532e-06,0.0,0.0,10.613855142410305,2.803605663177138e-05,313.02419644769117,-94.62341641355613,-128.20352622675827,0.0,0.0,0.0,0.0,0.0,0.0,0.0,185.47434646330484,160.58191251487716,477.8314059807671,11.019308844634157,446.7835781851799,1.6902095698488417,771.3660427408682,111.36368799981035,2094.2308841499485,-19.94378693370764,-56.828232473813834,4469.8638478844505,4211.631719
06/24/2017,5.018329403398882,181.89079751768355,2.8195909311161226e-06,0.0,0.0,10.727235635990716,9.704788834074708e-06,294.93177897168937,-93.70443405211708,-128.0404140459142,0.0,0.0,0.0,0.0,0.0,0.0,0.0,177.26095623643127,148.0529624359375,467.4016546462715,10.389686098235199,402.4538162311609,0.7599732939977606,771.6221621170653,368.62726009599044,2065.6562097484803,-19.95487411382175,-56.828232473813834,4606.2648802710455,4314.265206
07/01/2017,4.843060552571053,182.1851542463261,1.00908697929944e-06,0.0,0.0,10.781551146909196,3.2349296113582357e-06,286.2640802399915,-92.71766952525255,-127.73968520650182,0.0,0.0,0.0,0.0,0.0,0.0,0.0,225.2433791420678,120.01015402689181,472.80262430526625,10.86149183184295,405.0705510440376,55.54196471886246,771.5757265435896,196.6525557952822,2160.40279725419,-20.009362597382527,-56.828232473813834,4604.940145288894,4508.429177
07/08/2017,5.278677085947668,178.89847069754867,3.117819934309373e-07,0.0,0.0,10.682401816672618,1.0783098704527454e-06,286.3547583668157,-91.84560582310108,-127.8432094917656,0.0,0.0,0.0,0.0,0.0,0.0,0.0,182.31493139001316,119.28062126581355,477.03679928635063,10.439558298539549,411.9011801266047,60.5435883618422,771.4632014521442,225.47017482505774,2111.966726113501,-20.0080464691138,-56.828232473813834,4555.105996219149,4345.235146
07/15/2017,5.569821066697053,177.24725137946987,1.1469821252123383e-07,0.0,0.0,10.614479770238189,0.0,315.5732206246445,-91.25603793459322,-127.60209370295244,0.0,0.0,0.0,0.0,0.0,0.0,0.0,186.20012497713168,12.993429961091625,473.94052391113024,10.537894529583987,417.3950378814334,3.4684608491077955,771.1465632619902,75.33325773882099,2076.8198023268883,-19.95707315497823,-56.828232473813834,4241.196431126588,4241.032521
07/22/2017,5.767715292010961,176.41768202386,4.219510012336009e-08,0.0,0.0,10.56795006309103,0.0,325.80495486033595,-90.71858259362537,-127.79406783434113,0.0,0.0,0.0,0.0,0.0,0.0,0.0,205.1771321239863,80.72759859707843,468.1635090984578,10.18279864731252,369.2706618403115,0.0,771.0985472359715,505.1920245697204,2104.452587503217,-19.931388305434602,-56.828232473813834,4737.550890690333,4379.546043
07/29/2017,5.903586686371317,176.00091072800572,1.552274749481657e-08,0.0,0.0,10.536074875106165,0.0,338.65783543711717,-90.68587638787639,-128.05364182969274,0.0,0.0,0.0,0.0,0.0,0.0,0.0,111.7077886351398,32.77535511198458,469.09159342974374,10.613912283307105,356.57772077347647,62.431504854228756,770.2228513428458,415.740486562477,2095.446184414522,-19.961977503081634,-56.828232473813834,4560.176076955384,4244.434944
08/05/2017,7.221521381877641,176.51685537545356,1.961913302170736e-09,0.0,0.0,9.01361451062416,0.0,324.73839179491875,-90.97208464531938,-128.68838151459448,0.0,0.0,0.0,0.0,0.0,0.0,0.0,92.71945784417166,43.253537694248706,469.55486539330144,10.631497671869406,267.46684571251296,1.0654826687344703,770.3133283389157,435.29212897996797,2124.9121324986577,-19.951179065393827,-56.828232473813834,4436.259782168094,4282.300941
08/12/2017,8.476746564683921,177.06036896408432,1.5165249139364914e-10,0.0,0.0,7.201516604755915,0.0,320.3497216493868,-91.51235278989589,-129.55807326881776,0.0,0.0,0.0,0.0,0.0,0.0,0.0,46.75832514040255,25.021550988631603,474.6904552817214,10.740798905134836,231.64062614160358,62.42262772054515,771.0312058744036,430.87979879016035,2081.72834083772,-19.96855407476457,-56.828232473813834,4350.134870856094,4315.069462
08/19/2017,9.285807072441052,177.32949785905933,5.578642331069414e-11,0.0,0.0,5.8028461935743305,0.0,306.2557039820288,-92.22471396912226,-130.6057692786221,0.0,0.0,0.0,0.0,0.0,0.0,0.0,31.216919508632913,24.785692578218743,479.5737930042359,11.127632317410773,116.30990307503752,1.587641641683721,770.5583767232897,353.68263007525354,2096.9755394489653,-19.942397958512476,-56.828232473813834,4084.8908697998168,4167.543101
08/26/2017,9.82516072058802,177.46275881923935,2.052366771780176e-11,0.0,0.0,4.723279819798018,0.0,290.38400793255437,-93.12732067520358,-131.25948040074263,0.0,0.0,0.0,0.0,0.0,0.0,0.0,24.22877124796647,10.785423524140848,469.5695098091093,11.185909447897716,113.28371044258891,35.97257777743337,771.5551650124869,339.67780410637187,2246.252373595425,-20.023390717797792,-56.828232473813834,4203.668027988063,5078.953031
09/02/2017,9.718969599563948,177.8152887463009,3.493929353272214e-11,0.0,0.0,4.632644158640308,0.0,290.61465195418583,-93.70352091779041,-131.60732142252274,0.0,0.0,0.0,0.0,0.0,0.0,0.0,38.14525367704811,98.09843071948832,532.8621516999835,11.31670273826964,118.59077741579007,14.294932388430915,771.8666784679102,372.75634223708624,2181.5671545090777,-20.01205793366075,-56.828232473813834,4320.128845564023,4485.085528
09/09/2017,8.382439421315102,178.69844263113026,3.8850488943613965e-11,0.0,0.0,6.325619431111005,0.0,301.22428767212205,-94.07064799872359,-131.78290648995963,0.0,0.0,0.0,0.0,0.0,0.0,0.0,53.44515399307247,83.85679331305279,474.40775996895775,11.56047874456655,224.7115974909545,33.19133752397728,770.8706647569396,401.25873268464056,2148.9539191567283,-19.9626841996613,-56.828232473813834,4394.242755626448,4308.520355
09/16/2017,7.355444544196223,179.12939350562672,1.4348237885718248e-11,0.0,0.0,7.493400451303107,0.0,284.35215662535853,-94.46646317685935,-131.6506553058705,0.0,0.0,0.0,0.0,0.0,0.0,0.0,70.44423220942126,71.82706864569305,477.51718967986886,11.474639605111753,242.0591221421472,27.748720431715938,771.2038898747714,337.6782548178495,2146.7695879993125,-19.980210600409894,-56.828232473813834,4332.127538975437,4243.319719
09/23/2017,6.575695887418674,179.3396820727015,5.3209508898004555e-12,0.0,0.0,8.298912666332972,0.0,275.91066263846295,-94.61110051646538,-131.25694881177859,0.0,0.0,0.0,0.0,0.0,0.0,0.0,49.66392487368615,85.15051945789584,474.0038506308896,11.039040822519452,246.25437201858003,32.965263571511585,771.3202409132142,351.79360369496874,2198.407917454795,-19.966916646783982,-56.828232473813834,4388.06048825414,4302.665794
09/30/2017,5.99106842066454,179.44229692619467,1.935381326685272e-12,0.0,0.0,8.854538972596895,0.0,284.1308361573573,-94.74788942069729,-130.83245631172346,0.0,0.0,0.0,0.0,0.0,0.0,0.0,82.1002864332485,86.55933759903346,471.47689278447996,11.117143293936431,255.36996725535653,61.66113436940978,771.491500941489,459.8343610743074,2245.556111878253,-19.950687043415815,-56.828232473813834,4621.226210856679,4376.564418
10/07/2017,6.820875321831639,185.33159782356051,9.811682491830628e-13,0.0,0.0,9.82393452520429,0.0,289.9925956077862,-94.82759249569128,-130.13643059672816,0.0,0.0,0.0,0.0,0.0,0.0,0.0,93.24744741046854,96.28639996110725,478.3131633754816,10.664100694602766,250.7183695889269,46.32260813502592,771.3548230926183,474.3218453493368,2257.1470023333304,-19.966597585385504,-56.828232473813834,4668.585910067663,4488.865886
10/14/2017,7.363582987049884,187.95372440144402,2.452920622957657e-13,0.0,0.0,10.471005962095113,0.0,292.72467561659437,-94.89517277825952,-129.46891337201143,0.0,0.0,0.0,0.0,0.0,0.0,0.0,48.835247182688285,160.2080588420261,478.46478637842546,10.714890519371018,260.2189270593103,70.64209071926477,770.8109596413215,417.50036151559664,2250.8149933852837,-19.970029123283428,-56.828232473813834,4665.560956463104,4494.406118
10/21/2017,7.728085196389031,189.12118868497865,0.0,0.0,0.0,10.902925836096536,0.0,287.3660288453507,-94.88798740768256,-129.27794747123446,0.0,0.0,0.0,0.0,0.0,0.0,0.0,74.08890686094378,80.64396261263286,473.78959440386217,10.561582335023237,267.6733264613526,25.27083936308191,770.9507749232106,367.1603351511865,2270.8797233952155,-19.982116219030274,-56.828232473813834,4535.160990497563,4588.575109
10/28/2017,7.976550509945223,189.64098594363742,0.0,0.0,0.0,11.191232517665368,0.0,290.07956897580743,-94.78366916104132,-129.72098551848197,0.0,0.0,0.0,0.0,0.0,0.0,0.0,49.47872213686074,68.42776341751471,477.11449683572357,10.654332240256208,376.31152166292077,64.38616014617696,771.662205464167,6.716725261676641,2286.35148262877,-19.99749709466052,-56.828232473813834,4308.661363493125,4625.514419
11/04/2017,8.406714332929951,187.79316036718055,0.0,0.0,0.0,11.147502271405738,0.0,301.20403213122796,-94.63251239502705,-130.25815142700995,0.0,0.0,0.0,0.0,0.0,0.0,0.0,132.72794416796944,66.00647288453682,480.95747784456836,10.4663672525939,389.4636556873407,17.659880110208025,769.5966400548461,4.932907460879231,2257.8979370889074,-20.00406410264082,-56.828232473813834,4336.537731256102,4664.874691
11/11/2017,8.886052397955792,185.30685248944403,0.0,0.0,0.0,10.938137484166862,0.0,299.71036559871015,-94.86746016545112,-131.03685880570086,0.0,0.0,0.0,0.0,0.0,0.0,0.0,150.3640661399175,44.26839498633374,468.0769190679992,10.79114747881836,390.8663032010159,44.891980104436094,771.2318764032168,55.10412351062009,2238.123833821487,-19.99704597277249,-56.828232473813834,4375.830455266382,4596.122105
11/18/2017,9.211560345408426,184.12732817886632,0.0,0.0,0.0,10.79475678144311,0.0,300.43195717981035,-94.90621133943087,-131.9333908323296,0.0,0.0,0.0,0.0,0.0,0.0,0.0,147.46008407007866,63.98596894958791,461.8504496730153,11.198720898042456,307.402221192931,10.236562237880666,772.7115633604717,456.9993274399255,2416.508341453667,-20.046630718678966,-56.828232473813834,4849.204376396875,4861.795418
11/25/2017,9.434920830280163,183.56774932457253,0.0,0.0,0.0,10.696564246309832,0.0,310.25921324818233,-94.6291107832793,-132.02134765146582,0.0,0.0,0.0,0.0,0.0,782.5806916178182,0.0,205.806955576893,32.54685699715469,466.9552659959068,10.188958553320592,322.6666207043304,18.709565239672397,772.0459972393492,381.985156372525,2954.475451232653,-20.08068258712824,-56.828232473813834,6158.36059368328,5933.942487
12/02/2017,9.284589064641894,185.7098085430518,0.0,0.0,0.0,10.68484391705362,0.0,318.4458026728044,-94.35439971642361,-131.62491838267772,0.0,0.0,0.0,0.0,0.0,0.0,0.0,155.8080954597235,25.56066180085667,467.69903795803026,11.376228200466308,320.4837287074376,10.060904435058971,770.7436730479109,0.0,2236.2035608315264,-20.00152402391811,-56.828232473813834,4219.251860041729,4454.101785
12/09/2017,8.379218857014665,192.21937738364642,0.0,0.0,0.0,10.81492423678732,0.0,324.4337008502359,-94.30253789210828,-131.33671998666614,0.0,0.0,0.0,0.0,0.0,0.0,0.0,176.64723050756055,73.69506232188654,462.9734134949369,10.7467819911086,432.27849659751274,3.0269533441396437,772.0864865557329,47.24508233853152,2420.9485715780993,-20.045152007465482,-56.828232473813834,4632.982657697139,4959.286864
12/16/2017,7.704628928649763,194.9131083719405,0.0,0.0,0.0,10.902978960953446,0.0,343.6177675948955,-93.9501332714569,-131.1330776067902,0.0,0.0,0.0,0.0,0.0,0.0,0.0,190.9068548629674,92.3025474591442,477.74924934833876,10.70781802955063,438.18772368619506,26.479351117244313,772.5457097317372,60.529637095876396,2541.2549993893495,-20.077066083151735,-56.828232473813834,4865.81386514163,5048.411058
12/23/2017,7.208016475864225,196.0278054214135,0.0,0.0,0.0,10.962585598084274,0.0,346.25415116394214,-93.69986721317099,-130.1634858819425,786.9681296873334,0.0,0.0,0.0,0.0,0.0,0.0,196.2670813252921,64.24333258117333,462.73561944124134,10.556255798137526,443.5838856246419,27.450264122097714,774.3428564015076,7.55589748691792,2970.836191778292,-20.140138905499263,-56.828232473813834,6004.160348431513,6022.953396
12/30/2017,6.846381790422681,196.48907745391963,0.0,0.0,0.0,11.002934748425062,0.0,356.6981557477224,-93.86387894132574,-129.77471047347345,0.0,0.0,0.0,0.0,0.0,0.0,0.0,197.5904089335418,54.02058103891701,472.60239977254474,10.185341569711953,443.7167237848531,10.43194761860823,772.466921825267,61.93296030549853,2459.889024823977,-20.09074299184903,-56.828232473813834,4753.315294532947,5191.775763
01/06/2018,10.52691472780514,193.36636005358682,0.0,0.0,0.0,10.449033356973871,0.0,376.86880887608476,-94.50872444485614,-129.71456615115088,0.0,0.0,0.0,0.0,0.0,0.0,0.0,193.2134062040013,199.67305914056365,490.9845716663559,9.694370349309589,452.74952263410074,138.7268981125075,769.6096905243587,804.6055237629627,2303.7583464899576,-20.016614732740813,-56.828232473813834,5653.158368096006,4772.754075
01/13/2018,13.098251711025988,191.57169066491133,0.0,0.0,0.0,10.589463439423424,0.0,382.0806539095779,-94.67865094695436,-129.48692575042023,0.0,0.0,0.0,0.0,0.0,0.0,0.0,189.66310840516016,395.6481659757473,480.92244928152286,9.283178197891303,425.1170158950118,121.79691389807803,769.2485884143963,747.1447184266007,2322.3371160405823,-19.946446050005676,-56.828232473813834,5757.561059038735,5190.282655
01/20/2018,15.118588665565136,190.34797333423214,0.0,0.0,0.0,11.194556107295803,11.279195648316778,350.12999369114107,-94.96285623571487,-128.98255413274924,0.0,0.0,0.0,0.0,0.0,0.0,0.0,231.43788593463813,459.24811003744196,476.24961289106477,9.15319869040658,397.48450915592275,104.86692968364858,769.4122513168338,689.6839129011166,2340.915885591207,-19.934033991852345,-56.828232473813834,5755.814926814701,5553.255608
01/27/2018,16.809287180010656,189.36662094384087,0.0,0.0,0.0,12.075156199974503,17.595869092526865,333.7814292379385,-95.26339014490945,-128.74392996184062,0.0,0.0,0.0,0.0,0.0,0.0,0.0,196.0415553679649,524.6774781817165,489.7374706075937,8.794323465697074,369.8520024168338,87.93694546921911,769.7066692831172,632.2231075647546,2359.494632218126,-19.90934071513703,-56.828232473813834,5707.347653933613,5536.565667
02/03/2018,18.28508655293736,188.48382154847758,0.0,1117.3217340947256,0.0,13.08769160094722,24.002471423312965,327.15409826941766,-95.58325473846166,-128.25487972364147,0.0,0.0,0.0,0.0,0.0,0.0,0.0,225.0485098797796,480.3833427203272,475.0330469106304,8.741726198016204,342.21949562747676,71.00696131006444,769.9458652986692,574.7623020392705,2378.0734017687505,-19.92950568039715,-56.828232473813834,6712.953682626489,5679.620428
02/10/2018,19.612963653763625,187.63602552615473,0.0,677.6898789308295,0.0,14.131888321279826,21.22111452769288,326.4119884365965,-95.69025198353667,-127.43909196895618,0.0,0.0,0.0,0.0,0.0,0.0,0.0,164.55428878802226,360.3629911889406,472.4742664804303,8.57359729982762,314.5869888883878,54.07697709563499,769.7586520885382,517.3014967029085,2396.6521713193756,-19.897088798132046,-56.828232473813834,6005.190624023944,5741.189768
02/17/2018,20.834701131487325,186.7947949441511,0.0,411.03969783819383,0.0,15.144091281137657,18.350240659867286,329.1039380262431,-96.30548207657836,-126.46704768667446,0.0,0.0,0.0,0.0,0.0,0.0,184.25753370797872,47.417187624903484,248.0104228962166,476.6329879232874,9.208028565617001,286.95448214929877,37.14699288120552,770.1202392878948,459.8406911774245,2415.2309408700003,-19.95404247865875,-56.828232473813834,5616.532166249182,5369.994948
02/24/2018,21.97751041174782,185.94715401096965,0.0,249.3081855166728,0.0,16.08880020565049,15.758197236653238,333.69701327939487,-96.53271165260816,-126.24647497361583,0.0,0.0,0.0,0.0,0.0,0.0,0.0,33.29048785841116,227.09673922227557,472.52859158680315,9.570984024484833,259.32197541020975,20.21700866677605,769.2080521538778,402.37988584106245,2433.809710420625,-19.912802775490167,-56.828232473813834,5150.680073970087,5026.858898
03/03/2018,22.011021950148574,190.07791882787356,0.0,151.21304826604606,0.0,15.527521305075666,12.80311599442425,339.2545214236674,-96.84734593774867,-126.28800479060587,0.0,0.0,0.0,0.0,0.0,0.0,0.0,21.998447364867527,166.8507050461694,471.81097895100623,9.836773441586097,244.24277821231453,8.385265303809142,769.2228473804056,135.59148582441077,2382.469985157283,-19.895705520461853,-56.828232473813834,4641.437125726458,4950.490371
03/10/2018,21.017129476882246,197.19636763759996,0.0,91.71535085164238,0.0,13.496373731482459,9.633283949945245,345.21891502426456,-96.98123883231573,-126.12424960118962,0.0,0.0,0.0,0.0,0.0,0.0,0.0,26.184407987098975,94.22662741005927,468.1115943166733,10.411794614179177,234.49921025305304,4.764848488265296,769.5382024308713,543.5498660523607,2286.6059128397765,-19.904891151616276,-56.828232473813834,4816.3312730052185,4732.079632
03/17/2018,20.302360830041735,199.96302252487268,0.0,55.6281679561621,0.0,12.059708641711135,10.014956041831477,355.9716262753666,-96.97879015247894,-126.33835335776217,0.0,0.0,0.0,0.0,0.0,0.0,0.0,41.885607203049034,27.479478523645376,470.4389498820537,10.617819223161154,273.14523721673066,0.0,769.3562939079882,0.0,2240.7013523812975,-19.92145344974625,-56.828232473813834,4187.497751174111,4617.523177
03/24/2018,19.791883321963482,201.03830970030359,0.0,33.740193665870464,0.0,11.043531449645466,4.750989078510108,341.38917556645384,-96.64826923822187,-126.973560421398,0.0,0.0,0.0,0.0,0.0,0.0,0.0,72.52218008706224,80.93471484764494,469.1850367130113,10.443829124628317,301.0993807515271,0.020495897695422913,770.5965814251065,69.15974765395866,2236.3721646879053,-19.94661982451735,-56.828232473813834,4321.691532013336,4782.588126
03/31/2018,19.429266546870316,201.45623062519016,0.0,20.464453493210833,0.0,10.324772399787454,1.7477914932417777,354.9630472424454,-96.66150363927814,-126.84536947742338,0.0,0.0,0.0,0.0,0.0,0.0,0.0,63.89305035487783,37.12681120339865,479.1767370351986,10.77884552522196,312.878007609458,64.0741725642938,771.1724764244757,0.0,2266.188272378593,-19.96850788411568,-56.828232473813834,4313.370321421632,4900.058989
04/07/2018,16.252826279602868,179.5921573479692,0.0,12.412327152422865,0.0,11.793927447150656,0.6429767661733039,363.67778729648444,-96.49578839708381,-126.75326234575193,0.0,0.0,0.0,0.0,0.0,0.0,0.0,118.40921591401882,53.15642477091898,499.2748714079297,10.413668687677584,216.50773771578068,44.281679927427724,768.9478799340312,819.9146486520191,2198.46302604361,-19.94646212516542,-56.828232473813834,5013.717410001403,4669.061889
04/14/2018,13.757409772093496,166.89346337369872,0.0,7.528462627609272,0.0,12.716109789297263,0.23653805318251422,360.0550478858893,-96.29658145657719,-126.7650600496307,0.0,0.0,0.0,0.0,0.0,0.0,0.0,59.54137786757038,113.45418661095462,475.4075564252326,10.700242592264377,204.3776773659597,47.14170336045578,769.7590589377077,618.8278623370629,2235.6855309271814,-19.931179124874888,-56.828232473813834,4796.261174821264,4596.200039
04/21/2018,11.813992879831117,159.51803678013928,0.0,4.566244239562786,0.0,13.294959599375003,0.08701744992579565,334.5241824442131,-96.07743591077234,-126.63205400629701,0.0,0.0,0.0,0.0,0.0,0.0,0.0,47.59213200817656,86.53010201155027,457.63189397647164,10.697197949135044,283.70914339892994,46.22264365017647,769.2594325095669,56.969660936074206,2171.6428862389525,-19.919765964939117,-56.828232473813834,4154.602037716258,4483.647411
04/28/2018,10.316058263837638,155.23437622540777,0.0,2.769558253690074,0.0,13.658300759896289,0.03201178512413066,326.1724980299796,-95.74982383105672,-126.03547537673236,0.0,0.0,0.0,0.0,0.0,0.0,0.0,50.18066970628144,83.5870117526067,462.6793203070401,10.963023024659801,257.87790205538187,0.500430447102242,769.2486510065763,85.79157303569403,2079.543963832893,-19.929084877481298,-56.828232473813834,4010.012731927087,4382.999463
05/05/2018,10.093569633635598,159.22248364954876,0.0,1.6798151041939855,0.0,13.09932786148657,0.011776222095214433,340.0364614347052,-95.13260048137502,-125.6612247911062,0.0,0.0,0.0,0.0,0.0,0.0,0.0,63.22156220446633,86.19728507049697,475.9803061009848,10.57320014770839,241.62555077324768,0.06587651260357343,768.3681746357095,550.4628999703522,2106.187751568601,-19.886144463108327,-56.828232473813834,4529.317838680433,4455.269168
05/12/2018,10.29158864377511,163.78010301823028,0.0,1.0188667514205862,0.0,12.391972308619597,0.004332649059479131,347.96044726139365,-94.78266049383534,-125.2880412639302,0.0,0.0,0.0,0.0,0.0,0.0,0.0,88.29041369795613,83.07035189785816,479.491467269041,11.024346443010964,374.4951686854831,44.22547097821932,769.7422451133774,6.700309470377862,2126.5357727351793,-19.950609719862612,-56.828232473813834,4222.173312971559,4342.094405
05/19/2018,10.42870299982367,166.17390637745345,0.0,0.6179820511016952,0.0,11.911304627775328,0.0015937419885291577,351.516243664153,-94.38612298254066,-124.94924062586553,0.0,0.0,0.0,0.0,0.0,0.0,0.0,165.12571853609265,84.52357852631201,476.24695687352204,10.493083670514416,396.1596972840417,26.13266754026024,769.2828576329007,390.8643217181806,2129.008942586052,-19.92535442300533,-56.828232473813834,4692.398607324947,4394.682749
05/26/2018,10.52397198095831,167.43120912330886,0.0,0.37481692439091274,0.0,11.58467794632806,0.0005866005695262935,351.87872562929584,-94.01330301048051,-124.90354907603755,0.0,0.0,0.0,0.0,0.0,0.0,0.0,186.91359346669574,99.08935677118627,473.1932354250148,10.374838467600515,388.64170888908825,5.322825534857033,769.2362812270203,346.80274924729287,2173.3681243397127,-19.915300529741653,-56.828232473813834,4699.076316483247,4600.336783
06/02/2018,10.609683042214895,170.29339645995088,0.0,0.22734658193564064,0.0,11.82978426100901,0.00021566197409054907,314.79155404732444,-93.62953621247071,-125.20084822022174,0.0,0.0,0.0,0.0,0.0,0.0,0.0,167.29895073615234,65.72205297086428,473.93869004683205,10.42902141548687,385.3185682267388,17.547230057610204,768.9126640088055,63.17382770030902,2095.393895441524,-19.93430381035642,-56.828232473813834,4259.89395994187,4367.493946
06/09/2018,10.71752572869517,176.8902090969134,0.0,0.13789874641997876,0.0,13.088894577732795,7.979493041350316e-05,302.9575679245021,-93.5774033692522,-125.58298131883897,0.0,0.0,0.0,0.0,0.0,0.0,0.0,166.38473415861046,65.65593366752677,447.7274986814577,10.718228587357927,358.308723750073,4.005825920913601,768.1769007579063,45.70547780160638,2108.617664386573,-19.9153646268976,-56.828232473813834,4183.189181792416,4242.003225
06/16/2018,10.792587028195893,180.02497667735963,0.0,0.08362440872427766,0.0,13.860329935450228,2.9114366502224128e-05,311.94436916624113,-93.2508318944207,-125.99614992478365,0.0,0.0,0.0,0.0,0.0,0.0,0.0,155.8143293822668,60.33386429546495,452.81253892974024,10.691076427630385,325.8788903131107,1.6902095698488417,768.4536912015208,159.88305559401059,2094.2308841499485,-19.932064683042093,-56.828232473813834,4250.487177217819,4285.783541
06/23/2018,10.844923480417211,181.5146029570305,0.0,0.05071675332860091,0.0,14.33297494138283,1.0783098704527453e-05,308.73955442814344,-93.22302546079176,-126.31868581325477,0.0,0.0,0.0,0.0,0.0,0.0,0.0,142.86000160598115,44.084058645001654,456.9432540489055,10.54151782471671,323.3634253698932,0.7599732939977606,768.1209746451507,0.7926103840228522,2065.6562097484803,-19.89179803574566,-56.828232473813834,4032.343067125945,4170.224573
06/30/2018,10.881459019294152,182.22246426262834,0.0,0.030768869555931992,0.0,14.622556345678008,4.3132394818109815e-06,305.5786231210193,-93.16176692410059,-126.3333163213243,0.0,0.0,0.0,0.0,0.0,0.0,0.0,129.7936604999453,27.305750876505503,452.3922064007147,10.79693519053862,327.8223157136157,55.54196471886246,768.4931946910708,530.1018153090965,2160.40279725419,-19.910376647266915,-56.828232473813834,4679.7528242194485,4305.149142
07/07/2018,10.391953973049649,176.98113072149155,0.0,0.018656141829852778,0.0,12.31771635527638,1.0783098704527454e-06,307.13304019188314,-93.26953324153891,-126.25243673207315,0.0,0.0,0.0,0.0,0.0,0.0,0.0,152.82749137989,63.242990285405554,442.43525954449495,10.496732285737066,343.4488960107269,60.5435883618422,768.6758152000004,53.65208246875642,2111.966726113501,-19.912432232883898,-56.828232473813834,4217.869445431886,4198.287121
07/14/2018,10.03995864222739,174.27209514284704,0.0,0.011308036023997029,0.0,10.627028737726393,0.0,267.61966442523,-93.16967344495949,-126.09758042464819,0.0,0.0,0.0,0.0,0.0,0.0,0.0,158.36246494945792,124.0696243142017,464.70552639217294,10.484473401607145,368.02857025023985,3.4684608491077955,768.5448488875471,71.98723531975969,2076.8198023268883,-19.906084172648985,-56.828232473813834,4213.039491158967,4246.769386
07/21/2018,9.788589775438323,172.87190606311526,0.0,0.006861055565121793,0.0,9.38684483587511,0.0,282.08909050270057,-93.83683538552019,-126.17203912892002,0.0,0.0,0.0,0.0,0.0,0.0,0.0,155.87303872875086,126.52520806794044,464.73025095997474,10.2046933710878,376.8323733230391,0.0,768.5707776980777,88.08632288456495,2104.452587503217,-19.894671216196247,-56.828232473813834,4272.686766564897,4249.798656
07/28/2018,9.610041830414005,172.14820350950308,0.0,0.0041716911923734366,0.0,8.477123011068347,0.0,289.8089178482597,-94.4164644148967,-126.46785012419014,0.0,0.0,0.0,0.0,0.0,0.0,0.0,136.64312371162552,125.96594896054413,459.30287209771313,10.482505957275196,368.98247049228047,62.431504854228756,768.9304167158343,344.5200464710686,2095.446184414522,-19.922229941006833,-56.828232473813834,4555.1187546116225,4185.613603
08/04/2018,10.241899317681192,172.87807270278518,0.0,0.0025199555933626337,0.0,7.800809078843811,0.0,290.3944734740645,-95.22796413147132,-126.68821837209491,0.0,0.0,0.0,0.0,0.0,0.0,0.0,134.80324854681038,93.7218509375648,458.41729880728394,10.770288671903531,378.4702749764966,1.0654826687344703,768.3411895821429,72.0935218947587,2124.9121324986577,-19.897721833853137,-56.828232473813834,4225.270926302088,4205.623272
08/11/2018,11.199943461458426,174.06274695755027,0.0,0.0015246790144715094,0.0,7.297556761665976,0.0,281.0810047227604,-96.04584699457617,-126.71140475469169,0.0,0.0,0.0,0.0,0.0,0.0,0.0,10.378415744091344,138.27306219775133,453.38086125099744,10.9746506369532,247.73181325759333,62.42262772054515,768.4802302858055,156.27734972987608,2081.72834083772,-19.910487749003885,-56.828232473813834,4103.794156271698,4171.507111
08/18/2018,11.839179519291504,174.65924687442654,0.0,0.0009317482866214781,0.0,6.92810514724228,0.0,295.9917742664355,-96.87449226377288,-126.74995157723089,0.0,0.0,0.0,0.0,0.0,0.0,0.0,11.753863679428031,85.3773316949665,453.38526129336174,10.995108895752779,253.3545681631121,1.587641641683721,767.966974410488,0.0,2096.9755394489653,-19.901600830944464,-56.828232473813834,3870.4612496376785,4245.636687
08/25/2018,12.273258423530436,174.959592998006,0.0,0.0005717546304268161,0.0,6.656880024045973,0.0,287.5685896157372,-97.03592475982761,-126.50689625298745,0.0,0.0,0.0,0.0,0.0,0.0,0.0,13.23686650624023,116.97610860688945,451.1408938114008,11.127702029765006,255.49128902167374,35.97257777743337,769.36428223495,75.52858296063411,2246.252373595425,-19.907501431985978,-56.828232473813834,4156.271014441747,4249.034772
09/01/2018,12.374391289546363,175.1648103963303,0.0,0.0003388175587714466,0.0,7.580197704629407,0.0,290.4670996140728,-97.00454384320773,-125.98110367596006,0.0,0.0,0.0,0.0,0.0,0.0,0.0,2.5086014508086953,72.47732403311791,425.54037356246204,11.322107468214403,251.11964378158495,14.294932388430915,768.5160330127179,94.21591883648284,2181.5671545090777,-19.90742655022919,-56.828232473813834,4007.4276203218246,4185.286867
09/08/2018,11.222276369773311,175.5906654847522,0.0,0.0002117609742321541,0.0,13.618456295696138,0.0,279.42394277883733,-96.63742997625542,-125.51030514929099,0.0,0.0,0.0,0.0,0.0,0.0,0.0,47.76924642777802,54.83905413153694,447.35960067825243,11.410997049559965,264.848447029545,33.19133752397728,768.3859508148059,393.1683007216066,2148.9539191567283,-19.89564915566123,-56.828232473813834,4350.910789468803,4142.359117
09/15/2018,10.36656294554372,175.80394998016163,0.0,0.00012705658453929244,0.0,16.63205718311761,0.0,286.6448340112135,-96.39274468481125,-125.23334091643997,0.0,0.0,0.0,0.0,0.0,0.0,0.0,32.283038629161084,82.35541637103663,453.9907884314819,11.282232060008885,275.6645677675014,27.748720431715938,768.4569616429214,75.90612724830407,2146.7695879993125,-19.89781462211698,-56.828232473813834,4065.5528390608833,4174.942516
09/22/2018,9.738456366482232,175.91077439606417,0.0,8.470438969286165e-05,0.0,18.136098557262436,0.0,263.28401361371124,-95.95528012848283,-124.84748303487245,0.0,0.0,0.0,0.0,0.0,0.0,0.0,59.52362302488367,104.0825566232896,455.4358960455104,10.73984184078515,259.125523123098,32.965263571511585,769.9320167788626,398.54967322749496,2198.407917454795,-19.913901583877784,-56.828232473813834,4458.286842107093,4318.40553
09/29/2018,9.28223345737956,175.96427522638197,0.0,4.235219484643082e-05,0.0,18.886742105647244,0.0,276.5834918732339,-95.62929160966225,-124.65713273014698,0.0,0.0,0.0,0.0,0.0,0.0,0.0,42.893608805182694,83.47335892025295,456.5506965621247,10.599083715759864,255.27852980230867,61.66113436940978,770.2782219500048,88.02088666579333,2245.556111878253,-19.92564174105039,-56.828232473813834,4197.988119129253,4338.865776
10/06/2018,10.650099428121353,185.52802683720554,0.0,2.117609742321541e-05,0.0,17.60352022371296,0.0,255.99669407226207,-95.2949107655249,-124.52524767868634,0.0,0.0,0.0,0.0,0.0,0.0,0.0,69.85926932570302,111.08454150396672,450.63174351182744,10.473255676199923,259.75453639273974,46.32260813502592,768.9359326516897,56.46854432081643,2257.1470023333304,-19.914626390447545,-56.828232473813834,4203.892778280226,4456.322506
10/13/2018,11.79301584343159,191.01895788843072,0.0,2.117609742321541e-05,0.0,16.50062409640901,0.0,270.22113962297925,-95.07592163963488,-124.30147240542338,0.0,0.0,0.0,0.0,0.0,0.0,0.0,101.09015597724947,50.31933921595804,450.1641453067693,10.590144421987523,293.8032651604563,70.64209071926477,768.607331531149,55.51105736013142,2250.8149933852837,-19.91799301725739,-56.828232473813834,4244.952662169468,4393.062237
10/20/2018,12.550806557505936,193.34420692369082,0.0,0.0,0.0,15.817000567249053,0.0,264.130264162871,-94.83149357723869,-124.7148866047882,0.0,0.0,0.0,0.0,0.0,0.0,0.0,104.89415075048076,41.1505902249766,453.1677316784163,10.598716900936429,294.86435684003357,25.27083936308191,769.1348505994652,64.05958067897068,2270.8797233952155,-19.91315927776704,-56.828232473813834,4223.575046709286,4483.72132
10/27/2018,13.063559641173024,194.3207367803043,0.0,0.0,0.0,15.39326055201427,0.0,271.64038929270987,-94.76023523212399,-125.35711030620467,0.0,0.0,0.0,0.0,0.0,0.0,0.0,82.09768238965444,54.69850949297502,456.0820312081986,10.535073710597459,282.08478393890346,64.38616014617696,769.1306178032982,123.45813571239766,2286.35148262877,-19.916002342728486,-56.828232473813834,4326.3808429423025,4433.252872
11/03/2018,12.922501897685178,193.76740580284974,0.0,0.0,0.0,14.861734035863698,0.0,273.61401242153266,-94.40993971223462,-125.84772413940408,0.0,0.0,0.0,0.0,0.0,0.0,0.0,105.95620598479398,35.32822634812167,448.9680548239331,10.644618066055267,325.9824272686041,17.659880110208025,769.5403462130333,67.96273765548675,2257.8979370889074,-19.907801976428296,-56.828232473813834,4238.112389415194,4473.708694
11/10/2018,12.143153119603259,192.21634945279055,0.0,0.0,0.0,14.128689602447071,0.0,269.66235905573063,-94.16615518160145,-126.22695270598247,0.0,0.0,0.0,0.0,0.0,0.0,0.0,187.76736466869085,149.63102625651362,453.96126576153875,10.496633464041816,356.09313243311004,44.891980104436094,768.2088853618438,128.28256278285085,2238.123833821487,-19.947172484439715,-56.828232473813834,4528.438723039247,4603.464207
11/17/2018,11.57718015577669,191.52295328679364,0.0,0.0,0.0,13.650033546339163,0.0,262.5308645647172,-93.8458262932752,-127.03413617316289,0.0,0.0,0.0,0.0,0.0,0.0,0.0,165.99898060983716,88.00257231784116,456.34519637175123,10.579718551399871,393.09009322528624,10.236562237880666,770.2739422097029,52.71825467271976,2416.508341453667,-20.00261571039951,-56.828232473813834,4545.323882553062,4978.828959
11/24/2018,11.169779857971612,191.2170485714479,0.0,0.0,0.0,13.337485499651716,0.0,265.73583478473284,-93.3108870561313,-127.00112151978715,0.0,0.0,0.0,0.0,0.0,782.5806916178182,0.0,192.66336117756694,87.41864182860247,463.6532101032526,10.140136989410133,385.1566852285006,18.709565239672397,770.784170188317,103.6470935328628,2954.475451232653,-20.046380434546233,-56.828232473813834,5953.502534368182,5890.605558
12/01/2018,11.32443545647211,192.3195822011169,0.0,0.0,0.0,13.283622097695899,0.0,261.1489948926345,-92.84271333278737,-126.44819102160086,0.0,0.0,0.0,0.0,0.0,0.0,0.0,151.41507391655898,91.83210532638032,459.93808345412384,11.178417618184492,339.0579780276483,10.060904435058971,767.9240518231101,63.68283070378291,2236.2035608315264,-19.930814076310554,-56.828232473813834,4313.319689879781,4435.137432
12/08/2018,13.883628824198507,199.5970195363687,0.0,0.0,0.0,14.119621956123218,0.0,252.98490745454828,-92.73319237300898,-126.25265692385652,0.0,0.0,0.0,0.0,0.0,0.0,0.0,132.49914342854666,52.13149333124833,453.9369129873798,11.000705297674887,367.67197926374683,3.0269533441396437,769.851992676839,342.4502383522757,2420.9485715780993,-19.989843487274683,-56.828232473813834,4738.299242773235,4753.293102
12/15/2018,15.5005939375921,202.34052921558697,0.0,0.0,0.0,14.626475536152654,0.0,240.02593459528626,-92.6448756346277,-126.24184142292279,0.0,0.0,0.0,0.0,0.0,0.0,0.0,178.8272095478412,145.28343534825487,448.029085969349,10.815424760096416,390.32127264319774,26.479351117244313,771.469288541641,122.0526186873485,2541.2549993893495,-20.058216635711236,-56.828232473813834,4811.2530531218645,5006.523911
12/22/2018,16.56830697474619,203.36793323404407,0.0,0.0,0.0,14.933772984869105,0.0,238.957891770926,-92.73553770675278,-125.82910823024697,786.9681296873334,0.0,0.0,0.0,0.0,0.0,0.0,172.24872469076618,112.22801893338988,459.5568006473335,10.730123600830728,399.0550825826139,27.450264122097714,773.5794743512203,14.926493219059989,2970.836191778292,-20.118845423328455,-56.828232473813834,5905.895484743381,5512.773288
12/29/2018,17.28913009297263,203.75454830795968,0.0,0.0,0.0,15.120082405727885,0.0,272.35439442850435,-93.02178548162499,-125.78933486340235,0.0,0.0,0.0,0.0,0.0,0.0,0.0,170.35633464680433,76.15632049344903,429.48638185556456,10.182325804855912,409.82967694346047,10.43194761860823,771.7256582865576,573.4519107423574,2459.889024823977,-20.070632356559187,-56.828232473813834,5124.317751275399,5122.477685
01/05/2019,17.55668913996421,204.2329564597242,0.0,0.0,0.0,13.666683259869696,0.0,281.9970237615059,-93.1300893543885,-126.17790722951274,0.0,0.0,0.0,0.0,0.0,0.0,0.0,176.2085280723749,192.07649395748592,486.2925394968995,10.188162495145411,418.85625261695907,138.7268981125075,769.1988119833176,619.8203557835707,2303.7583464899576,-20.00491547565819,-56.828232473813834,5336.43859709591,4622.696656
01/12/2019,18.113881487198235,202.05705088243397,0.0,0.0,0.0,12.77331896188047,15.166287069324834,267.2473924607032,-93.18718600072502,-126.12837523297097,0.0,0.0,0.0,0.0,0.0,0.0,0.0,176.8215436075381,323.7095826841269,480.61668881628464,10.046995080375261,402.8015464308006,121.79691389807803,765.4400733390904,543.2717377258407,2322.3371160405823,-19.886500558419126,-56.828232473813834,5366.169834218328,4683.228105
01/19/2019,18.858702648147585,198.66325489506283,0.0,0.0,0.0,12.270965111999121,23.747097453313383,287.8155056242965,-93.11169374983815,-125.96446050078761,0.0,0.0,0.0,0.0,0.0,0.0,0.0,167.88344015739892,325.3780671191552,442.7073347386299,9.53518957479602,386.7468401943741,104.86692968364858,767.5512997436607,466.72311985723286,2340.915885591207,-19.888707535413964,-56.828232473813834,5257.870538133069,5090.057564
01/26/2019,19.71933888426718,194.49100004023617,0.0,0.0,0.0,12.038357652183624,85.7199218152996,301.99197159971953,-93.06368801105293,-125.78547187961277,0.0,0.0,0.0,0.0,0.0,0.0,0.0,180.09818009776805,376.48018816200124,449.65621940420345,9.175380846856143,370.69213400821553,87.93694546921911,768.1678953080208,390.174501799503,2359.494632218126,-19.90406643487646,-56.828232473813834,5310.2552085062625,5287.85444
02/02/2019,20.647154097159394,189.6373770439344,0.0,0.0,1842.9106986030522,11.989262343055122,44.8131057326206,312.23767776224264,-93.35180784436845,-125.16687894715695,0.0,0.0,0.0,0.0,0.0,0.0,0.0,187.5779007696206,343.18813207629836,454.5943260842699,9.187942963240689,354.6374277717891,71.00696131006444,767.5772442022362,313.6258839308951,2378.0734017687505,-19.893719526042748,-56.828232473813834,7006.463857667848,5360.305148
02/09/2019,21.610083277346902,184.0660950470702,0.0,0.0,677.9689517580808,12.062905991346545,32.56162718848308,320.06540955884327,-93.89182064316162,-124.2730312607837,0.0,0.0,0.0,0.0,0.0,0.0,0.0,160.58493724656873,382.8062594181375,452.45047967896625,8.837596498946965,338.5827215856305,54.07697709563499,768.0366708028254,237.07726587316523,2396.6521713193756,-19.910859919474433,-56.828232473813834,5752.536208043189,5354.95324
02/16/2019,22.587419622412597,177.67396315076812,0.0,0.0,249.41084176811117,12.216858814434655,32.50437971746074,326.3973463290841,-94.22055052604767,-123.66822950105984,0.0,0.0,0.0,0.0,0.0,0.0,184.25753370797872,53.48768670510865,341.9268076796083,453.1410765497514,9.045088076440823,322.528015349204,37.14699288120552,769.7257598979919,160.52864800455734,2415.2309408700003,-19.965917341600353,-56.828232473813834,5273.126429281597,5358.829188
02/23/2019,23.566050539458974,170.30858534887838,0.0,0.0,91.75311658941187,12.421786033084818,26.9124512769004,331.79134647159714,-94.53391321844776,-123.69005407895531,0.0,0.0,0.0,0.0,0.0,0.0,0.0,49.4285351148663,255.03740811049394,462.8763222407845,9.689687502203503,306.4733091630454,20.21700866677605,766.644855442151,83.98002994682749,2433.809710420625,-19.88518646498075,-56.828232473813834,4749.972816630907,4893.461262
03/02/2019,24.198396913903757,172.5274038454204,0.0,0.0,33.75409290188432,13.704204743857689,23.90759740767105,336.5826826158879,-94.77700195283295,-123.89253337119122,0.0,0.0,0.0,0.0,0.0,0.0,0.0,96.60765002694396,118.47168777417265,449.305709233167,9.952803135982217,275.5686061963808,8.385265303809142,767.1906123068903,7.559263858866286,2382.469985157283,-19.891474090754347,-56.828232473813834,4424.796719533529,4934.316701
03/09/2019,24.543353674194147,188.0713262818076,0.0,0.0,12.417439813269958,16.832358705464127,24.442994432998898,340.9719586047552,-94.54841362470721,-124.2265881905372,0.0,0.0,0.0,0.0,0.0,0.0,0.0,66.041544140794,63.86803974438147,453.606425048794,10.208018231866562,252.4005472779229,4.764848488265296,768.0188320315491,3.800766315120224,2286.6059128397765,-19.886211002060687,-56.828232473813834,4221.104920339841,4602.004344
03/16/2019,24.78291177741065,193.42548840417822,0.0,0.0,4.56812410812465,18.37060974906366,24.069605917537483,341.90520932916337,-94.79286347694227,-124.8639998658322,0.0,0.0,0.0,0.0,0.0,0.0,0.0,57.1092011507265,56.16773140065665,446.6808059021346,10.218121335889759,208.04850655579455,0.0,766.0999279237956,292.6746844796797,2240.7013523812975,-19.895183179511665,-56.828232473813834,4388.442001419352,4544.061738
03/23/2019,24.949687727789417,195.6315280478155,0.0,0.0,1.680508498048255,19.12703569166749,14.818042583422638,325.746466851968,-95.4386189552727,-126.03049250136466,0.0,0.0,0.0,0.0,0.0,0.0,0.0,85.60576311810718,70.75497374773379,447.15306227824743,10.473853978047007,235.6785070842752,0.020495897695422913,767.4466690909073,76.37369361728992,2236.3721646879053,-19.91172370495692,-56.828232473813834,4213.623385265512,4408.651111
03/30/2019,25.065989956862094,196.5404661178355,0.0,0.0,0.6182257727535688,19.49900361696818,5.451253213170954,319.2828154514611,-96.36229682465644,-127.36928428730228,0.0,0.0,0.0,0.0,0.0,0.0,0.0,57.25936766465012,80.42738899902677,446.68109215650856,11.13148803941565,201.7192703988352,64.0741725642938,767.6262773511786,0.0,2266.188272378593,-19.929972063512782,-56.828232473813834,4161.075298032268,4340.145056
04/06/2019,21.57308357353399,176.35039303035214,0.0,0.0,0.22742529002680115,16.23673129882402,2.0054040345324204,344.57051253494456,-97.03299718602472,-128.77739353555424,0.0,0.0,0.0,0.0,0.0,0.0,0.0,22.178797111358563,55.554030777328215,434.83150169396333,11.24563746302501,158.71551237154137,44.281679927427724,767.8682195986244,0.876259053279189,2198.46302604361,-19.926447533867975,-56.828232473813834,3952.4131430731113,4207.962331
04/13/2019,18.190268058554757,161.54956913718163,0.0,0.0,0.08366840491546132,13.058925860128344,0.7377472640676548,360.1745116133119,-97.85102593210088,-130.33199172758108,0.0,0.0,0.0,0.0,0.0,0.0,0.0,22.433559376309912,82.95871389502153,440.3551935889856,11.643726249170003,151.9106707619889,47.14170336045578,767.4292606408679,68.11681536483138,2235.6855309271814,-19.94696004815144,-56.828232473813834,4076.5116543213244,4162.438488
04/20/2019,15.54828806403067,152.59263456373594,0.0,0.0,0.030791491233418993,10.653523253992676,0.2714019679139924,343.8520413150937,-97.85974420227896,-131.58564900783006,0.0,0.0,0.0,0.0,0.0,0.0,0.0,10.381138153303304,42.50315761551365,433.19005588907703,12.034968425880553,159.2073141668349,46.22264365017647,767.6120219822025,418.50431575649026,2171.6428862389525,-19.994832484320543,-56.828232473813834,4277.978724366188,4343.175957
04/27/2019,13.50516630068477,147.15583454632375,0.0,0.0,0.011315517194407442,8.832781879137443,0.0998428675249606,329.9909087535634,-97.8149818343187,-131.98289541635074,0.0,0.0,0.0,0.0,0.0,0.0,0.0,26.422599065542723,33.525694071749896,469.10829706398346,11.48023669634264,166.77337382971015,0.500430447102242,767.6515958879548,72.47002601132101,2079.543963832893,-19.94686909123491,-56.828232473813834,3820.4990879553106,4025.930005
05/04/2019,11.782763308039753,154.85568792983028,0.0,0.0,0.0041751174553788465,9.893753183798266,0.03673046911723187,302.2854142318572,-97.57156849359087,-131.58942463199503,0.0,0.0,0.0,0.0,0.0,0.0,0.0,57.817224821866645,48.89575936468476,438.87204401223323,11.708894169759969,297.4074289570904,0.06587651260357343,766.0913449711245,0.0,2106.187751568601,-19.912130671026407,-56.828232473813834,3900.0034923476364,4048.508274
05/11/2019,10.3387104162008,161.4865266320692,0.0,0.0,0.0015419467874978694,10.213696539174805,0.013512300986643353,294.1629316104302,-97.50277811232037,-131.12563475648295,0.0,0.0,0.0,0.0,0.0,0.0,0.0,100.92401010490781,108.86876358173562,440.8981006360892,11.675121548399389,322.3594632479788,44.22547097821932,768.0040759251336,63.01154209531497,2126.5357727351793,-19.9887975844761,-56.828232473813834,4157.273797371514,4179.72301
05/18/2019,9.242275976945365,164.96925024077194,0.0,0.0,0.0005693341984607517,10.43110673000124,0.004971008502787156,286.1699171736275,-97.22466256990953,-130.6534198277185,0.0,0.0,0.0,0.0,0.0,0.0,0.0,85.44944159205215,83.90218865564272,448.66115213052313,11.714886969665182,307.5566745839342,26.13266754026024,768.2967491344019,4.406940212249798,2129.008942586052,-19.973426679514557,-56.828232473813834,4031.2679923178725,4096.318924
05/25/2019,8.420183451299854,166.79848481412012,0.0,0.0,0.00021350032442278192,10.578842849473123,0.0018288135402878562,273.7765500016665,-97.31876147550051,-130.38964477346994,0.0,0.0,0.0,0.0,0.0,0.0,0.0,102.0753524703322,81.49656445013471,450.6139464625858,11.82297573734571,311.0784592172617,5.322825534857033,765.3707055556977,60.50457842828321,2173.3681243397127,-19.94999540458072,-56.828232473813834,4116.74300149927,4100.983451
06/01/2019,7.691053759390276,169.97044178598085,0.0,0.0,7.116677480759397e-05,11.166217282208477,0.0006728653591625131,262.2591518709712,-97.22745392609107,-130.24523853626246,0.0,0.0,0.0,0.0,0.0,0.0,0.0,94.53092526068805,79.45936621347246,443.2332599164264,11.727267178631033,303.61602699224136,17.547230057610204,765.7815762727164,377.64196919307267,2095.393895441524,-19.930485858175512,-56.828232473813834,4335.787714462725,3952.905883
