Period,TAS_SPD__APL_0.85|0.6|0,DEP_ALL__PVAL_3|3,LTV_30B_17__PVAL_3|5,LTV_30B_18__PVAL_4|5,LTV_30B_19__PVAL_4|5,MAS_SPD__PVAL_5|3,SUP_VID__PVAL_3|5,IRI_pctTD__PVAL_5|3#LAG_2,IRI_BAS_PRC_1500ML__RA_5,IRI_BAS_PRC_750ML__RA_5,HOL_CHR_NEW,HOL_LAB,HOL_MEM,HOL_MOT,HOL_NWY,HOL_THK,HOL_VAT,IRI_BAV_1500ML,IRI_BAV_750ML,IRI_TRD_DESEA,IRI_WBR,IRI_pctAT,IRI_pctFD,IRI_pctTA,IRI_pctTF,SEA_IRI_CORE_1,WBR_TRD,Intercept,Predicted,IRI_EVO
06/11/2016,0.998007150850345,31.571593864675783,0.0,0.0,0.0,3.531540433731983,0.0,0.0,-13.130637303561752,-0.0,0.0,0.0,0.0,0.0,0.0,0.0,0.0,0.0,0.0,0.14044435932625002,0.0,0.0,0.0,122.73186611356402,0.0,331.1668138988044,-0.0,-84.26361889910791,392.7460096182831,1.106693
06/18/2016,1.4435661510640254,46.29641513420348,0.0,0.0,0.0,3.7046612821612532,0.0,0.0,-19.681790905372697,-7.9282457083833755,0.0,0.0,0.0,0.0,0.0,0.0,0.0,0.0,0.0,0.15730484310452864,0.0,0.0,0.0,0.0,0.0,328.51188150228717,-3.3139484642739157,-84.26361889910791,264.9262249356826,0.0
06/25/2016,1.759328277546571,53.16399256227518,0.0,0.0,0.0,3.713147897914411,0.0,0.0,-24.046754836923412,-13.005614503178112,0.0,0.0,0.0,0.0,0.0,0.0,0.0,0.0,0.0,0.08019758028056859,0.0,0.0,0.0,0.0,0.0,322.4313284400884,-3.140571699371449,-84.26361889910791,256.69143481952426,0.0
07/02/2016,2.0677448579206237,55.45166865193336,0.0,0.0,0.0,3.6751120245016007,0.0,0.0,-24.49551080031611,-19.654238412896564,0.0,0.0,0.0,0.0,0.0,0.0,0.0,2.476988867941238,0.0,0.04954664580773463,2.0315971046531462,0.0,0.0,155.51149819966344,0.0,355.90511938501885,-4.076528903572628,-84.26361889910791,444.67937872154687,99.644359
07/09/2016,2.458823824833596,54.2238632044327,0.0,0.0,0.0,3.4057795691963766,0.0,0.0,-32.81341109760914,-26.556902130870156,0.0,0.0,0.0,0.0,0.0,0.0,0.0,6.039727618728682,0.0,26.030399092546915,3.00511566295822,0.0,0.0,177.61592649400401,49.35562411637835,454.47333578976884,-4.567014606389751,-84.26361889910791,628.4076486388708,718.31876
07/16/2016,2.761066386162427,53.56480259965128,0.0,0.0,0.0,3.3217958677465655,0.0,3.67493653370016,-41.10094673615605,-33.51325472625473,0.0,0.0,0.0,0.0,0.0,0.0,0.0,4.543662605157962,0.0,127.33722246695845,3.0025324290932773,87.24580964627953,0.0,177.6696662647976,71.28342635879841,454.5744731718023,-4.568197794472781,-84.26361889910791,825.5333761741566,733.478718
07/23/2016,3.0015630531098347,53.211033071084906,0.0,0.0,0.0,3.2956079329772217,0.0,8.431375803523506,-41.51236956123772,-33.89550013160414,0.0,0.0,0.0,0.0,0.0,0.0,0.0,1.3861182468105573,0.0,130.07310271660506,3.3839600323895067,49.797586992394095,0.0,177.89058250293985,0.0,437.1347264393769,-4.568112066802313,-84.26361889910791,703.3660561324593,613.7036
07/30/2016,3.196294129402258,53.02113637379581,0.0,0.0,0.0,3.2874419636619736,0.0,28.858376156197743,-41.47937930543361,-33.941421853386395,0.0,0.0,0.0,0.0,0.0,0.0,0.0,13.401977493327294,0.0,122.28293341706919,2.972243549240075,90.53111578321642,12.58290081741474,177.802647301404,110.46751018633275,445.986147695986,-4.5676370916387485,-84.26361889910791,900.1386677174817,673.836545
08/06/2016,3.037978623368067,55.626217053105826,0.0,0.0,0.0,3.321345387390155,0.0,28.498264173340548,-41.42463699668585,-33.999777862059744,0.0,0.0,0.0,0.0,0.0,0.0,0.0,2.046540118970114,0.0,122.47175539084817,3.182959308248555,38.27485710024103,8.072417384818731,177.77861807980133,36.76702705891633,451.8268288836577,-4.567997504291725,-84.26361889910791,766.6487773005614,649.597043
08/13/2016,2.8420479636004283,57.277541342036365,0.0,0.0,0.0,3.3367962643815514,0.0,38.8592004794154,-41.25546013931473,-33.68355294995815,0.0,0.0,0.0,0.0,0.0,0.0,0.0,1.9329636774858487,0.0,121.20504235590505,3.153819372875926,57.839726377500554,0.0,177.47820982368282,2.589842650156956,448.3852916529224,-4.5683729969720215,-84.26361889910791,751.1294769746105,615.386644
08/20/2016,2.6681364806142662,58.05635423126642,0.0,0.0,0.0,3.3411935074221693,0.0,43.713375599174924,-41.07266655607132,-33.29585589946152,0.0,0.0,0.0,0.0,0.0,0.0,0.0,3.0940165303123948,0.0,120.57383811573492,3.4964057545491127,53.14432089134679,0.0,177.70519784635349,2.1158880812428555,468.25351669766684,-4.568161282527843,-84.26361889910791,772.9619410985156,610.639578
08/27/2016,2.5141406247100657,58.42366577219025,0.0,0.0,0.0,3.342444925495841,0.0,51.94088062139622,-40.825368457881936,-33.10141775458504,0.0,0.0,0.0,0.0,0.0,0.0,0.0,35.37669286137845,0.0,119.17832822621041,3.1144754230365113,245.64569508855703,0.0,177.52901758525132,0.0,453.8130030715807,-4.56810557782086,-84.26361889910791,988.119833510411,664.761446
09/03/2016,2.3745242507526267,58.459661583835484,0.0,0.0,0.0,3.46015861215629,0.0,58.911940307848546,-40.61737447587689,-32.927114544634186,0.0,0.0,0.0,0.0,0.0,0.0,0.0,41.549022892621736,0.0,118.26964735090864,2.9096480421447892,298.8817481583025,0.0,177.86366784037102,1.831844436806002,477.68756192823895,-4.5682060656392816,-84.26361889910791,1079.8231114187283,717.057137
09/10/2016,2.246423116311806,58.29246818123795,0.0,0.0,0.0,3.5837497615911786,0.0,57.178729080474575,-40.37220767658829,-32.76746633233102,0.0,0.0,0.0,0.0,0.0,0.0,0.0,56.421112373206086,0.0,119.75679396119315,2.7917813115856784,328.7703461548141,0.0,177.6390243504283,2.309114982200269,453.92685480736094,-4.567436298790115,-84.26361889910791,1100.9456688735866,685.433106
09/17/2016,2.1335801199332582,58.21235339686755,0.0,0.0,0.0,3.6003310416454175,0.0,67.00484833575413,-40.27717416633978,-32.73542685700506,0.0,0.0,0.0,0.0,0.0,0.0,0.0,73.46917481016398,0.0,113.26833422250193,2.557477197113143,328.8945127724725,5.438783043655445,177.71732708671522,82.16851677203525,491.60809943239104,-4.568052249360606,-84.26361889910791,1244.2290660594356,738.38401
09/24/2016,2.034438700403121,58.17396494791168,0.0,0.0,0.0,3.6025556299494266,0.0,67.42925389058837,-39.958835990090314,-32.41150329216766,0.0,0.0,0.0,0.0,0.0,0.0,0.0,65.68140947688825,0.0,117.00731237778646,2.6063842502230288,336.14842670328693,0.0,177.84743163778992,16.83861859279788,487.4545268946765,-4.568235403146979,-84.26361889910791,1173.6221295177886,756.238433
10/01/2016,2.005478392629977,58.414000776738106,0.0,0.0,0.0,3.5941064380224144,0.0,69.36369820406696,-39.68510786159607,-32.09259076232382,0.0,0.0,0.0,0.0,0.0,0.0,0.0,72.82823900864766,0.0,116.80103132554933,2.54566908846268,324.8570907167925,0.0,177.86527802747753,92.24360865900364,496.42964799921657,-4.568128472044156,-84.26361889910791,1256.3384026415351,785.457182
10/08/2016,2.309731517058955,60.00301496591699,0.0,0.0,0.0,3.529413267976399,0.0,73.00016851511174,-39.195263039823786,-31.68846667982851,0.0,0.0,0.0,0.0,0.0,0.0,0.0,45.57504787216127,0.0,116.93258414035644,2.4708720889177713,314.7041067290909,0.0,178.01339733040666,0.0,502.1321511442284,-4.5679446328019955,-84.26361889910791,1138.9551943196632,798.059247
10/15/2016,2.5486695250077074,60.69987766610283,0.0,0.0,0.0,3.516976874527864,0.0,69.57312066787621,-38.58666342601796,-31.234411441523967,0.0,0.0,0.0,0.0,0.0,0.0,0.0,39.914152642125266,0.0,116.7865196799126,2.471940594326107,290.9526492486308,6.3859441550624005,177.9291714698025,13.864207695979529,501.6026891274881,-4.56815205172324,-84.26361889910791,1127.5930735284685,815.422497
10/22/2016,2.740574511459827,61.005486711223625,0.0,0.0,0.0,3.5145861214207583,0.0,67.0001295050088,-37.930411835703545,-30.7475442495937,0.0,0.0,0.0,0.0,0.0,0.0,0.0,20.43257223028337,0.0,115.26014668477382,2.448105544964153,233.93083148513276,0.0,177.89940897909202,0.0,509.14965548627174,-4.568200399204773,-84.26361889910791,1035.871721876021,819.470936
10/29/2016,2.8969020938199597,61.13951139205084,0.0,0.0,0.0,3.5141265206555596,0.0,72.3860814684764,-37.45126739982227,-30.484170104388838,0.0,0.0,0.0,0.0,0.0,0.0,0.0,13.133739418998138,0.0,116.57558167598471,2.3719519936942497,207.7966448910893,0.0,177.77277734548065,82.33818673600686,533.8618025807768,-4.5682504831743005,-84.26361889910791,1117.01999923054,844.823747
11/05/2016,2.8258737014662865,59.79804465357095,0.0,0.0,0.0,3.6487634650121845,0.0,69.7613968465615,-36.995593859903444,-30.259313892977236,0.0,0.0,0.0,0.0,0.0,0.0,0.0,10.521583509218463,0.0,112.10568208671101,2.38626542861078,195.84841065623064,0.0,177.69250978688467,10.27672626373751,524.6139685624695,-4.568116316628195,-84.26361889910791,1013.3925819918567,873.505638
11/12/2016,2.6807889046791096,58.55186233483154,0.0,0.0,0.0,3.6889841285815623,0.0,72.99512568714167,-36.6898138105374,-30.080305350476678,0.0,0.0,0.0,0.0,0.0,0.0,0.0,14.02309493003547,0.0,114.58231288487208,2.390171688092735,203.9929686413277,0.0,177.71239980670413,0.0,539.618711820847,-4.5683702551488725,-84.26361889910791,1034.634312511842,893.819763
11/19/2016,2.5532208755434955,57.94318956993948,0.0,0.0,0.0,3.691679661630297,0.0,74.19925242811361,-36.50795906416743,-29.978620866868134,0.0,0.0,0.0,0.0,0.0,0.0,0.0,19.33034396500426,0.0,114.50089886682042,2.5893334289796206,198.6768954663857,0.0,177.8875197443724,0.0,592.1979400790904,-4.56851013382654,-84.26361889910791,1088.2515651219096,1053.497395
11/26/2016,2.441350048350733,57.64589493947311,0.0,0.0,0.0,3.691860298487008,0.0,70.36978213835562,-36.35459381767696,-29.884226981461516,0.0,0.0,0.0,0.0,0.0,182.81577001666705,0.0,19.18860772313699,0.0,116.53991328087476,2.314816738803358,188.32136163281479,2.4798640124773166,177.67391830505434,10.5948849542848,683.176968181545,-4.568296774288471,-84.26361889910791,1362.1842557977898,1267.14921
12/03/2016,2.366100760479983,59.277533490109775,0.0,0.0,0.0,3.7079463252689657,0.0,73.66551172392684,-36.2679113346389,-29.850316192383687,0.0,0.0,0.0,0.0,0.0,0.0,0.0,15.708312006693262,0.0,117.00720067868652,2.4791919412311727,151.23961183535553,0.0,177.67803422270813,0.0,521.1888518513542,-4.568088212940914,-84.26361889910791,969.3683601967431,904.877074
12/10/2016,2.33132943019496,62.06698182818679,0.0,0.0,0.0,3.7249009390813073,0.0,71.50925652514769,-36.18511547480773,-29.787447686325773,0.0,0.0,0.0,0.0,0.0,0.0,0.0,35.65766887869478,0.0,112.16651569077358,2.342105724111943,198.49659790496375,44.11280519308014,177.60379008929473,82.40899758820325,607.8224949588058,-4.568449128261467,-84.26361889910791,1245.4388135620359,1064.239536
12/17/2016,2.3014996959096075,63.17778258888729,0.0,0.0,0.0,3.7255583245792465,0.0,71.84936714558913,-36.11957187965529,-29.71569552211054,0.0,0.0,0.0,0.0,0.0,0.0,0.0,26.75881410240975,0.0,114.12904294757251,2.3985803406154713,194.4670545134472,7.506752975234307,177.58530607267733,9.548231738556247,607.5318181645589,-4.568533530717414,-84.26361889910791,1126.312388778446,1133.281209
12/24/2016,2.275940301427921,63.620120624637714,0.0,0.0,0.0,3.7255838391112706,0.0,70.92532706068098,-35.985582015621596,-29.604895369279173,223.06324066484217,0.0,0.0,0.0,0.0,0.0,0.0,18.97374972426912,0.0,118.4449659555354,2.2157399011035066,171.87175973443306,0.0,178.08360793616282,0.0,777.0834211141614,-4.568841117577713,-84.26361889910791,1475.860519454779,1542.819891
12/31/2016,2.254063419264913,63.79626595380468,0.0,0.0,0.0,3.725584818989901,0.0,71.23178271786853,-35.89305247744142,-29.48163674852104,0.0,0.0,0.0,0.0,0.0,0.0,0.0,16.48052956442784,0.0,123.23267978919853,2.218161661467363,181.00357122050312,0.0,179.05784815233102,0.0,576.826144662031,-4.568408138005386,-84.26361889910791,1065.6199156968112,1065.12888
01/07/2017,2.534307319226543,60.13585119860636,0.0,0.0,0.0,3.1407136561975593,0.0,70.16786130354086,-35.80753064785297,-29.39175297889911,0.0,0.0,0.0,0.0,0.0,0.0,0.0,10.42561865847298,0.0,114.77159032520228,2.144706732130715,157.4459821290358,68.99680179040143,178.99783420419143,246.56553297964518,524.7961743858372,-4.567482909783653,-84.26361889910791,1286.0925892468445,994.014408
01/14/2017,2.776403196098514,58.341646322592304,0.0,0.0,0.0,2.790883530732344,0.0,75.63348378702509,-35.667020242716106,-29.320246622726064,0.0,0.0,0.0,0.0,0.0,0.0,0.0,19.42327556644979,0.0,119.76812351271462,2.218832674973831,146.8437339178758,59.1401158203441,177.79587699299182,211.34188541112442,530.4383447201091,-4.5686248791253385,-84.26361889910791,1252.6930948093561,946.945915
01/21/2017,2.9899219563937005,57.480004107516734,0.0,0.0,0.0,2.564881346141766,6.363294680110791e-05,72.27208016277395,-35.62940798892189,-29.258621329524768,0.0,0.0,0.0,0.0,0.0,0.0,0.0,21.867631443326907,0.0,110.02161320393307,2.2139391934538653,136.24148566637442,49.283429850286744,177.57132484848006,176.1182378426037,536.080520303908,-4.568701101808888,-84.26361889910791,1190.984784238776,961.692683
01/28/2017,3.1812839126623462,57.083614152751316,0.0,0.0,0.0,2.4041760875839597,3.127283455659936,71.52076041433835,-35.71159594631476,-29.22735710039961,0.0,0.0,0.0,0.0,0.0,0.0,0.0,23.92273452731515,0.0,110.26928312803692,1.8874483692742845,125.63923745521443,39.426743880229395,177.8923592611263,140.89459027408296,541.7226958877068,-4.568625061913548,-84.26361889910791,1145.201013798246,1097.91543
02/04/2017,3.3550527599375397,56.91892357470898,96.09908882469531,0.0,0.0,2.277287307369725,7.891187418427897,72.12284763738076,-35.70743697089312,-29.187604707546896,0.0,0.0,0.0,0.0,0.0,0.0,0.0,20.935980849354248,0.0,115.89213547911069,2.0396858440768995,115.03698920371308,29.57005791017205,177.91787508484066,105.67094270556221,547.3648714715055,-4.568416363474833,-84.26361889910791,1199.3658491298327,1055.565365
02/11/2017,3.5146041919958173,56.8693810283958,32.419968207064414,0.0,0.0,2.1668449985227998,18.017316237047886,73.3516717128139,-35.776039250317815,-29.172450123252148,0.0,0.0,0.0,0.0,0.0,0.0,0.0,14.630537183804242,0.0,115.68100890614244,2.1109203228704816,104.43474099255306,19.713371940114698,177.51862390807779,70.44729513704148,553.0070470553043,-4.568528732526903,-84.26361889910791,1090.1026948165443,1020.190076
02/18/2017,3.662507621250739,56.87690996540681,10.84043610135104,0.0,0.0,2.062943454907672,7.406291637214095,74.81186657938993,-35.7855363539869,-29.070248974231944,0.0,0.0,0.0,0.0,0.0,0.0,114.25053284210406,15.10340030079552,0.0,119.23605941511914,1.9993036150416799,93.83249274105171,9.856685970057349,178.10982944810848,35.22364756852074,558.6492226391031,-4.5686720384835064,-84.26361889910791,1128.2340536336117,1067.300706
02/25/2017,3.800760843470991,56.9126129938022,3.5857158929528876,0.0,0.0,1.9596674884226422,3.0072532439117166,76.30320294608697,-35.67313205368577,-28.998085952141306,0.0,0.0,0.0,0.0,0.0,0.0,0.0,13.193543848313823,0.0,115.24706503340589,2.1124593134588543,83.23024452989169,0.0,177.69096766107967,0.0,564.2913982229019,-4.568524299912811,-84.26361889910791,947.8315308128514,946.900693
03/04/2017,3.844734608833656,60.289630878281194,1.8712614249376407,0.0,0.0,1.9049845700244508,1.3925721452552913,77.73375504817047,-35.54117610162701,-28.9199718329302,0.0,0.0,0.0,0.0,0.0,0.0,0.0,17.317893819205832,0.0,114.27876857526321,2.106080296133001,168.9823837021156,0.0,178.0183872984586,0.0,577.7998478785316,-4.568440125942127,-84.26361889910791,1052.2470932856033,993.312215
03/11/2017,3.8284027245311307,63.70679863352565,0.8495843747756328,0.0,0.0,1.8791755090962339,0.7342860263167047,79.06804618338984,-35.438690949504675,-28.898424375369725,0.0,0.0,0.0,0.0,0.0,0.0,0.0,15.501105293980894,0.0,117.87558826784083,2.0974737155286993,179.09158926508522,0.0,177.44660967783193,0.0,569.7050199118095,-4.568450544870095,-84.26361889910791,1058.6144948148599,1020.90466
03/18/2017,3.81448401735099,64.96390365640877,0.31254462502044583,0.0,0.0,1.8625547700833096,0.5072531144385867,78.4935364909965,-35.28671374613878,-28.853745412806017,0.0,0.0,0.0,0.0,0.0,0.0,0.0,11.106710931760881,0.0,119.98110316173177,2.0726527050343586,141.81539419743734,0.0,177.6840397370219,0.0,560.2007307640262,-4.568702472720463,-84.26361889910791,1009.8421276405378,950.060575
03/25/2017,3.8026264411757955,65.4263673923796,0.11497874199366581,0.0,0.0,1.851851254304626,0.615709108966395,77.78824621331488,-35.357121880333494,-29.062606976638474,0.0,0.0,0.0,0.0,0.0,0.0,0.0,10.31624275604736,0.0,118.50329530386077,2.0916463886037717,129.98189074025842,0.0,177.98908690816359,0.0,569.8153964608927,-4.56855953234028,-84.26361889910791,1005.0454304215413,966.037969
04/01/2017,3.7515153921022377,64.64732153583248,0.04186799181706867,0.0,0.0,1.8781534579973058,0.32083813884146745,78.26047614377376,-35.469946693447724,-29.244107207762717,0.0,0.0,0.0,0.0,0.0,0.0,0.0,21.811729340357793,0.0,117.06577759899841,2.109213946420975,123.08361398131147,0.0,178.13306163604886,68.13370383666663,581.5608345595361,-4.568553089055879,-84.26361889910791,1087.2518816703302,1000.662137
04/08/2017,3.452906768016918,56.854107502195134,0.008874351188614925,0.0,0.0,2.0806319978140264,0.11802967400782018,78.31207816802164,-35.56013409675969,-29.381794191423005,0.0,0.0,0.0,0.0,0.0,0.0,0.0,8.33392913489483,0.0,114.07637902999592,2.4556465983640745,131.06169534888008,0.0,177.7260604263496,0.0,541.705167717946,-4.568523523062919,-84.26361889910791,962.4114360073212,900.52085
04/15/2017,3.184842615984524,52.17736810389272,0.003264691356025331,0.0,0.0,2.1960681073491575,0.04342065968623213,77.4264198279649,-35.63702501263155,-29.488300688255038,0.0,0.0,0.0,0.0,0.0,0.0,0.0,8.10927271834452,0.0,118.13534561193323,2.487801437519882,132.19036945964,0.0,177.05038543789883,0.0,569.3123973084123,-4.568729479678484,-84.26361889910791,988.3592819003094,1009.798246
04/22/2017,2.94455871212294,49.37083680764888,0.0012010128316549478,0.0,0.0,2.2618800349773727,0.015973511787640695,73.75798907902865,-35.637410301597455,-29.508893326275086,0.0,0.0,0.0,0.0,0.0,0.0,0.0,4.816663562517103,0.0,127.40291728445601,2.330536655261542,109.0093224236526,0.0,177.76491089189696,0.0,554.0677401792938,-4.56857918207285,-84.26361889910791,949.7660284464217,875.595512
04/29/2017,2.729533307457676,47.686626348525174,0.0004418279293472793,0.0,0.0,2.2994004168554234,0.005876400003297153,70.29182204540571,-35.55797222084802,-29.378576561386463,0.0,0.0,0.0,0.0,0.0,0.0,0.0,4.422366714612576,0.0,111.64033072560235,2.5111900794008966,114.62254589230454,0.0,177.6423217413772,0.0,527.615747689274,-4.568704391996668,-84.26361889910791,907.6993311154092,875.65587
05/06/2017,2.5625211050049863,49.51505459565041,0.0003568250441335187,0.0,0.0,2.574967651446349,0.00216187805067506,69.9519787723675,-35.44542514158525,-29.29629528740526,0.0,0.0,0.0,0.0,0.0,0.0,0.0,15.090832765072392,0.0,121.50275132950861,2.421847611023185,230.40219443933208,0.0,178.0150934896835,0.0,533.1901151362657,-4.568832389440687,-84.26361889910791,1051.6557038809103,919.440975
05/13/2017,2.4189636081307198,50.94778234534054,0.00014574306477420379,0.0,0.0,2.738188258447854,0.0007952065674435227,68.93190332602472,-35.39603841000703,-29.241622235108927,0.0,0.0,0.0,0.0,0.0,0.0,0.0,17.945418569042,0.0,121.92443826864245,2.401338642573182,201.36946222585212,43.205500429804296,177.89110370922236,77.05093976120959,552.6438690473512,-4.568759456944917,-84.26361889910791,1165.9998101401045,949.45314
05/20/2017,2.2923181706403297,51.71932681168782,5.3615877236909464e-05,0.0,0.0,2.812479264301302,0.0002927115552850964,68.09078963508472,-35.31415190188971,-29.17653508801811,0.0,0.0,0.0,1.016272526614724,0.0,0.0,0.0,12.362050123782092,0.0,123.24266648012224,2.4249836387590875,171.265522143808,0.0,178.03095356401948,0.0,535.7966363972533,-4.568721665482508,-84.26361889910791,995.7313175290075,909.542686
05/27/2017,2.180883439107688,52.13481457709217,1.9724178949741093e-05,0.0,0.0,2.8462932929482987,0.000107560206850905,64.13555674159554,-35.357729472292746,-29.268545204589564,0.0,0.0,0.0,0.0,0.0,0.0,0.0,15.398383795216132,0.0,121.19723905759244,2.470227903970543,172.66367238741702,0.0,177.50972220627654,0.0,546.1043656114867,-4.56883663926657,-84.26361889910791,1003.1825560818323,944.40286
06/03/2017,2.0596071396434064,53.79079978646796,8.44961242743179e-06,0.0,0.0,2.8671593184388815,3.941137350262167e-05,66.61597911456154,-35.29063118956513,-29.28513331708835,0.0,0.0,0.0,0.0,0.0,0.0,0.0,20.94156168725164,0.0,122.60248948406955,2.330022983850711,159.87452690514056,1.884592352496997,177.980357150703,76.43925463375727,513.5663500524128,-4.568363217802789,-84.26361889910791,1047.545001846216,886.371486
06/10/2017,1.9198982356344836,56.36280933842427,3.7080385631044245e-06,0.0,0.0,2.883772783737359,1.436872992283082e-05,65.62395427457018,-35.283527377360926,-29.269955753190008,0.0,0.0,0.0,0.0,0.0,0.0,0.0,13.235233985461797,0.0,181.09249424274384,2.325019228361515,160.216145460537,0.0,177.6599657382472,0.0,331.1668138988044,-4.56869488700975,-84.26361889910791,839.100328346622,899.917129
06/17/2017,1.7955850933072601,57.57851465236782,1.3641111755450346e-06,0.0,0.0,2.891228454108638,5.336956828480019e-06,64.91943324183315,-35.26360306278504,-29.25846370447093,0.0,0.0,0.0,0.0,0.0,0.0,0.0,5.817482464964573,0.0,180.75775414771184,2.5403809125064702,145.4547843645608,0.0,177.84658982695558,0.0,328.51188150228717,-4.568753836207461,-84.26361889910791,814.7592018591,895.364315
06/24/2017,1.6852218676530355,58.15314034574001,5.018284655041962e-07,0.0,0.0,2.894574325066701,2.0526757032615455e-06,63.68703227679334,-35.298457191542624,-29.283774936866187,0.0,0.0,0.0,0.0,0.0,0.0,0.0,6.2508366577876195,0.0,180.85367019590518,2.394633255868225,116.45154167234801,0.0,177.20732584371953,0.0,322.4313284400884,-4.568728428646277,-84.26361889910791,778.5947279793113,880.825366
07/01/2017,1.5959660297473581,58.2472504842741,1.7959649477021408e-07,0.0,0.0,2.8913041308890004,8.210702813046183e-07,64.6881568670594,-35.250673199345826,-29.18020088411743,0.0,0.0,0.0,0.0,0.0,0.0,0.0,4.414119003032924,0.0,181.7310808737368,2.5154598707342326,119.2012519432713,0.0,177.3722240485549,7.448553430725489,355.90511938501885,-4.568728839919749,-84.26361889910791,822.7472652452202,892.257226
07/08/2017,1.5693850212282632,57.19644982644803,5.549072949113107e-08,0.0,0.0,2.860595450683995,4.1053514065230915e-07,61.813825426500294,-35.31798377729236,-29.205966757550136,0.0,0.0,0.0,0.0,0.0,0.0,0.0,8.142928152992896,0.0,166.53004057354022,2.454775479959028,103.67243715018564,0.0,177.95033137022097,0.0,454.47333578976884,-4.5682187694198735,-84.26361889910791,883.3083165041837,888.39075
07/15/2017,1.546552940267225,56.66853093194487,2.0413901251643203e-08,0.0,0.0,2.846278067141891,0.0,62.718097705274296,-35.36905043851623,-29.24420820248255,0.0,0.0,0.0,0.0,0.0,0.0,0.0,3.8985603460358185,0.0,113.78853460892167,2.3927963141616035,22.764272559769125,0.0,177.44166090477825,83.68501334601923,454.5744731718023,-4.568552860570617,-84.26361889910791,828.8793405158528,903.590029
07/22/2017,1.5269675300419285,56.40330551195838,7.509840698653824e-09,0.0,0.0,2.839602832411919,0.0,64.24529539669422,-35.36847131231039,-29.25721782294659,0.0,0.0,0.0,0.0,0.0,0.0,0.0,2.5478697694196777,0.0,116.3289978301444,2.351392104208561,35.56647653456841,0.0,177.53576281844718,0.0,437.1347264393769,-4.568203917877815,-84.26361889910791,743.0228848225388,868.047412
07/29/2017,1.5101873137390034,56.27005765120536,2.762701275810043e-09,0.0,0.0,2.836490624819516,0.0,64.15199910382195,-35.32446455120504,-29.23034545891931,0.0,0.0,0.0,0.0,0.0,0.0,0.0,2.288313945193483,0.0,116.01453204684061,2.412961724335131,27.07785530872771,12.58290081741474,177.77095401903526,0.0,445.986147695986,-4.56860838248939,-84.26361889910791,755.5153629621599,858.660682
08/05/2017,1.6313228435187883,56.43501267863467,3.4917514681537825e-10,0.0,0.0,2.4557888201079274,0.0,64.06626605904825,-35.31471486248681,-29.260783662731978,0.0,0.0,0.0,0.0,0.0,0.0,0.0,1.9763323261846417,0.0,115.5884426425158,2.4341917435282125,27.533615658205385,8.072417384818731,177.70050698981075,7.690379643082269,451.8268288836577,-4.568339044062022,-84.26361889910791,764.0036492050737,894.04034
08/12/2017,1.7799334997258767,56.60878189857769,2.69893799163488e-11,0.0,0.0,1.9779391721768784,0.0,65.16331768038856,-35.30528525178659,-29.224898545075416,0.0,0.0,0.0,0.0,0.0,0.0,0.0,1.5751595451760034,0.0,115.68283936146925,2.410895447567482,17.902313807536405,0.0,177.19038037073335,81.83843957175607,448.3852916529224,-4.568668474113412,-84.26361889910791,817.1528208379735,919.207029
08/19/2017,1.900022517081277,56.69482633080936,9.929328521660212e-12,0.0,0.0,1.6188953610149044,0.0,64.29717570076701,-35.244406159204964,-29.18263237355134,0.0,0.0,0.0,0.0,0.0,0.0,0.0,12.879099844339567,0.0,119.38751236114881,2.196270951029481,32.68323642042434,0.0,177.7635478747801,81.86022598736332,468.25351669766684,-4.56824993480967,-84.26361889910791,866.2754226797612,1021.149362
08/26/2017,1.9982490889054192,56.73743180302521,3.653303486805622e-12,0.0,0.0,1.3491191714407629,0.0,61.80239905811799,-35.1838475586134,-29.190886477753963,0.0,0.0,0.0,0.0,0.0,0.0,0.0,5.7438324454454435,0.0,121.62676058591238,2.2175122487491454,72.76175493770499,0.0,177.81492520197693,57.157701651966754,453.8130030715807,-4.568021358153124,-84.26361889910791,859.816314971201,908.913607
09/02/2017,2.0219316541617265,56.850140761390676,6.2202224487258895e-12,0.0,0.0,1.4625875339359133,0.0,63.591205625227374,-35.189374587484025,-29.203702699549325,0.0,0.0,0.0,0.0,0.0,0.0,0.0,4.822823785112235,0.0,118.49839030751171,2.243946632180728,45.8737338837338,0.0,177.59610095331232,0.0,477.68756192823895,-4.568309158189695,-84.26361889910791,797.4234177204808,962.390024
09/09/2017,1.894578011597345,57.13249793675231,6.9279970221557494e-12,0.0,0.0,2.150521690361778,0.0,68.26832719409784,-35.159920925990654,-29.187935204146655,0.0,0.0,0.0,0.0,0.0,0.0,0.0,4.037535990225605,0.0,117.92238523442082,2.4614627220700576,51.04162523990885,0.0,177.3304057520448,85.55490398657278,453.92685480736094,-4.568055173971965,-84.26361889910791,868.5415683622028,915.414263
09/16/2017,1.781661160170015,57.27027921556756,2.5344263168326703e-12,0.0,0.0,2.4802153853518654,0.0,58.55806278692597,-35.09506875213853,-29.205053456525448,0.0,0.0,0.0,0.0,0.0,0.0,0.0,10.261686870464183,0.0,124.71420257735797,2.1928644554847523,47.2358068648678,5.438783043655445,177.61222969068052,75.21390379561564,491.60809943239104,-4.567895142894151,-84.26361889910791,901.2361590278693,1001.496695
09/23/2017,1.6817902540589866,57.33751153694443,9.295721942452046e-13,0.0,0.0,2.6382216812857324,0.0,58.58940107063746,-35.05491305404057,-29.213295493246545,0.0,0.0,0.0,0.0,0.0,0.0,0.0,10.160499037075802,0.0,121.93117661036877,2.245859100343959,49.79533594549026,0.0,177.69416116898944,0.0,487.4545268946765,-4.567772629096429,-84.26361889910791,816.4288832243808,984.680465
09/30/2017,1.5936827504804492,57.37031900196292,3.3764096417113053e-13,0.0,0.0,2.713946475700986,0.0,60.49528194780157,-35.0348850912115,-29.165395643666706,0.0,0.0,0.0,0.0,0.0,0.0,0.0,15.844901949186454,0.0,122.17114245672431,2.3509004075665545,84.2664401474192,0.0,177.74123630549684,41.348071072894484,496.42964799921657,-4.568094656225315,-84.26361889910791,909.2935762242392,992.754225
10/07/2017,1.648869124947556,59.25321437818179,1.9283678497639883e-13,0.0,0.0,2.8755948674403506,0.0,62.56312963391829,-34.952575943499625,-29.181196555892672,0.0,0.0,0.0,0.0,0.0,0.0,0.0,11.907241656416105,0.0,122.71473743702032,2.3436003923188147,84.01377021779844,0.0,177.29053615806185,14.696807877925004,502.1321511442284,-4.567645819775774,-84.26361889910791,888.4746156699812,1007.884714
10/14/2017,1.694826578673932,60.09154648166893,6.427892832546627e-14,0.0,0.0,2.943530342810746,0.0,64.13730791677948,-34.89008991489489,-29.172956879507165,0.0,0.0,0.0,0.0,0.0,0.0,0.0,11.361452750777877,0.0,124.31636910188863,2.2990064833024024,99.09364234826572,6.3859441550624005,177.45943565099057,0.0,501.6026891274881,-4.568414901169153,-84.26361889910791,898.4906703430297,990.963781
10/21/2017,1.7332466620665457,60.46480183738547,0.0,0.0,0.0,2.9720813679597127,0.0,63.77329504709088,-34.8531778327353,-29.142398135553048,0.0,0.0,0.0,0.0,0.0,0.0,0.0,18.1848918972008,0.0,123.25838735528497,2.1353507322539382,146.43018154501334,0.0,177.32636147786633,74.35347541889541,509.14965548627174,-4.568128472044156,-84.26361889910791,1026.9544054878486,1016.552626
10/28/2017,1.7654626454833435,60.630988600798695,0.0,0.0,0.0,2.984080434038066,0.0,67.19938382278697,-34.83279998590029,-29.140315784408415,0.0,0.0,0.0,0.0,0.0,0.0,0.0,7.478092732694641,0.0,119.8141182607073,2.2562037576507485,83.2773712860399,0.0,177.67016776912442,0.0,533.8618025807768,-4.568154656455233,-84.26361889910791,904.132782564229,1069.406697
11/04/2017,1.8228186696942603,60.04021181852802,0.0,0.0,0.0,2.942061919308127,0.0,66.90787278605389,-34.88840507968038,-29.19852994967117,0.0,0.0,0.0,0.0,0.0,0.0,0.0,6.446864653978804,0.0,125.4376177129869,2.1815630910791257,96.32743246831605,0.0,177.47874356757353,7.511136860131714,524.6139685624695,-4.568539608425395,-84.26361889910791,918.7911985732351,987.903373
11/11/2017,1.8927495583666407,59.24530293402179,0.0,0.0,0.0,2.8853442829343465,0.0,67.10614020431012,-34.938269897235216,-29.19265044230894,0.0,0.0,0.0,0.0,0.0,0.0,0.0,6.85863676681088,0.0,120.92597492355664,2.3371374311316604,68.85482905630012,0.0,177.48619986226134,0.0,539.618711820847,-4.5683660510200435,-84.26361889910791,894.2481215508685,1023.524761
11/18/2017,1.9508629708921943,58.8681918117971,0.0,0.0,0.0,2.858933048900238,0.0,65.66611068647525,-34.956184268818134,-29.23785707809564,0.0,0.0,0.0,0.0,0.0,0.0,0.0,6.354469835415011,0.0,123.53700288637808,2.4996932064202384,53.94664967892882,0.0,177.5630661468693,0.0,592.1979400790904,-4.56835092529567,-84.26361889910791,932.4169091798492,1060.455961
11/25/2017,1.9993663778822266,58.68928629215369,0.0,0.0,0.0,2.8466343283992446,0.0,65.67522633845424,-34.90638437243078,-29.21779539154247,0.0,0.0,0.0,0.0,0.0,182.81577001666705,0.0,7.103034864900502,0.0,117.7279909597435,2.374844250889513,68.60631428494273,2.4798640124773166,177.5905055978944,0.0,683.176968181545,-4.568895268584912,-84.26361889910791,1218.1291115742833,1264.58679
12/02/2017,2.0039571263910028,59.374133860371096,0.0,0.0,0.0,2.853146149523812,0.0,63.896456728315634,-34.85877536622147,-29.195305050793333,0.0,0.0,0.0,0.0,0.0,0.0,0.0,3.0151605688767704,0.0,121.50913750373047,2.482180433631009,51.85648404842876,0.0,177.56175328018512,48.63123580038294,521.1888518513542,-4.568000931570661,-84.26361889910791,901.4867971034976,969.45745
12/09/2017,1.9159524405885457,61.45533794295011,0.0,0.0,0.0,2.8859369587550527,0.0,65.56168816988897,-34.74648483579027,-29.147488472152094,0.0,0.0,0.0,0.0,0.0,0.0,0.0,14.378573003191136,0.0,122.5992405406562,2.3006060709633385,108.15317828535862,44.11280519308014,177.33843161236098,140.40443593470238,607.8224949588058,-4.568252996512188,-84.26361889910791,1196.2028359077387,1167.554547
12/16/2017,1.8389732795514275,62.316563020599816,0.0,0.0,0.0,2.9005129925678874,0.0,64.22482990328476,-34.67792252019281,-29.12120400888997,0.0,0.0,0.0,0.0,0.0,0.0,0.0,3.5463626127129686,0.0,121.23091010371374,2.4067593898114805,104.82149977537573,7.506752975234307,177.1914603961229,55.67024863065294,607.5318181645589,-4.568423537912074,-84.26361889910791,1058.5555222780838,1143.748582
12/23/2017,1.7718112065612008,62.6729479221212,0.0,0.0,0.0,2.9069922892594606,0.0,60.50270009284859,-34.643218435606414,-29.106801602591247,223.06324066484217,0.0,0.0,0.0,0.0,0.0,0.0,5.905327409578434,0.0,122.81062449017467,2.488391001695041,126.53967291806728,0.0,177.8262466621551,0.0,777.0834211141614,-4.569228674279867,-84.26361889910791,1410.988508159879,1493.678352
12/30/2017,1.713359982267606,62.820423317303224,0.0,0.0,0.0,2.909872416367067,0.0,57.87308892417615,-34.66068640042421,-29.151198161278927,0.0,0.0,0.0,0.0,0.0,0.0,0.0,5.20433156785038,0.0,125.88335062825894,2.3618318247625654,134.89208966968854,0.0,178.511066940223,2.7905167441444867,576.826144662031,-4.56914847595275,-84.26361889910791,999.1414247403092,1075.108206
01/06/2018,2.1186624335273474,61.82204502813231,0.0,0.0,0.0,2.7825788332156454,0.0,58.15713112917983,-34.629024420529284,-29.122175021183136,0.0,0.0,0.0,0.0,0.0,0.0,0.0,12.413853932050984,0.0,119.37221078639173,2.199686899529971,95.66571342953947,68.99680179040143,178.51748440451954,115.96389374713029,524.7961743858372,-4.568572236120871,-84.26361889910791,1090.2228462225146,965.183887
01/13/2018,2.483369497632833,61.248263054232815,0.0,0.0,0.0,2.8400925456011765,0.0,61.1813102923165,-34.57594315912684,-29.062791033198103,0.0,0.0,0.0,0.0,0.0,0.0,0.0,17.152624334174302,0.0,111.84017021998704,2.0773386639954743,98.0723349855266,59.1401158203441,177.8321178449528,100.6922108815076,530.4383447201091,-4.568234580600034,-84.26361889910791,1072.5277051883472,1270.352655
01/20/2018,2.819823014952215,60.85702277904747,0.0,0.0,0.0,2.971322188147153,2.2064042814950686,63.309155108684884,-34.54584524844877,-29.04206900909419,0.0,0.0,0.0,0.0,0.0,0.0,0.0,16.754552965371236,0.0,133.2671972532043,2.0727374443148268,100.4789565415137,49.283429850286744,177.87335582931323,85.42052796587019,536.080520303908,-4.567963871261093,-84.26361889910791,1080.9755084981969,1188.242192
01/27/2018,3.1349263527252367,60.54327010950133,0.0,0.0,0.0,3.110551258328885,3.511757004513355,65.33421130858183,-34.52470863740946,-28.962332254851837,0.0,0.0,0.0,0.0,0.0,0.0,0.0,25.033636522334017,0.0,122.34376943851039,1.9304229057502198,102.88557809750081,39.426743880229395,177.63856583218663,70.14884510024751,541.7226958877068,-4.568181023654518,-84.26361889910791,1064.4461328830926,1178.878338
02/03/2018,3.433018680999529,60.26102626959125,0.0,391.42860708330824,0.0,3.2306435249888414,4.893282059668834,67.22771370281983,-34.50752365353892,-28.862042786283812,0.0,0.0,0.0,0.0,0.0,0.0,0.0,17.799771480464955,0.0,116.89390188177906,2.025658584721623,105.29219969382926,29.57005791017205,177.4848081877544,54.87716223462482,547.3648714715055,-4.568331366957206,-84.26361889910791,1429.5812060603403,1201.778339
02/10/2018,3.7170504453298703,59.989973518470585,0.0,143.99853592122216,0.0,3.3264160708631914,4.338729138999991,68.9817959170624,-34.524183120584695,-28.88272246610893,0.0,0.0,0.0,0.0,0.0,0.0,0.0,15.205559455588944,0.0,119.92402249077077,2.1182427155697745,107.69882124981638,19.713371940114698,177.10068273970606,39.60547936900214,553.0070470553043,-4.568048867778722,-84.26361889910791,1166.4871546742409,1088.854834
02/17/2018,3.9891457020720185,59.72101983435894,0.0,52.974101489979525,0.0,3.4012621402730026,3.73360239435419,70.60001496378592,-34.54075074793014,-28.91331775982427,0.0,0.0,0.0,0.0,0.0,0.0,114.25053284210406,13.909288438744747,0.0,118.5735320517416,2.009580405673293,110.10544280580349,9.856685970057349,177.722198843033,24.33379645336473,558.6492226391031,-4.568622457181556,-84.26361889910791,1171.5431171104049,1178.708633
02/24/2018,4.25090155865712,59.45001666749833,0.0,19.48808189640969,0.0,3.4601769283491466,3.182754553329735,72.09145667927383,-34.51983426135623,-28.929616529202143,0.0,0.0,0.0,0.0,0.0,0.0,0.0,12.39334541782348,-0.0,118.27774095073895,2.1454925167512213,112.5120643617906,0.0,176.90670982152275,9.062113587742049,564.2913982229019,-4.568197885866887,-84.26361889910791,1005.2309855872555,1062.470792
03/03/2018,4.372354567343904,60.770682415358955,0.0,7.169266301378712,0.0,3.332812115558838,2.5644578413718087,73.46729101692692,-34.45209793902475,-28.994974611631473,0.0,0.0,0.0,0.0,0.0,0.0,0.0,11.124373644678876,0.0,118.59680365641425,2.162759848875323,117.89512836986023,0.0,177.43084632218753,0.0,577.7998478785316,-4.568169051026766,-84.26361889910791,1004.407763477696,1078.402874
03/10/2018,4.3499056970258305,63.046554302916874,0.0,2.637426313349541,0.0,2.9705664755974386,1.912604397552103,74.73890956014937,-34.39036586219918,-29.06872016431256,0.0,0.0,0.0,0.0,0.0,0.0,0.0,5.296607101329345,0.0,116.73756188742401,2.1892263542826598,108.6482472388346,0.0,177.18442142467845,0.0,569.7050199118095,-4.568656273000398,-84.26361889910791,977.1256894663296,1057.291853
03/17/2018,4.330763257376806,63.93109421446549,0.0,0.9702556168252254,0.0,2.7786201235496772,1.9755209605327726,74.94297215575948,-34.40628670995575,-29.091784208372808,0.0,0.0,0.0,0.0,0.0,0.0,0.0,5.744837848303294,0.0,116.80508073191183,2.158783706746926,94.08902047290128,0.0,177.39107702906992,10.63552692242633,560.2007307640262,-4.56790688703664,-84.26361889910791,963.6246870994222,1069.469401
03/24/2018,4.314447724749248,64.2748792045705,0.0,0.35693487540189023,0.0,2.676911736747113,0.9338028203926018,72.39790836103529,-34.423654897159075,-29.11142892356875,0.0,0.0,0.0,0.0,0.0,0.0,0.0,7.031531976908308,0.0,118.51849733393573,2.218344634588703,86.4763872916628,0.0,177.0719680348213,0.0,569.8153964608927,-4.568084237297348,-84.26361889910791,953.7202234985731,1090.863716
03/31/2018,4.300547113929382,64.40849461848931,0.0,0.13130926706072274,0.0,2.6230186005248552,0.34352677392475794,73.15068609698214,-34.45782404188181,-29.081789012897374,0.0,0.0,0.0,0.0,0.0,0.0,0.0,3.6394731417857407,0.0,121.36407806508808,2.362202750118939,52.664948754184174,0.0,177.46968783230048,3.215997038479738,581.5608345595361,-4.568297276956049,-84.26361889910791,934.8632753815614,1122.338858
04/07/2018,3.9620935162655284,57.418231564108225,0.0,0.04830443740881582,0.0,3.0404473492375184,0.1263762639524223,75.07259291049179,-34.52230249728695,-29.0576612832475,0.0,0.0,0.0,0.0,0.0,0.0,0.0,4.894974220707792,0.0,127.9170610434363,2.2997949045427846,40.12467708121215,0.0,176.862649084237,52.74127611441124,541.705167717946,-4.567937778244122,-84.26361889910791,933.8021257500711,1018.804093
04/14/2018,3.6584682874254564,53.35827392484635,0.0,0.01777091381463371,0.0,3.1776300936506563,0.04649146253831141,73.91332885272222,-34.576838352996404,-29.0453481673383,0.0,0.0,0.0,0.0,0.0,0.0,0.0,4.179919779696239,0.0,119.02507406298129,2.20009382108486,44.94469697392453,0.0,177.24084245253368,76.18012332544065,569.3123973084123,-4.568143003706847,-84.26361889910791,974.8011628359219,1058.251264
04/21/2018,3.3865156963881926,51.000242492479536,0.0,0.006540018750040986,0.0,3.222713480297632,0.01710330449471585,73.14415944123137,-34.57108831220529,-29.044071530570296,0.0,0.0,0.0,0.0,0.0,0.0,0.0,4.660655712286278,0.0,114.51240391463058,2.3126581857394672,69.3237769905962,0.0,177.15618493999108,76.5250348941062,554.0677401792938,-4.567853192999966,-84.26361889910791,976.8890973154017,1008.824696
04/28/2018,3.1433545966803056,49.63069374766966,0.0,0.002403381312611364,0.0,3.237529584374863,0.00629186156563729,71.9908644857062,-34.553304817887444,-29.05345132347246,0.0,0.0,0.0,0.0,0.0,0.0,0.0,3.9864138110128824,0.0,115.10703965752514,2.370754694889644,89.43172545287761,0.0,176.98869145026435,9.27266559055059,527.615747689274,-4.568164298533308,-84.26361889910791,900.3456366647024,999.097465
05/05/2018,3.0116193856678812,50.90574984679645,0.0,0.000886782203395388,0.0,3.1084683001745783,0.002314597122997719,68.14412593895572,-34.555248220047275,-29.083292979044224,0.0,0.0,0.0,0.0,0.0,0.0,0.0,4.5973494136945225,0.0,118.6923873488042,2.2453282718638907,75.54188258076982,0.0,176.34177952604415,59.685115918374926,533.1901151362657,-4.567901860360867,-84.26361889910791,942.9970610881779,998.330192
05/12/2018,2.931084393755693,52.36288721936546,0.0,0.0003275047910267058,0.0,2.9875399332295918,0.0008514498817128892,70.49737045650954,-34.56635227008878,-29.11651513844062,0.0,0.0,0.0,0.0,0.0,0.0,0.0,3.4199033820670968,0.0,116.41811561533146,2.402912219828427,36.584934063859,43.205500429804296,177.30701953063263,12.1077004442727,552.6438690473512,-4.568252173965242,-84.26361889910791,920.3552772090775,1019.553633
05/19/2018,2.861451709344735,53.12822106037781,0.0,0.0001209248459175529,0.0,2.932954512755104,0.00031323831231771187,69.56465201649014,-34.53811893611669,-29.145661015987272,0.0,0.0,0.0,1.016272526614724,0.0,0.0,0.0,3.5435253317666624,0.0,115.0302794580254,2.2929939797262233,36.15368511400095,0.0,177.23579337861463,58.68778722760476,535.7966363972533,-4.568399821141833,-84.26361889910791,905.728888203379,991.917521
05/26/2018,2.801363519332223,53.53019908254634,0.0,4.534681721908234e-05,0.0,2.908315351536055,0.00011536037452329888,72.54280071501634,-34.55904932180233,-29.17078394959812,0.0,0.0,0.0,0.0,0.0,0.0,0.0,2.321066221342434,0.0,115.08352694971725,2.547370476136381,24.579572454080417,0.0,176.87347441334902,55.56233185159932,546.1043656114867,-4.568212051953158,-84.26361889910791,902.2928831308727,962.165135
06/02/2018,2.7516205809270637,54.44528211123756,0.0,1.5115605739694112e-05,0.0,2.9944687303989452,4.2285119487187843e-05,71.74830982717127,-34.60779813796829,-29.192609519193176,0.0,0.0,0.0,0.0,0.0,0.0,0.0,1.7645075766167255,0.0,115.29386243214296,2.3141725098082655,33.473470873566015,1.884592352496997,176.77055677004915,133.15879225631534,513.5663500524128,-4.568205243092337,-84.26361889910791,957.5338116745066,939.14665
06/09/2018,2.7139500139295416,56.55437930772731,0.0,5.0385352465647044e-06,0.0,3.218471058080584,1.560033534478775e-05,73.39723605871762,-34.63274691416581,-29.23584642303067,0.0,0.0,0.0,0.0,0.0,0.0,0.0,2.0980201534373255,0.0,175.52547389877157,2.4509568507183084,57.841170597557145,0.0,176.76950719313658,0.0,331.1668138988044,-4.567795523319726,-84.26361889910791,729.0359919101269,928.320898
06/16/2018,2.6816538309739575,57.556610215199385,0.0,0.0,0.0,3.285292524511372,5.747491969132328e-06,71.12458833545479,-34.680554890868535,-29.26458242794711,0.0,0.0,0.0,0.0,0.0,0.0,0.0,0.6502570788594267,0.0,175.8433535204241,2.511749434414311,32.75362802871315,0.0,176.3627638999482,69.21577748291183,328.51188150228717,-4.5684999890808875,-84.26361889910791,767.7203053941852,919.314745
06/23/2018,2.6539968296844814,58.03286545893143,0.0,0.0,0.0,3.305225856296573,2.0526757032615455e-06,70.01228697970915,-34.725175381068844,-29.26176079205102,0.0,0.0,0.0,0.0,0.0,0.0,0.0,0.48566070252086435,0.0,175.82454469386474,2.591368544299126,39.94298774347868,0.0,176.49383205576515,0.0,322.4313284400884,-4.568018799118184,-84.26361889910791,698.9555254859685,900.265101
06/30/2018,2.6303364324271348,58.25917904055036,0.0,0.0,0.0,3.3111720990133233,8.210702813046183e-07,67.83183535015364,-34.73122178445388,-29.26343530130462,0.0,0.0,0.0,0.0,0.0,0.0,0.0,1.84107156035098,0.0,174.97778489189466,2.646390814920085,78.55425936595137,0.0,176.92369290733347,0.0,355.90511938501885,-4.568150452326403,-84.26361889910791,770.0544162314914,974.095989
07/07/2018,2.5540162217935833,56.583448276947934,0.0,0.0,0.0,2.8321957414081136,4.1053514065230915e-07,67.84327960795326,-34.73348482996105,-29.23553030463137,0.0,0.0,0.0,0.0,0.0,0.0,0.0,2.6423435566047893,0.0,164.19797282759694,2.66487430828081,56.02992097401908,0.0,176.28935083084787,0.0,454.47333578976884,-4.567917762935132,-84.26361889910791,833.3101867491208,903.772717
07/14/2018,2.487928302527663,55.71733009858764,0.0,0.0,0.0,2.538616453212313,0.0,61.77164615589534,-34.74471153992234,-29.198402392315796,0.0,0.0,0.0,0.0,0.0,0.0,0.0,0.4362255552221616,0.0,115.63265540429904,2.5915037053114287,62.40588627099247,0.0,176.80109838355307,1.0152439664141515,454.5744731718023,-4.567883124569346,-84.26361889910791,783.1979915119022,873.972153
07/21/2018,2.4308195406205226,55.26966923187283,0.0,0.0,0.0,2.3586727098810294,0.0,63.569524645296944,-34.74813131131926,-29.14806560610113,0.0,0.0,0.0,0.0,0.0,0.0,0.0,1.9058518817767014,0.0,110.3563119334297,2.4608792205860412,64.47210124653175,0.0,176.8745598119992,79.54440903158323,437.1347264393769,-4.568021906517753,-84.26361889910791,843.6496879699088,932.953836
07/28/2018,2.3815644969433976,55.03829097226248,0.0,0.0,0.0,2.248379681774649,0.0,54.43569801216246,-34.75500187614393,-29.142278144738953,0.0,0.0,0.0,0.0,0.0,0.0,0.0,1.6338818883650175,0.0,118.46094702977427,2.530964350795421,69.40375773596463,12.58290081741474,176.69511081733825,1.6175463308547082,445.986147695986,-4.567996773138885,-84.26361889910791,790.2862941365064,931.102301
08/04/2018,2.421983024670143,55.27164079649886,0.0,0.0,0.0,2.1778556308767687,0.0,59.180116587406,-34.75450545637995,-29.091857789885708,0.0,0.0,0.0,0.0,0.0,0.0,0.0,2.984410578080318,0.0,118.69821444681519,2.495150411542017,112.82990572999843,8.072417384818731,176.12287646955676,0.5260849201249277,451.8268288836577,-4.567453800761218,-84.26361889910791,839.9300489179111,952.22572
08/11/2018,2.516335393769345,55.65039843097809,0.0,0.0,0.0,2.1322950810245302,0.0,63.651805032528664,-34.731023212408566,-29.07030349940177,0.0,0.0,0.0,0.0,0.0,0.0,0.0,2.4006123321974306,0.0,119.87053076280486,2.4701909455393376,96.33826411874045,0.0,176.76271718276865,146.4298552845891,448.3852916529224,-4.56760994758957,-84.26361889910791,963.9757406593552,942.258569
08/18/2018,2.5947172365934548,55.841108152721745,0.0,0.0,0.0,2.1042795972346027,0.0,66.03196318457782,-34.70725309227038,-29.05291344339284,0.0,0.0,0.0,0.0,0.0,0.0,0.0,2.320359031196658,0.0,116.79706200329545,2.4178422026415096,59.353809570791725,0.0,176.29095027143308,54.656124994150645,468.25351669766684,-4.567154028096894,-84.26361889910791,854.0707934794356,954.814135
08/25/2018,2.6601206565257653,55.93713318815608,0.0,0.0,0.0,2.0870527656012663,0.0,58.268751154666234,-34.67797813216369,-29.00615477708794,0.0,0.0,0.0,0.0,0.0,0.0,0.0,2.8183486992709907,0.0,115.95332366805637,2.4844733926415623,66.20300705262012,0.0,176.7083863533042,8.073232384566145,453.8130030715807,-4.566708070561659,-84.26361889910791,792.4923725080683,933.159537
09/01/2018,2.691791286760956,56.00274418293431,0.0,0.0,0.0,2.4113628943341703,0.0,60.94210691795876,-34.675594946791605,-28.97302197375959,0.0,0.0,0.0,0.0,0.0,0.0,0.0,3.409295529880457,0.0,119.99037482175879,2.5128435140123964,63.58432949582536,0.0,176.04352236527038,45.25242581716885,477.68756192823895,-4.566923440770037,-84.26361889910791,858.0491994937142,959.269012
09/08/2018,2.578057852920658,56.13889626463344,0.0,0.0,0.0,3.4498786300716864,0.0,63.76159039888366,-34.66604939804284,-28.967944236249185,0.0,0.0,0.0,0.0,0.0,0.0,0.0,6.256911676750732,0.0,119.07923328456518,2.4885136002565753,87.37724173969744,0.0,175.92711067340502,21.043071709263756,453.92685480736094,-4.566843562322288,-84.26361889910791,839.5629045420869,906.616131
09/15/2018,2.478687415674408,56.20708642798631,0.0,0.0,0.0,3.5862835769782917,0.0,65.2729986918092,-34.678183032806785,-28.9662072631595,0.0,0.0,0.0,0.0,0.0,0.0,0.0,7.007172258513446,0.0,118.77587569382419,2.335847205827507,40.57041260711267,5.438783043655445,175.87655724617372,81.75097381506654,491.60809943239104,-4.566659448897812,-84.26361889910791,898.4341087710408,975.731617
09/22/2018,2.3920862472978976,56.24123975149201,0.0,0.0,0.0,3.604199828603246,0.0,71.89924383492253,-34.68086470755423,-28.98745137506764,0.0,0.0,0.0,0.0,0.0,0.0,0.0,8.192678553730078,0.0,117.81992349202392,2.357243167248507,69.2318794126938,0.0,176.0801859137354,7.594406381124621,487.4545268946765,-4.567334440060118,-84.26361889910791,850.3683440557586,951.749378
09/29/2018,2.3167978002754133,56.258344747107756,0.0,0.0,0.0,3.6065530448212875,0.0,65.96782664193056,-34.64401091265992,-29.033107722121805,0.0,0.0,0.0,0.0,0.0,0.0,0.0,4.221209459773715,0.0,117.78623869790553,2.371863680284855,49.34461422967369,0.0,176.49156633086002,0.5706230355938349,496.42964799921657,-4.566508145957022,-84.26361889910791,822.8580399875966,964.034857
10/06/2018,2.4378909385293723,59.31601559822352,0.0,0.0,0.0,3.4284270517242854,0.0,70.60620072675117,-34.65957556851138,-29.065114567403015,0.0,0.0,0.0,0.0,0.0,0.0,0.0,4.132580641745258,0.0,117.11109090280242,2.3905308265249223,43.219108156759575,0.0,175.9676107299703,53.383000087625064,502.1321511442284,-4.566521717981612,-84.26361889910791,881.5697760518804,967.80259
10/13/2018,2.5671038181579844,61.07154632549759,0.0,0.0,0.0,3.3279004362373708,0.0,68.97099070900357,-34.64065522413707,-29.09562698711307,0.0,0.0,0.0,0.0,0.0,0.0,0.0,1.4125228523739286,0.0,115.6555236983779,2.4663715384985965,32.84072902100861,6.3859441550624005,176.09871291643796,28.107487019990433,501.6026891274881,-4.566506135286713,-84.26361889910791,847.9411143724898,964.435547
10/20/2018,2.673615152039961,61.8149623494618,0.0,0.0,0.0,3.296485828854592,0.0,67.23625888115775,-34.63031722938269,-29.106522884524555,0.0,0.0,0.0,0.0,0.0,0.0,0.0,5.9561172946262735,0.0,118.23987844012038,2.5020515938435697,64.04994523524226,0.0,176.19539041304256,0.6108948947466302,509.14965548627174,-4.5666181387623626,-84.26361889910791,859.15817841763,976.487231
10/27/2018,2.761972351478826,62.12717318463574,0.0,0.0,0.0,3.2866687640474743,0.0,65.47957375669567,-34.634294377928626,-29.069992526959354,0.0,0.0,0.0,0.0,0.0,0.0,0.0,2.1417551777538093,0.0,120.36871255699205,2.3310194297955915,41.074796376540206,0.0,176.26049642118633,81.58755569212089,533.8618025807768,-4.567114134570072,-84.26361889910791,938.7465063534576,1034.788715
11/03/2018,2.77720235929798,61.950265202326015,0.0,0.0,0.0,3.2395950931520243,0.0,62.99648784826264,-34.70613579204419,-29.075155707909428,0.0,0.0,0.0,0.0,0.0,0.0,0.0,2.2319773037010626,0.0,119.21511269398616,2.429663768909007,27.392441130606862,0.0,175.9676787912718,0.0,524.6139685624695,-4.566602373279253,-84.26361889910791,830.2028799816422,1036.525687
11/10/2018,2.711164517392733,61.4543698693014,0.0,0.0,0.0,3.153157285672902,0.0,54.4743093378694,-34.749552270396826,-29.04132199477528,0.0,0.0,0.0,0.0,0.0,0.0,0.0,3.70368259887692,0.0,121.25012467175044,2.3933013470758846,122.74630388127939,0.0,176.34759160297472,121.84373522762301,539.618711820847,-4.567163670174969,-84.26361889910791,1057.0747953262087,1063.475419
11/17/2018,2.654177609415599,61.23268100374735,0.0,0.0,0.0,3.119891499119497,0.0,59.795594039309385,-34.801533628748686,-29.03371563966689,0.0,0.0,0.0,0.0,0.0,0.0,0.0,3.2885790240328148,0.0,118.72051074048557,2.6938444698297257,41.66142404064272,0.0,175.97833038495625,0.41078096571502437,592.1979400790904,-4.567242771772826,-84.26361889910791,909.087642917048,1157.310964
11/24/2018,2.6050896408871367,61.13487880546849,0.0,0.0,0.0,3.1070891210025855,0.0,64.88812278610415,-34.81106189933883,-29.005909075367175,0.0,0.0,0.0,0.0,0.0,182.81577001666705,0.0,3.7906925478969735,0.0,122.49050825306584,2.684348054740939,40.82308657086767,2.4798640124773166,175.46799062653997,0.6974253760186756,683.176968181545,-4.5678494915387144,-84.26361889910791,1193.513394627929,1242.090762
12/01/2018,2.6127250535607254,61.48737488430836,0.0,0.0,0.0,3.129828485995894,0.0,59.062391301332276,-34.79681250515009,-28.9904466338477,0.0,0.0,0.0,0.0,0.0,0.0,0.0,2.9671227611432154,0.0,118.24207429776217,2.72414882042943,25.793350660688855,0.0,176.14474205820653,6.983956617459039,521.1888518513542,-4.56705056997006,-84.26361889910791,827.718638184165,1004.680024
12/08/2018,2.905592143643336,63.81407772188915,0.0,0.0,0.0,3.2798193370471664,0.0,66.47510194091141,-34.771541938125196,-28.935565616847715,0.0,0.0,0.0,0.0,0.0,0.0,0.0,4.888430581768563,0.0,121.99265626225429,2.6027035263186202,38.53880243505219,44.11280519308014,175.53625073868213,108.32883039344567,607.8224949588058,-4.5673136935982885,-84.26361889910791,1087.7595250852194,1125.779287
12/15/2018,3.1398289089367135,64.69121777291326,0.0,0.0,0.0,3.322722644492527,0.0,67.01939044431897,-34.74922276933993,-28.898395991093796,0.0,0.0,0.0,0.0,0.0,0.0,0.0,6.307352226907284,0.0,121.39845942889289,2.694895561270315,112.91256110636552,7.506752975234307,175.4720510205004,0.0,607.5318181645589,-4.567619452576488,-84.26361889910791,1019.5181931422729,1078.937918
12/22/2018,3.3301181787344176,65.01969381948898,0.0,0.0,0.0,3.3349946821446674,0.0,63.33516930303183,-34.75559877210022,-28.876268497009427,223.06324066484217,0.0,0.0,0.0,0.0,0.0,0.0,4.846280345007673,0.0,115.50282204797404,2.7801976182761203,116.85767813658524,0.0,175.558659026657,7.462677589971328,777.0834211141614,-4.568359973312063,-84.26361889910791,1405.7111063853451,1256.061891
12/29/2018,3.486333161393933,65.14330029634225,0.0,0.0,0.0,3.338504984274405,0.0,62.97355957840269,-34.756347357766636,-28.892494397227928,0.0,0.0,0.0,0.0,0.0,0.0,0.0,5.053154763555157,0.0,107.64238206272172,2.6596402924412668,130.2598385550037,0.0,176.41003605601256,190.27412143054457,576.826144662031,-4.568336530724136,-84.26361889910791,1171.5862186578968,1046.114402
01/05/2019,3.5879839528176025,65.29625435873457,0.0,0.0,0.0,3.071575304433326,0.0,63.18074089576487,-34.788962880892235,-28.884897802426185,0.0,0.0,0.0,0.0,0.0,0.0,0.0,7.944650780916352,0.0,122.61461136858514,2.5297082125701102,138.49190094581988,68.99680179040143,177.0290392644447,122.04271882379712,524.7961743858372,-4.567948242869142,-84.26361889910791,1147.0767322588267,939.742876
01/12/2019,3.7179907433673858,64.6005856160488,0.0,0.0,0.0,2.969971726956553,2.996412652987652,63.71858622736914,-34.783561834067136,-28.915400068440334,0.0,0.0,0.0,0.0,0.0,0.0,0.0,14.771838887148206,0.0,125.15011874747749,2.3050333265896117,125.54533951150962,59.1401158203441,176.50395706990648,106.89657292597562,530.4383447201091,-4.567379817233239,-84.26361889910791,1126.224907356941,1049.500048
01/19/2019,3.870047609281264,63.515539549662655,0.0,0.0,0.0,2.9471047893031215,4.824953822464085,65.50722284501401,-34.7161357320441,-28.9468040570762,0.0,0.0,0.0,0.0,0.0,0.0,0.0,19.590172440852925,-0.0,113.4696020365467,2.2029830406825965,112.59877807719938,49.283429850286744,176.14148407116903,91.7504269781394,536.080520303908,-4.567031011631595,-84.26361889910791,1089.28867571465,1181.480884
01/26/2019,4.038876075380985,62.18160883165949,0.0,0.0,0.0,2.9597466557628795,22.499658368415727,67.89411238725656,-34.69681167177279,-28.918467682492885,0.0,0.0,0.0,0.0,0.0,0.0,0.0,22.01069686185371,0.0,124.14535991363184,2.257532792533108,99.65221664288914,39.426743880229395,176.1916506236339,76.6042810803179,541.7226958877068,-4.566771909343986,-84.26361889910791,1089.139509838554,1153.631206
02/02/2019,4.220168643686696,60.62983478293772,0.0,0.0,422.2113734556339,2.9870789757093665,11.265570333105895,70.42720915565287,-34.689037281761216,-28.8553128244901,0.0,0.0,0.0,0.0,0.0,0.0,0.0,18.64160892592406,0.0,123.97237511928944,2.141569893061578,86.70565520857892,29.57005791017205,175.71931056449625,61.45813518249641,547.3648714715055,-4.5668178348817365,-84.26361889910791,1464.9400327820097,1171.093698
02/09/2019,4.410474175507224,58.84861468664428,0.0,0.0,155.32288270887662,3.019465245816897,7.549235046767541,72.86689036839482,-34.63192383422816,-28.84712281792943,0.0,0.0,0.0,0.0,0.0,0.0,0.0,19.316702863517666,0.0,121.15338108326597,2.2241978429017077,73.75909377426868,19.713371940114698,176.21086361261214,46.31198928467492,553.0070470553043,-4.56662654702002,-84.26361889910791,1161.404917590382,1095.734725
02/16/2019,4.607064072339271,56.804956907651935,0.0,0.0,57.14009590234716,3.052655016401183,7.122010831577434,75.1072556442545,-34.618185612732496,-28.84153871400923,0.0,0.0,0.0,0.0,0.0,0.0,114.25053284210406,16.19616244255707,0.0,118.94882101331842,2.1335844524146794,60.81253233995845,9.856685970057349,176.3702237768098,31.165843336838694,558.6492226391031,-4.567144705898186,-84.26361889910791,1139.9271592559853,1193.694991
02/23/2019,4.807802066159976,54.45013822051604,0.0,0.0,21.02066551755073,3.084899015669138,5.744563621974055,77.11796055603799,-34.66258427083268,-28.87450296244144,0.0,0.0,0.0,0.0,0.0,0.0,0.0,8.130982603783522,0.0,123.23360649603434,2.3167186033669522,47.86597090564822,0.0,176.18859323832714,16.019697439017197,564.2913982229019,-4.566852564641628,-84.26361889910791,951.9054378099637,1107.738831
03/02/2019,4.969647782050207,55.15952684925405,0.0,0.0,7.733072435173523,3.2823793830314565,5.005537556923379,78.90618273551505,-34.634303702649156,-28.915863250632107,0.0,0.0,0.0,0.0,0.0,0.0,0.0,6.642705202179543,-0.0,123.88284026200661,2.3063164724074157,47.49445941556096,0.0,176.0489493585214,11.344085576944028,577.7998478785316,-4.566720545856989,-84.26361889910791,948.1950445098533,1120.015081
03/09/2019,5.09347645738417,60.12914551772264,0.0,0.0,2.8448390485428683,3.576050139128622,5.072336961264337,80.4943734014172,-34.6355115592623,-28.986316011118593,0.0,0.0,0.0,0.0,0.0,0.0,0.0,7.221382709777956,0.0,122.14526233841923,2.3863052805603706,51.56932227108783,0.0,175.31621392419873,0.0,569.7050199118095,-4.566324443806019,-84.26361889910791,933.1019570480187,1068.818316
03/16/2019,5.197173420759546,61.84094922404151,0.0,0.0,1.046558552874585,3.6124029956188015,4.978578945842163,79.94631122481249,-34.68300417205379,-29.014469119464863,0.0,0.0,0.0,0.0,0.0,0.0,0.0,6.8132487920331855,0.0,119.97222860004048,2.368931589611686,36.42265294593628,0.0,175.57261159346416,0.0,560.2007307640262,-4.565566558190499,-84.26361889910791,905.445719900244,1074.983762
03/23/2019,5.284242976047605,62.54625226716128,0.0,0.0,0.3850049823915234,3.6169030128526702,3.0314358163718413,75.4939224794042,-34.67197600826456,-28.98669364709332,0.0,0.0,0.0,0.0,0.0,0.0,0.0,8.520593251926885,0.0,119.73661985588758,2.2593179666325196,53.72294483312453,0.0,176.03949421087378,59.44886134674048,569.8153964608927,-4.565719414831073,-84.26361889910791,987.4129814910106,1090.722856
03/30/2019,5.357506790375193,62.83685302252011,0.0,0.0,0.1416357031395024,3.6174600738539335,1.115203109246653,75.24638363043374,-34.66877708578414,-28.980859733901372,0.0,0.0,0.0,0.0,0.0,0.0,0.0,8.346752281514021,0.0,118.32855682959757,2.3422608825702524,34.11220744959853,0.0,176.03934913283638,0.9015404833068928,581.5608345595361,-4.565656855566216,-84.26361889910791,917.4676313741694,1089.504605
04/06/2019,5.007925814165882,56.38179223950816,0.0,0.0,0.05210319964692106,3.105178433048994,0.4102600821080721,75.11394231090459,-34.681140092114276,-28.9707986864805,0.0,0.0,0.0,0.0,0.0,0.0,0.0,4.711650086050969,0.0,114.76497242025187,2.312063039421149,77.48914304008397,0.0,175.58674326895945,8.169135625904303,541.705167717946,-4.5657241673245315,-84.26361889910791,912.3287954329732,1073.020466
04/13/2019,4.6235861119905515,51.64975301136387,0.0,0.0,0.0191684557374247,2.5636880047207535,0.15092626536343035,75.35343688522198,-34.67105337322241,-28.94300374665638,0.0,0.0,0.0,0.0,0.0,0.0,0.0,8.06250444472808,0.0,119.59799280526464,2.3744082023294313,79.28502664631608,0.0,175.8666220872418,46.49659219606222,569.3123973084123,-4.565601882012073,-84.26361889910791,982.9128245237538,1076.796495
04/20/2019,4.279309051779598,48.786090415863086,0.0,0.0,0.007054339537050541,2.1873712699421843,0.05552282509752155,75.53156976428912,-34.63346297197803,-28.90479825608523,0.0,0.0,0.0,0.0,0.0,0.0,0.0,6.239794267077672,0.0,114.84309128109254,2.3439445362897895,108.16135144132133,0.0,175.69309979907186,10.07115572785845,554.0677401792938,-4.5668284365979135,-84.26361889910791,949.8983863347449,1176.215264
04/27/2019,3.9714512159050575,47.047866169451964,0.0,0.0,0.0025923882582227337,1.9258444524297755,0.020425765388014987,75.2082652575595,-34.639681080622026,-28.905802890756437,0.0,0.0,0.0,0.0,0.0,0.0,0.0,6.345208200614305,0.0,130.01104209705167,2.348976898735205,107.70583717403206,0.0,174.88996211269668,56.43066255537633,527.615747689274,-4.56582954472757,-84.26361889910791,981.1489495615589,1039.763007
05/04/2019,3.681898797190233,49.50962157744144,0.0,0.0,0.0009565206151932938,2.567716549582942,0.007514024679359214,72.57772980232575,-34.63428970521906,-28.839857687252387,0.0,0.0,0.0,0.0,0.0,0.0,0.0,4.945176200694686,0.0,116.56327380186634,2.388836204887288,115.17327782997268,0.0,175.64286339421858,59.202413773497305,533.1901151362657,-4.566232364245256,-84.26361889910791,983.147394957413,1027.537625
05/11/2019,3.411612043864059,51.62959740317707,0.0,0.0,0.000353260454474796,2.743451827260478,0.002764133102011997,71.3969805543597,-34.60171844088076,-28.826132296791645,0.0,0.0,0.0,0.0,0.0,0.0,0.0,4.940191788221444,0.0,118.41585859620525,2.5412719897090748,82.94702006756536,43.205500429804296,175.3496230678,8.072912290305617,552.6438690473512,-4.566603561402618,-84.26361889910791,965.0429333009973,1083.763324
05/18/2019,3.170108682144637,52.74307492686885,0.0,0.0,0.00013043462934454004,2.822776394261934,0.0010168955433957697,71.23690604821651,-34.6094281788067,-28.822400351046902,0.0,0.0,0.0,0.0,0.0,0.0,0.0,3.928654268865708,0.0,118.48546655553645,2.4128335098130465,71.92776223050244,0.0,174.87868542969056,0.5400040189851151,535.7966363972533,-4.566927416413604,-84.26361889910791,885.6816809469364,1058.24685
05/25/2019,2.9547465117314697,53.3279078943468,0.0,0.0,4.891298600420252e-05,2.858582440788828,0.0003739975131342536,70.21787017579109,-34.623549195086646,-28.836999310216516,0.0,0.0,0.0,0.0,0.0,0.0,0.0,3.4761207384746875,0.0,120.4776464863744,2.389403769569984,44.2387476873814,0.0,175.23898942221444,58.294561431490614,546.1043656114867,-4.566917043182689,-84.26361889910791,927.2882806325558,1110.0783
06/01/2019,2.752952538662756,54.342028792559546,0.0,0.0,1.6304328668067505e-05,2.9745254490768844,0.00013752927211852357,69.38603612315548,-34.625048819203904,-28.84193935439587,0.0,0.0,0.0,0.0,0.0,0.0,0.0,4.083188096262567,0.0,118.86206056396664,2.3796045515617905,61.821715394639845,1.884592352496997,175.3378341339457,0.0,513.5663500524128,-4.566643866202914,-84.26361889910791,855.0937909434313,1011.390202
