Period,TAS_SPD__APL_0.70|0.6|0,DEP_ALL__PVAL_3|3,LTV_30B_17__PVAL_3|5,LTV_30B_18__PVAL_4|5,LTV_30B_19__PVAL_3|5,MAS_SPD__PVAL_3|3,SUP_VID__PVAL_3|5,IRI_pctTD__PVAL_5|3#LAG_2,IRI_BAS_PRC_1500ML__RA_5,IRI_BAS_PRC_750ML__RA_7,HOL_CHR_NEW,HOL_LAB,HOL_MEM,HOL_MOT,HOL_NWY,HOL_THK,HOL_VAT,IRI_BAV_1500ML,IRI_BAV_750ML,IRI_TRD_DESEA,IRI_WBR,IRI_pctAT,IRI_pctFD,IRI_pctTA,IRI_pctTF,SEA_IRI_CORE_1,WBR_TRD,Intercept,Predicted,IRI_EVO
06/11/2016,3.9895920801516755,59.21769781920334,0.0,0.0,0.0,8.19619803295075,0.0,0.0,-91.65665844535306,-102.11736563202352,0.0,0.0,0.0,0.0,0.0,0.0,0.0,28.517095493526476,64.92512966338084,369.56333452502525,6.5907771068123076,183.5305149869321,20.366050542452513,460.78979290314663,202.21783915385663,1225.5275303330757,-22.099427681643302,24.189673625234384,2441.747774506729,2428.269734
06/18/2016,5.485267932626241,86.8365130148556,0.0,0.0,0.0,11.39346232533708,0.0,0.0,-91.68772286481406,-102.64036607583913,0.0,0.0,0.0,0.0,0.0,0.0,0.0,32.88026087865522,66.11891194082472,371.82439743988965,6.388759270904769,191.50656276055395,25.738640009677383,460.877244360264,193.79747712858938,1200.7516691481414,-22.09418169167271,24.189673625234384,2461.3665692032278,2501.38354
06/25/2016,6.38550077554894,99.71777984695406,0.0,0.0,0.0,12.640686715588908,0.0,75.98574511846158,-91.6198746599815,-102.52251793690144,0.0,0.0,0.0,0.0,0.0,0.0,0.0,44.11026753219892,74.59382231542416,381.1098115933191,6.533453854457174,115.63129691441162,28.59717836365787,460.877244360264,222.97579962248082,1172.2447147653324,-22.11411932928812,24.189673625234384,2509.3364634771624,2478.896366
07/02/2016,7.261996059774946,104.00869122653974,0.0,0.0,0.0,12.66177934408574,0.0,127.72506511474596,-91.65644215254875,-102.88388604080349,0.0,0.0,0.0,0.0,0.0,0.0,0.0,38.24227874795782,13.597255228198518,381.40401713370164,6.9262897702380455,120.92206875484062,63.80859528300614,460.877244360264,224.01141489609714,1196.0491528087828,-22.12097815977634,24.189673625234384,2565.024216000339,2452.617145
07/09/2016,8.505753318554603,101.70574091359354,0.0,0.0,0.0,11.202872950259627,0.0,134.96513266128747,-91.26513317255414,-103.42268670276144,0.0,0.0,0.0,0.0,0.0,0.0,0.0,41.63256973731971,41.54625282295021,386.6497631252633,6.6589682043228,129.57427660712176,83.5502839783653,460.877244360264,204.66332431888716,1182.5539341969873,-22.12097815977634,24.189673625234384,2601.4669927853192,2403.778475
07/16/2016,9.308241041980665,100.46956475138354,0.0,0.0,0.0,10.299069953319206,0.0,149.16527616819556,-91.26545886970968,-103.90454164587601,0.0,0.0,0.0,0.0,0.0,0.0,0.0,30.041352308194245,271.1757481985317,372.12650999303514,5.290536129887127,105.42575007990435,42.94006464710016,460.877244360264,201.44485410231425,1311.2888459884614,-22.12097815977634,24.189673625234384,2876.7517526724437,3022.259348
07/23/2016,9.84348520403543,99.80601202958937,0.0,0.0,0.0,9.739157512675252,0.0,151.48663197374265,-91.88968270168158,-104.03003027562099,0.0,0.0,0.0,0.0,0.0,0.0,0.0,26.60319242812874,40.77930046428562,389.72460816775697,6.786770126458699,126.60732858750897,0.0,459.8722738763018,14.598513943638803,1192.715175396495,-22.12097815977634,24.189673625234384,2334.7114321987724,2369.947395
07/30/2016,10.2068698745593,99.44982965612003,0.0,0.0,0.0,9.392287598997665,0.0,189.67627004405801,-92.58936271022169,-103.60208972227947,0.0,0.0,0.0,0.0,0.0,0.0,0.0,20.778935097731075,24.14024952905173,368.2333897177067,6.730880724142844,127.38553466680153,1.3924386022399386,460.877244360264,8.748893512804276,1194.3999081928177,-22.12097815977634,24.189673625234384,2327.2899746102516,2383.020763
08/06/2016,8.928290693671268,104.33608535557107,0.0,0.0,0.0,9.317856541781934,0.0,213.21992023751469,-93.1791116665045,-103.30340808700784,0.0,0.0,0.0,0.0,0.0,0.0,0.0,25.88907082606048,102.48089447642187,375.7602020878247,7.28815944708274,78.12037590757501,26.13293270354975,459.1713717630787,205.6387039281192,1321.3215845145974,-22.12097815977634,24.189673625234384,2743.1916241947943,2310.059109
08/13/2016,7.661381397804128,107.43341465616143,0.0,0.0,0.0,9.29593068507853,0.0,223.56652653926685,-94.17414187379362,-103.63762336763983,0.0,0.0,0.0,0.0,0.0,0.0,0.0,17.395640137969142,92.00442586919894,369.15310420196255,6.857214874171503,201.55598120568223,2.988278555625275,459.4439806531178,57.218409483709394,1320.811438459019,-22.12097815977634,24.189673625234384,2679.6426569427913,2450.253486
08/20/2016,6.684367570777991,108.89420585124036,0.0,0.0,0.0,9.282654210099263,0.0,200.74872850102764,-94.76254905247681,-103.54341370792403,0.0,0.0,0.0,0.0,0.0,0.0,0.0,13.723627311490889,81.25105129651962,369.0587965595405,7.085741672921196,213.18912723037278,0.6972391543102667,458.95370404933976,2.8729262025771014,1230.2028972448384,-22.12097815977634,24.189673625234384,2506.407799560113,2471.580306
08/27/2016,5.9396400284130495,109.58315883629284,0.0,0.0,0.0,9.274615052264686,0.0,188.866085415765,-94.34492083042456,-103.52695991642823,0.0,0.0,0.0,0.0,0.0,0.0,0.0,4.0664233984411595,167.9338817012844,381.79801293991244,5.380357412967902,101.99902056036582,91.6877712540503,459.6988365517041,175.22051626269808,1434.1479567642168,-22.12097815977634,24.189673625234384,2939.7930908969815,3317.655271
09/03/2016,5.357966859681889,109.65067487954049,0.0,0.0,0.0,9.823379083425815,0.0,180.66994097834643,-94.12878380338701,-103.47781680117065,0.0,0.0,0.0,0.0,0.0,0.0,0.0,91.66195474320166,81.87322902501313,377.80466326120796,6.301256303987981,228.6113158665965,6.645984168180532,460.72639002064,24.953345929134173,1273.5592726065329,-22.12097815977634,24.189673625234384,2662.1014685863897,2787.288638
09/10/2016,4.894660841419642,109.33707625557419,0.0,0.0,0.0,10.770805041922083,0.0,163.23816608780209,-93.86183266077859,-103.75121434635044,0.0,0.0,0.0,0.0,0.0,0.0,0.0,122.0277573273593,119.0359535700436,378.0773170672719,6.278246285935707,202.6427029387734,6.496084344005518,460.877244360264,64.38243364161816,1292.9894392013098,-22.12097815977634,24.189673625234384,2745.5035354216284,2795.70257
09/17/2016,4.552166222207646,109.18680784935967,0.0,0.0,0.0,11.246165182290834,0.0,187.92340193417314,-93.39858209480731,-104.12051923821637,0.0,0.0,0.0,0.0,0.0,0.0,0.0,143.46454488586008,114.15663599384426,368.6807586211371,5.590381511557505,143.6888394265535,61.3269391698373,460.3244267144263,221.13797506826035,1439.852120760883,-22.12097815977634,24.189673625234384,3075.680757472825,2870.84678
09/24/2016,4.301839263306807,109.11480402276288,0.0,0.0,0.0,11.48467191207156,0.0,206.53693622585072,-93.19505527024013,-104.27879814252427,0.0,0.0,0.0,0.0,0.0,0.0,0.0,119.15612539264048,77.45597045451663,361.41932346419685,6.168165621622857,246.2360190530443,1.2854441305139572,460.877244360264,23.207869100176953,1276.4992508767082,-22.12097815977634,24.189673625234384,2708.3385059303696,2731.563313
10/01/2016,4.468313388951722,109.56503055355356,0.0,0.0,0.0,11.542061038498673,0.0,190.90439448638153,-93.18956425558055,-104.03661163672275,0.0,0.0,0.0,0.0,0.0,0.0,0.0,123.00717639597772,72.29165935920746,372.3108705145145,6.398884960670832,216.87664778260609,2.4812212809530725,460.8357561907267,55.649069431308504,1426.9460724314185,-22.12097815977634,24.189673625234384,2858.1196773879237,2834.091272
10/08/2016,6.359005137860437,112.54548705152288,0.0,0.0,0.0,11.182615356337175,0.0,195.89045233255538,-92.9725935134959,-103.69069417336996,0.0,0.0,0.0,0.0,0.0,0.0,0.0,271.0409811733537,55.408824329626455,371.6913055294783,5.612636282879764,168.30194871726044,27.699862036062306,460.7347411163078,163.1222514671361,1375.5032816154976,-22.12097815977634,24.189673625234384,3030.49879992447,2988.433943
10/15/2016,7.481646869112139,113.85256723816023,0.0,0.0,0.0,10.985299395962613,0.0,184.17299462847706,-92.7236724729561,-103.2112282823394,0.0,0.0,0.0,0.0,0.0,0.0,0.0,249.43097292497308,62.279015663897916,370.4925595971105,5.659959973366761,158.89403055919374,42.99035070426439,460.877244360264,209.1018274826768,1397.6667722404982,-22.12097815977634,24.189673625234384,3080.01903634812,2968.729444
10/22/2016,8.204463760055779,114.42578708136325,0.0,0.0,0.0,10.876983834489856,0.0,168.7877093500212,-92.49129922387735,-102.93528906978257,0.0,0.0,0.0,0.0,0.0,0.0,0.0,130.07113518656192,48.675260713680636,361.2157924704401,5.983344564952906,227.50791686638485,0.0,460.7826953935835,4.069662575514824,1339.953585641549,-22.12097815977634,24.189673625234384,2687.1964446103952,2715.939623
10/29/2016,8.686063911998346,114.67717233240758,0.0,0.0,0.0,10.817524446336249,0.0,162.8153406276172,-92.41749663252018,-102.6617075508383,0.0,0.0,0.0,0.0,0.0,0.0,0.0,126.71870801331448,32.985169193184355,377.1529746415272,6.213552586706382,215.95833488839213,1.2404847679930213,460.7767224244966,2.6363231543770627,1419.3770613491279,-22.12097815977634,24.189673625234384,2747.0449236195777,2742.98895
11/05/2016,8.027164513991194,112.16103164295397,0.0,0.0,0.0,11.751729270394366,0.0,184.1213292443766,-92.1446507405937,-102.14876044698438,0.0,0.0,0.0,0.0,0.0,0.0,0.0,124.72458882357894,106.77453961217822,384.70155273355573,6.053319464462519,240.061970980081,4.755759943974573,460.877244360264,37.46101722633858,1357.9933413979418,-22.12097815977634,24.189673625234384,2847.239873491971,2859.273491
11/12/2016,7.107660475414952,109.82361249664626,0.0,0.0,0.0,12.484375961381756,0.0,183.05147641076167,-91.55113923632739,-101.73105513408171,0.0,0.0,0.0,0.0,0.0,0.0,0.0,123.53774625370315,107.6541686587158,373.7588786312411,6.199174570506891,226.4307639565928,1.115564910319204,459.72242885784294,3.3414310555287607,1408.0821791782503,-22.12097815977634,24.189673625234384,2831.0959625119544,2812.898055
11/19/2016,6.4138027046351,108.68194698502678,0.0,0.0,0.0,12.793414128705093,0.0,190.82540123403706,-90.83918615566628,-101.39208676593296,0.0,0.0,0.0,0.0,0.0,0.0,0.0,117.31170619111896,118.5565174536468,366.9078276604039,6.077749149381242,241.32549686932117,1.9314074122214462,460.3157391783701,24.888587217820167,1541.0731238908675,-22.12097815977634,24.189673625234384,3006.940142619414,3226.26752
11/26/2016,5.896769866406726,108.12432218896204,0.0,0.0,0.0,12.923769676483847,0.0,209.5134578286606,-90.0053669444206,-100.68339884844455,0.0,0.0,0.0,0.0,0.0,310.7953745018834,0.0,73.33784869843167,108.57025847465995,370.01130518135204,5.940033392445741,274.1396637564545,2.0462145601401405,460.877244360264,11.190075756016356,1851.3040784792522,-22.12097815977634,24.189673625234384,3616.050346394006,3679.959099
12/03/2016,5.6441429977385065,111.18472766154957,0.0,0.0,0.0,13.174798640575178,0.0,219.55175005174357,-89.14026057485108,-100.28634905731717,0.0,0.0,0.0,0.0,0.0,0.0,0.0,46.66973612466036,92.44131700151408,383.2420898749857,6.222788448509269,241.32883661232344,14.891713197473628,460.877244360264,33.522082761563915,1318.606461682262,-22.12097815977634,24.189673625234384,2759.999775248453,2809.805049
12/10/2016,5.6340816208146896,116.41679511669767,0.0,0.0,0.0,13.511283745708164,0.0,224.08664374614622,-88.23567677134433,-99.69754635983007,0.0,0.0,0.0,0.0,0.0,0.0,0.0,9.965656099820393,88.29369301795981,386.54390509983347,6.230479370157316,216.13959101388267,62.23205959141079,460.877244360264,185.45862428739102,1401.0883758155271,-22.12097815977634,24.189673625234384,2990.613905219897,3076.638027
12/17/2016,5.627031524260191,118.50028396640384,0.0,0.0,0.0,13.635069697974098,0.0,220.94760313269916,-87.87035079627627,-98.96101762304987,0.0,0.0,0.0,0.0,0.0,0.0,0.0,13.807404139065948,102.5560122683372,398.3830854826347,5.651802891110047,119.53842854892655,23.139999726772682,460.877244360264,254.51605931951732,1594.4671690012617,-22.12097815977634,24.189673625234384,3146.884521105359,3496.090765
12/24/2016,5.62209295098462,119.32996143683133,0.0,0.0,0.0,13.680607902055218,0.0,195.02485709008602,-88.59173644052197,-98.37635797876078,278.25182389291496,0.0,0.0,0.0,0.0,0.0,0.0,5.626437697730909,73.0043138117839,387.66411416114437,5.861382142626994,113.29035154873613,77.08708095993981,460.877244360264,208.2253312180839,1827.151185843656,-22.12097815977634,24.189673625234384,3585.7973860630136,4042.410676
12/31/2016,5.618634228235343,119.6603508659993,0.0,0.0,0.0,13.69736048556359,0.0,204.59465861256925,-89.66494958156886,-97.7555904189997,0.0,0.0,0.0,0.0,0.0,0.0,0.0,14.500537652334351,55.347715071011805,392.80088351498495,5.871670554914561,126.00920206369516,23.011761412715288,460.877244360264,299.01381073762,1395.9005773096385,-22.12097815977634,24.189673625234384,2931.552562334435,2789.287798
01/07/2017,7.1762129339813825,112.79464317333787,0.0,0.0,0.0,11.113537059590769,0.0,182.1874524802186,-90.75154450191553,-97.13843002863084,0.0,0.0,0.0,0.0,0.0,0.0,0.0,23.212274554394096,70.37706087779374,344.69202616777966,5.654324738921475,157.9702239409403,6.465937884203684,460.877244360264,53.65353047591765,1267.460430732064,-22.12097815977634,24.189673625234384,2517.813620314319,2637.40598
01/14/2017,8.236827303353866,109.42931791833327,0.0,0.0,0.0,9.220176052903208,0.0,215.72415083273603,-91.94429375413942,-97.76734373264576,0.0,0.0,0.0,0.0,0.0,0.0,0.0,28.669528697605724,125.82129236891959,347.82865692460757,4.596035068406712,169.08048877085324,6.243367126469966,460.877244360264,50.6039628337612,1285.9858703557013,-22.12097815977634,24.189673625234384,2634.673976592588,3707.494002
01/21/2017,9.016245966694513,107.81316674968089,0.0,0.0,0.0,7.808564802177154,0.00016656120566487133,230.24219180115452,-92.80400270343718,-98.15325413185967,0.0,0.0,0.0,0.0,0.0,0.0,0.0,36.44911361275281,83.50034094325504,380.74348817541244,5.322956442847469,180.1907536007662,6.020796397343631,460.877244360264,47.554395244015495,1304.5112961275895,-22.12097815977634,24.189673625234384,2671.1621594153203,3029.500107
01/28/2017,9.620737688456098,107.06967243449114,0.0,0.0,0.0,6.734045596168532,8.185761135007738,235.41367417408713,-93.17645830208284,-98.46378167744999,0.0,0.0,0.0,0.0,0.0,0.0,0.0,78.6207286845176,91.46109065916575,357.15707269010255,5.5382566824897435,191.3010184306791,5.798225639609915,460.7911939699695,44.50482760185905,1323.036721899478,-22.12097815977634,24.189673625234384,2735.661482772007,3077.609712
02/04/2017,10.111123548218664,106.76076826810716,329.46865348149754,0.0,0.0,5.895867941796443,20.655427048648477,236.2714193365618,-93.127352004959,-98.767646378696,0.0,0.0,0.0,0.0,0.0,0.0,0.0,91.60142278816839,104.846912007631,359.8953231148733,5.102644339506519,202.41128326059206,5.575654881876197,460.877244360264,41.45526001211334,1341.5621476713663,-22.08493003497695,24.189673625234384,3132.7008972678236,3240.859057
02/11/2017,10.524894488561094,106.66784310413405,111.1494750026142,0.0,0.0,5.223510747079374,47.16088231255241,235.05780280105472,-92.68372465539042,-99.00019415627526,0.0,0.0,0.0,0.0,0.0,0.0,0.0,13.472898637763564,113.89390179671645,353.01512150357036,5.468107083759879,213.521548090505,5.353084124142479,460.877244360264,38.4056923699569,1360.0875872950035,-22.11292899945334,24.189673625234384,2890.2724195317933,3095.604795
02/18/2017,10.886148174342162,106.68196485923862,37.165637355622096,0.0,0.0,4.667355715697251,19.386197349241026,232.7854654479714,-92.4719244114758,-99.38701382920321,0.0,0.0,0.0,0.0,0.0,0.0,140.7203949814586,19.284517979206473,90.46418466487887,366.007435228255,5.904806877078542,224.63181292041793,5.130513395016144,460.877244360264,35.35612478021119,1378.6130130668919,-22.12097815977634,24.189673625234384,2948.77257438057,2830.50134
02/25/2017,11.210776234025145,106.74893173952381,12.293363042947032,0.0,0.0,4.192299866197002,7.871578344644726,229.91570558105315,-92.1776619292762,-99.70317577713438,0.0,0.0,0.0,0.0,0.0,0.0,0.0,63.3406227015993,63.00508506785552,354.30117614927883,5.923788509089607,235.74207775033088,4.907942637282427,460.877244360264,32.30655713805475,1397.1384388387803,-22.111277226014153,24.189673625234384,2799.9731466537364,2824.461564
03/04/2017,11.083126915095304,113.08308216190306,6.415482077158265,0.0,0.0,3.85965592010617,3.6451006459596993,226.65811029272123,-91.3780552852874,-99.27502617239811,0.0,0.0,0.0,0.0,0.0,0.0,0.0,61.09670262700811,100.5435618074905,370.6157698979341,5.965807331022111,214.13417951649564,5.29568424053549,460.877244360264,20.596687378154485,1410.6402093277459,-22.12097815977634,24.189673625234384,2825.9260185073667,2819.053206
03/11/2017,10.723346029125638,119.49254024612101,2.9127375025049846,0.0,0.0,3.6284943744901454,1.9220163766492164,223.1050176473293,-90.56573222028885,-98.61935713698705,0.0,0.0,0.0,0.0,0.0,0.0,0.0,69.20241786823757,94.54952706552744,368.8169295681855,5.942052397587115,205.89169072293478,0.2370150257204163,460.877244360264,1.6277885105243834,1312.600080230856,-22.12097815977634,24.189673625234384,2694.4125040342396,2738.959424
03/18/2017,10.466639278535522,121.85044671391537,1.0715362447006254,0.0,0.0,3.456820297836424,1.3277507103706991,217.8390135724383,-90.23723254778203,-98.2195885343707,0.0,0.0,0.0,0.0,0.0,0.0,0.0,52.22804402876019,100.96031567318593,374.0263915344517,6.210870613656518,198.8476365338985,4.307665345614346,460.877244360264,17.898210326280427,1297.8914622782527,-22.12097815977634,24.189673625234384,2682.8719218954666,2759.286989
03/25/2017,10.284419939605101,122.71787323303391,0.39419615489543325,0.0,0.0,3.3293250513785293,1.611637629305906,218.57829477494343,-89.90868284016508,-97.66993204828123,0.0,0.0,0.0,0.0,0.0,0.0,0.0,76.13583425703916,100.30403666341594,369.0856017082679,5.6062703914971355,207.51410723358842,0.3890747072830167,460.71796057584066,4.135710591052147,1385.1919427021005,-22.12097815977634,24.189673625234384,2780.4863661902587,2901.995451
04/01/2017,9.940675367067422,121.25664506957628,0.1435413286083018,0.0,0.0,3.291896289261354,0.8398037481391286,221.79674981712762,-89.66744718361105,-97.12378697924599,0.0,0.0,0.0,0.0,0.0,0.0,0.0,51.215023957762064,121.04804788173857,376.416954108036,5.5437294688922085,194.24967446338962,13.522930039919716,460.7450048525397,45.4374707593046,1375.6459684796132,-22.12097815977634,24.189673625234384,2816.371576933577,2949.870791
04/08/2017,8.307440414379764,106.63919510292571,0.030425059929220996,0.0,0.0,3.603290945501575,0.3089463209745925,240.54821289775046,-89.56288203590752,-96.61319139487681,0.0,0.0,0.0,0.0,0.0,0.0,0.0,40.903904417803524,154.685652641764,361.51683330979523,5.47852475878088,206.16338647612963,12.219365993256128,460.56900044169095,22.91066875348124,1363.0597016223333,-22.10579321431856,24.189673625234384,2802.852356136628,3093.001365
04/15/2017,7.023441776539048,97.86720400057914,0.011192754044364482,0.0,0.0,3.8276127615094286,0.11365491921516634,245.45776567211462,-89.74569003742783,-96.97990143039787,0.0,0.0,0.0,0.0,0.0,0.0,0.0,20.27464423291157,97.18268613961683,389.3632153436181,5.3659275590737,184.93890605887577,1.389025741493726,460.877244360264,34.45523503694545,1477.38542871444,-22.12097815977634,24.189673625234384,2840.876289068873,3367.043456
04/22/2017,6.022588912134439,92.6030946580649,0.004117584103020872,0.0,0.0,3.989209440576906,0.04181116097557728,254.49982345519373,-89.99360270897462,-97.31710518707959,0.0,0.0,0.0,0.0,0.0,0.0,0.0,18.436192970618695,211.37765268591414,396.51971121379387,5.082418842325966,123.62674277330625,66.16265960896476,460.877244360264,182.94038253200273,1493.1969090526388,-22.12097815977634,24.189673625234384,3130.1385468202816,3106.102725
04/29/2017,5.250365776648477,89.44408195633625,0.0015147745387899924,0.0,0.0,4.105619993071122,0.015381658696044955,245.59272030776427,-90.26595602079863,-97.2468748946655,0.0,0.0,0.0,0.0,0.0,0.0,0.0,24.167270207849967,49.885826519898956,351.6143460422506,5.838265004135653,204.57720464505832,0.34097711488899185,460.58762449113556,5.110445548172546,1330.3013962094665,-22.12097815977634,24.189673625234384,2591.388904799906,2744.318519
05/06/2017,4.828206484776921,92.87359875192328,0.0012233484027471377,0.0,0.0,4.765739210084909,0.005658782638911048,212.47510866499263,-90.53408312992164,-97.65995388023138,0.0,0.0,0.0,0.0,0.0,0.0,0.0,23.85345189084852,45.92866813477086,370.3321972703444,6.273616556632613,122.3381473636583,2.390238361277847,460.877244360264,5.181566923417861,1332.2680952038222,-22.12097815977634,24.189673625234384,2498.267419763161,2692.774358
05/13/2017,4.546110523598423,95.5609144225225,0.0004996693714028651,0.0,0.0,5.308610541016523,0.0020814777765990693,218.72326368928216,-90.89301241166432,-98.26451958340147,0.0,0.0,0.0,0.0,0.0,0.0,0.0,27.360368448917857,62.725849293365044,371.3824696815356,6.302853576811558,117.94125007782303,72.41328688863956,460.877244360264,195.67265481776738,1325.1790472165326,-22.12097815977634,24.189673625234384,2776.9076681556166,2718.926567
05/20/2017,4.341501285475488,97.0080724994339,0.000183818089167297,0.0,0.0,5.678274189022999,0.0007661815460584082,219.0434517024047,-91.04626274873786,-98.52228868839538,0.0,0.0,0.0,0.0,0.0,0.0,0.0,18.114300382896154,103.34081660323139,380.5180237705948,6.081928837045539,94.04065197676509,31.339699477434966,460.877244360264,208.30627436615234,1285.2879638454983,-22.12097815977634,24.189673625234384,2726.4792973241797,2670.321526
05/27/2017,4.194367949718086,97.787387887968,6.762289589918909e-05,0.0,0.0,5.9299938424790986,0.00028154216699481475,198.10475805837288,-90.93573539884987,-99.26371253287708,0.0,0.0,0.0,0.0,0.0,0.0,0.0,31.68629690230492,38.087020631011974,366.6685489422045,6.467059084601919,111.76755129908202,62.10288581594182,460.73557991289255,182.53724959603227,1286.7744365616265,-22.12097815977634,24.189673625234384,2664.71273318303,2645.838392
06/03/2017,3.9371476641545167,100.89345950862206,2.896887434577927e-05,0.0,0.0,6.117009236735148,0.0001031604886698558,195.12458518022086,-90.75682711386554,-99.19992380711496,0.0,0.0,0.0,0.0,0.0,0.0,0.0,27.24637579457598,45.31561672828998,376.88153842105595,6.5838600302962575,117.99915325512275,1.1707571336022544,460.877244360264,14.660395305283714,1225.294599325701,-22.100801394387027,24.189673625234384,2394.2339953831543,2432.571167
06/10/2017,3.5337962267196272,105.71768488947195,1.2712737315044519e-05,0.0,0.0,6.264683089577583,3.7610594827551595e-05,187.20817962314163,-90.60662077533746,-99.16795270973411,0.0,0.0,0.0,0.0,0.0,0.0,0.0,12.692678347431952,56.80411282919958,362.08087098820226,6.412168478287211,89.15460490047505,20.366050542452513,460.1186450248195,211.26239737865163,1225.5275303330757,-22.120403014344184,24.189673625234384,2559.4381501006574,2379.422479
06/17/2017,3.2321737831112247,107.9979394191255,4.676754771585215e-06,0.0,0.0,6.364885760566029,1.3969649507376306e-05,184.0494668323409,-91.37647390188663,-99.72473702059462,0.0,0.0,0.0,0.0,0.0,0.0,0.0,6.993120856462831,24.947387383667866,352.5223840595233,6.939168674338829,112.58470674814038,25.738640009677383,459.97933105139424,6.901750328872214,1200.7516691481414,-22.12097815977634,24.189673625234384,2309.9701272447433,2271.290354
06/24/2017,3.0093771709672907,109.07574406893562,1.7204819611761587e-06,0.0,0.0,6.432877444966578,5.372942118221656e-06,161.7319291539784,-92.26565567478237,-99.78603484403075,0.0,0.0,0.0,0.0,0.0,0.0,0.0,4.2058174075670935,29.36242002196618,345.8946300922095,6.914668979867852,105.87504968917804,28.59717836365787,460.5089527455233,0.336026223469283,1172.2447147653324,-22.12097815977634,24.189673625234384,2244.206398167689,2180.916586
07/01/2017,2.904272456616395,109.25226305525358,6.157333646511487e-07,0.0,0.0,6.465449212470877,2.1491768472886626e-06,159.66136769114266,-92.36327740514386,-100.00610562395894,0.0,0.0,0.0,0.0,0.0,0.0,0.0,3.2475619553728943,25.516216937144467,343.34589263467063,7.70229752739702,120.42965888497811,63.80859528300614,460.5533536592449,2.446826879994628,1196.0491528087828,-22.12097815977634,24.189673625234384,2311.0822241873407,2261.475719
07/08/2017,3.1655017115058026,107.28131423049417,1.9024588213838297e-07,0.0,0.0,6.405991630685081,1.0745884236443313e-06,145.85820561300477,-92.42837741554834,-100.89695174645188,0.0,0.0,0.0,0.0,0.0,0.0,0.0,19.544875596899324,44.80847517579956,350.1989123674607,7.7107285089682795,144.23447070554374,83.5502839783653,460.877244360264,51.437578150155254,1182.5539341969873,-22.12097815977634,24.189673625234384,2416.3708837944255,2238.163838
07/15/2017,3.340094086517758,106.2911158356417,6.998755805013189e-08,0.0,0.0,6.365260335563898,0.0,173.44551203524466,-93.5294283590353,-101.05480955999725,0.0,0.0,0.0,0.0,0.0,0.0,0.0,41.053805009016834,53.33716407230758,345.469308887226,6.830149565844582,166.71137619653575,42.94006464710016,460.77077710804434,200.57688506524704,1311.2888459884614,-22.12097815977634,24.189673625234384,2725.9048164491646,2356.223043
07/22/2017,3.4587667195901464,105.79364209890065,2.574693613754843e-08,0.0,0.0,6.337357536204889,0.0,179.25194373859443,-92.62401676549595,-101.38913409982462,0.0,0.0,0.0,0.0,0.0,0.0,0.0,31.88935728832791,35.9878775308193,335.58386756429013,7.027733492081781,152.85333934350598,0.0,460.18264243897136,185.83307806600394,1192.715175396495,-22.12097815977634,24.189673625234384,2504.97032583967,2288.326596
07/29/2017,3.540245681911474,105.54371390120025,9.471717999045619e-09,0.0,0.0,6.3182427162456865,0.0,154.90716096946758,-91.71788304964548,-101.57547424741006,0.0,0.0,0.0,0.0,0.0,0.0,0.0,44.81187652218698,46.76753294298537,362.08339355562424,7.011524141169939,167.13212866310113,1.3924386022399386,460.21777972008135,8.142417384735966,1194.3999081928177,-22.12097815977634,24.189673625234384,2371.0437011716417,2224.340207
08/05/2017,4.330580924312303,105.85311408574387,1.1971212927973528e-09,0.0,0.0,5.405258115937951,0.0,138.50375627768378,-91.77349050197151,-101.81511873520508,0.0,0.0,0.0,0.0,0.0,0.0,0.0,20.675549326976224,187.283672867489,339.7580674546819,5.577922565927503,142.2328922526483,26.13293270354975,460.1570176641849,193.93274925055562,1321.3215845145974,-22.12097815977634,24.189673625234384,2759.645184233767,3055.760148
08/12/2017,5.083310708650896,106.17904673269769,9.253110272003878e-11,0.0,0.0,4.3185845177911135,0.0,149.2537264504635,-91.75716276971846,-101.94088800573806,0.0,0.0,0.0,0.0,0.0,0.0,0.0,20.64505767108539,162.83072438323384,352.1680865667005,6.136950498948914,132.5957788690788,2.988278555625275,460.29729026227835,191.63181290861027,1320.811438459019,-22.12097815977634,24.189673625234384,2723.3107312742773,2725.648308
08/19/2017,5.568485759201875,106.34043716514655,3.404197207295624e-11,0.0,0.0,3.4798339163924723,0.0,131.07367338170397,-90.99854887468959,-101.8433495611936,0.0,0.0,0.0,0.0,0.0,0.0,0.0,20.450497837156966,116.29497034027328,349.8249781199727,6.337085894645996,212.7884469256494,0.6972391543102667,459.72701919519676,0.0,1230.2028972448384,-22.12097815977634,24.189673625234384,2452.0123619640976,2451.017013
08/26/2017,5.891923785153715,106.4203507098962,1.2525082134262623e-11,0.0,0.0,2.832442695404474,0.0,116.82312154023646,-92.01013626711858,-101.38787707788873,0.0,0.0,0.0,0.0,0.0,0.0,0.0,14.53280965984381,113.13531894311708,341.5794163109281,6.5608523517756,208.0196524045983,91.6877712540503,459.7409883844733,2.638393378638072,1434.1479567642168,-22.11799647313018,24.189673625234384,2712.684661989442,2447.520297
09/02/2017,5.828243402763348,106.63175483053108,2.1325574879024875e-11,0.0,0.0,2.778090565913173,0.0,160.01887517246945,-93.08062501800431,-101.06254459880643,0.0,0.0,0.0,0.0,0.0,0.0,0.0,23.298583994835084,106.04845536867262,331.1112139660933,7.1497085548734525,194.27215185299013,6.645984168180532,459.93160721274074,192.54920527423772,1273.5592726065329,-22.12097815977634,24.189673625234384,2677.748672819502,2463.528956
09/09/2017,5.026756875392951,107.16136198179869,2.3752127914317055e-11,0.0,0.0,3.7933290499662062,0.0,187.58129978936088,-93.95476048446545,-100.59804660775292,0.0,0.0,0.0,0.0,0.0,0.0,0.0,13.45572200595006,156.8551203598719,347.2646498158565,6.448836581559555,199.90147252236287,6.496084344005518,460.87629034436816,47.96258880388394,1292.9894392013098,-22.12097815977634,24.189673625234384,2643.3288400489505,2539.756651
09/16/2017,4.410891576513077,107.41979334795009,8.68909410242349e-12,0.0,0.0,4.493620573371345,0.0,174.0814657093673,-94.69509174973354,-100.4860114025412,0.0,0.0,0.0,0.0,0.0,0.0,0.0,9.275882686789958,188.81345219047753,349.23864526843465,5.320673030335883,103.6256439216085,61.3269391698373,460.70958643631064,210.05774698385537,1439.852120760883,-22.12097815977634,24.189673625234384,2925.514053968927,2967.190876
09/23/2017,3.943294171446471,107.54589858381635,3.1869698547350367e-12,0.0,0.0,4.976667794066813,0.0,164.74683612524768,-94.9513409464986,-100.4731427822488,0.0,0.0,0.0,0.0,0.0,0.0,0.0,25.887616454315687,150.27698616955254,351.00984682381613,6.4181397278660315,218.3164967824435,1.2854441305139572,460.877244360264,21.711275155985714,1276.4992508767082,-22.12097815977634,24.189673625234384,2600.139208892757,2538.390681
09/30/2017,3.5927064737200674,107.60743436050238,1.157577196476708e-12,0.0,0.0,5.309864160277256,0.0,153.947478160706,-94.5382844984094,-100.28985475758637,0.0,0.0,0.0,0.0,0.0,0.0,0.0,22.830903177384506,148.60005788871487,349.0444954805608,6.1261507169041645,120.13767955501729,2.4812212809530725,460.877244360264,209.6144097686287,1426.9460724314185,-22.12097815977634,24.189673625234384,2824.3562740245147,2968.466437
10/07/2017,4.090322661089521,111.13911318204133,6.61126725184396e-13,0.0,0.0,5.891188463874797,0.0,143.8686039722852,-93.87208226600256,-100.08141829070718,0.0,0.0,0.0,0.0,0.0,0.0,0.0,178.8793243589411,88.6734667300691,349.7409979474738,6.088184658673814,220.04007380223712,27.699862036062306,460.877244360264,0.0,1375.5032816154976,-22.12097815977634,24.189673625234384,2780.6068586972583,2640.054455
10/14/2017,4.4157720142369214,112.71154241666365,2.2037557506146533e-13,0.0,0.0,6.279222379871894,0.0,132.47824481398675,-93.49436921438819,-100.28654964787009,0.0,0.0,0.0,0.0,0.0,0.0,0.0,178.93617023386255,75.55446045442834,339.8358173790758,5.8037745767341855,124.76054262679166,42.99035070426439,460.877244360264,177.3321921785945,1397.6667722404982,-22.12097815977634,24.189673625234384,2867.929882982473,2773.918413
10/21/2017,4.6343556382631625,113.41164400035188,0.0,0.0,0.0,6.538234832826178,0.0,163.33353338236412,-92.99975398852109,-100.70378862356242,0.0,0.0,0.0,0.0,0.0,0.0,0.0,163.47366597384732,65.40271083627914,340.51045505809765,5.830491413461375,206.88896249528474,0.0,460.877244360264,8.654554179391182,1339.953585641549,-22.12097815977634,24.189673625234384,2687.8745906653544,2782.262232
10/28/2017,4.783354594347394,113.72335450757359,0.0,0.0,0.0,6.711125744523393,0.0,157.7510606058792,-92.83600662476252,-101.1249804740709,0.0,0.0,0.0,0.0,0.0,0.0,0.0,174.80427503153078,121.41296720631186,341.9245931375917,5.072732430224337,231.43509921485094,1.2404847679930213,460.877244360264,189.60121640870827,1419.3770613491279,-22.12097815977634,24.189673625234384,3036.822277725551,3206.547093
11/04/2017,5.041313983738907,112.61525584391224,0.0,0.0,0.0,6.68490171772169,0.0,179.2894705551766,-92.52554210100756,-101.03105700423579,0.0,0.0,0.0,0.0,0.0,0.0,0.0,107.94234250666369,81.06252967887988,339.0646063514274,6.070019947460739,209.82753801930033,4.755759943974573,460.877244360264,5.114737987842841,1357.9933413979418,-22.055080208257927,24.189673625234384,2684.9170566060375,2648.172997
11/11/2017,5.328762039477814,111.12427397209872,0.0,0.0,0.0,6.559350451458785,0.0,180.82103962910693,-92.21194540317683,-101.18694052988425,0.0,0.0,0.0,0.0,0.0,0.0,0.0,116.34241757396427,102.67477317088529,339.90498623613456,6.043855031865219,220.79111459578834,1.115564910319204,460.7795614283218,22.609044940263264,1408.0821791782503,-22.12097815977634,24.189673625234384,2790.8467326903315,2808.644767
11/18/2017,5.523961698027314,110.41694026649357,0.0,0.0,0.0,6.473368328953662,0.0,177.34844027198093,-91.60367577446402,-101.21847416363028,0.0,0.0,0.0,0.0,0.0,0.0,0.0,128.61029399504213,94.5817734033054,340.2107994934855,6.343925849494502,243.96944578084938,1.9314074122214462,460.877244360264,8.536876343106504,1541.0731238908675,-22.12097815977634,24.189673625234384,2935.1441466214555,2996.686215
11/25/2017,5.657905863512731,110.08137364778432,0.0,0.0,0.0,6.414484515270695,0.0,186.14018968510945,-90.94493298648133,-101.21351565297167,0.0,0.0,0.0,0.0,0.0,310.7953745018834,0.0,110.14965253388596,145.70964041070525,341.4179255706363,5.143217863889819,195.69874912027274,2.0462145601401405,460.877244360264,210.48808109429325,1851.3040784792522,-22.12097815977634,24.189673625234384,3751.834379032905,3940.568235
12/02/2017,5.567755347829842,111.36591748553747,0.0,0.0,0.0,6.407456102333916,0.0,194.63475055597064,-90.29085503091852,-101.0976104587042,0.0,0.0,0.0,0.0,0.0,0.0,0.0,91.17230789732972,84.01827084713274,338.1102659603123,6.701692886590554,173.5826676248542,14.891713197473628,460.877244360264,191.06831358798567,1318.606461682262,-22.12097815977634,24.189673625234384,2807.685047511712,2588.751418
12/09/2017,5.024825576766598,115.26955678200484,0.0,0.0,0.0,6.485462289877841,0.0,177.32983075506408,-89.69481353056072,-100.63656046650306,0.0,0.0,0.0,0.0,0.0,0.0,0.0,82.08684760760801,87.87403060085875,334.09519749236404,6.302772388145437,268.6180635868345,62.23205959141079,460.877244360264,188.4229495808232,1401.0883758155271,-22.12097815977634,24.189673625234384,3007.444537895943,2714.533438
12/16/2017,4.620289451893882,116.88492554106017,0.0,0.0,0.0,6.538266690585751,0.0,173.62485218303934,-89.42328049084885,-99.77289576645008,0.0,0.0,0.0,0.0,0.0,0.0,0.0,81.3802486180128,155.51898229857898,326.19351818313766,5.576321302138225,150.39885803567572,23.139999726772682,460.877244360264,259.15202519028867,1594.4671690012617,-22.12097815977634,24.189673625234384,3171.2452197908683,3261.56617
12/23/2017,4.3224823415797085,117.55338382340342,0.0,0.0,0.0,6.574011425257443,0.0,165.40587674532253,-89.19266773032119,-99.29411720067176,278.25182389291496,0.0,0.0,0.0,0.0,0.0,0.0,83.52308985634089,98.57036195107212,339.5988415326794,6.171152567863665,168.35222870135868,77.08708095993981,460.877244360264,220.4035695630098,1827.151185843656,-22.12097815977634,24.189673625234384,3667.424244099128,3696.76679
12/30/2017,4.1056183059385605,117.82999809334143,0.0,0.0,0.0,6.5982078862990905,0.0,175.09591116862427,-89.23033001074917,-98.43573234033003,0.0,0.0,0.0,0.0,0.0,0.0,0.0,67.90281133739049,66.87840000685134,343.27175081759896,6.111491959191549,273.75065416833263,23.011761412715288,460.877244360264,293.57187773613015,1395.9005773096385,-22.12097815977634,24.189673625234384,3049.3089376766948,2875.115948
01/06/2018,6.312749585772478,115.95737601126386,0.0,0.0,0.0,6.2660459119832455,0.0,162.02498692777962,-89.29256916212766,-97.7542182686358,0.0,0.0,0.0,0.0,0.0,0.0,0.0,66.80789509193558,80.16880306175368,350.0355927753013,5.7482263917212935,228.865776707509,6.465937884203684,460.877244360264,189.95917128612203,1267.460430732064,-22.12097815977634,24.189673625234384,2761.9721447623683,2675.891978
01/13/2018,7.854721464088744,114.88115389558212,0.0,0.0,0.0,6.350258615110009,0.0,169.5012307563902,-89.33873172445695,-97.19238420722769,0.0,0.0,0.0,0.0,0.0,0.0,0.0,59.034905000389884,123.32162986853038,347.30952784668176,5.256015220145042,211.85666432703,6.243367126469966,460.877244360264,162.8221468316505,1285.9858703557013,-22.12097815977634,24.189673625234384,2776.832315201807,3112.270556
01/20/2018,9.066271248870466,114.14731864830466,0.0,0.0,0.0,6.713118825079787,5.775331424751089,188.86015006844752,-89.45645104455785,-97.54473079750824,0.0,0.0,0.0,0.0,0.0,0.0,0.0,66.79565830897938,108.47577507262025,334.34843360515663,5.860173316448428,194.8475519159111,6.020796397343631,460.877244360264,135.6851223247683,1304.5112961275895,-22.12097815977634,24.189673625234384,2757.051755267927,2987.160307
01/27/2018,10.080144413297381,113.55882410302483,0.0,0.0,0.0,7.241194525703205,9.19213253634228,203.45450171957134,-89.67470005642305,-98.06809211528413,0.0,0.0,0.0,0.0,0.0,0.0,0.0,73.2685403621798,301.1028130214418,341.08168129892925,3.9621344017235844,177.83843953543206,5.798225639609915,460.877244360264,108.54809787029677,1323.036721899478,-22.12097815977634,24.189673625234384,2953.3665989810447,4180.299726
02/03/2018,10.965147485994331,113.0294295309685,0.0,1055.2945116907435,0.0,7.848388808011522,12.808317082410134,214.80612560902267,-89.9107610613421,-98.99325800387248,0.0,0.0,0.0,0.0,0.0,0.0,0.0,43.086339673114836,254.7775579666913,347.5941635625987,4.593166344165304,160.82932715495303,5.575654881876197,460.877244360264,81.41107341582526,1341.5621476713663,-22.12097815977634,24.189673625234384,3928.2232716382496,3822.915975
02/10/2018,11.761444961080416,112.52102567978105,0.0,388.22115169734155,0.0,8.474569658164471,11.356757666809253,223.94251394477433,-90.0599654620487,-99.43847545903998,0.0,0.0,0.0,0.0,0.0,0.0,0.0,27.36405452902966,89.26396202360819,349.59998836931567,5.342687864708984,143.82021477447398,5.353084124142479,460.877244360264,54.27404896135375,1360.0875872950035,-22.12097815977634,24.189673625234384,3064.830590454221,3212.362032
02/17/2018,12.494092935899822,112.01655897273574,0.0,142.818581862684,0.0,9.081564583152572,9.772819703299627,231.53988486408312,-90.9848152567129,-99.96754305820039,0.0,0.0,0.0,0.0,0.0,0.0,140.7203949814586,26.62478232592644,71.840284828056,357.6534398051296,5.976251693582849,126.81110236335512,5.130513395016144,460.877244360264,27.137024454471508,1378.6130130668919,-22.12097815977634,24.189673625234384,2930.2238913465517,2851.729814
02/24/2018,13.179409478982103,111.50824812495321,0.0,52.540017506395145,0.0,9.648084881463886,8.330958448222136,238.03652100074297,-91.73044905269843,-100.6440100929143,0.0,0.0,0.0,0.0,0.0,0.0,0.0,27.275187400347825,69.98682528435289,346.4265098878097,5.936819104862137,109.80198998287608,4.907942637282427,460.877244360264,0.0,1397.1384388387803,-22.12097815977634,24.189673625234384,2665.28843325718,2725.521559
03/03/2018,13.19950558079617,113.98537314791524,0.0,19.32839665723291,0.0,9.31149878394875,6.712547688082,243.71567967788076,-92.42942472885797,-101.36622399999386,0.0,0.0,0.0,0.0,0.0,0.0,0.0,55.10551852583309,117.02740591031775,339.7368863615865,5.665382275459722,110.05387094891897,5.29568424053549,460.877244360264,176.28455388104211,1410.6402093277459,-22.12097815977634,24.189673625234384,2895.2128041041656,2842.55196
03/10/2018,12.603491035115265,118.25414381214883,0.0,7.110521467007026,0.0,8.0934661185966,5.006301144781599,248.76255215533004,-93.20814410372098,-101.09684694014112,0.0,0.0,0.0,0.0,0.0,0.0,0.0,27.0438419914261,101.3262440870224,341.9463480776734,6.517310243851556,178.32623942627723,0.2370150257204163,460.877244360264,10.970621502201183,1312.600080230856,-22.12097815977634,24.189673625234384,2647.4391250998674,2587.280747
03/17/2018,12.174860653285776,119.91324336270135,0.0,2.6158165469874772,0.0,7.231930978923378,5.170987193647211,216.8866235949058,-93.98132689490564,-100.67837420601677,0.0,0.0,0.0,0.0,0.0,0.0,0.0,11.4304090498262,128.8874397742033,345.15149583487073,7.176528983353897,178.90214287119622,4.307665345614346,460.877244360264,12.87104544521533,1297.8914622782527,-22.12097815977634,24.189673625234384,2618.8978906377833,2494.018503
03/24/2018,11.8687389869674,120.55806844648002,0.0,0.9622991478557587,0.0,6.622552797931738,2.4442577538329724,216.21842724801914,-93.88713784702023,-100.10129608580301,0.0,0.0,0.0,0.0,0.0,0.0,0.0,13.846697251550268,124.31200646170252,347.16517831162787,6.245936022200843,196.24181278033097,0.3890747072830167,460.877244360264,3.193674695107542,1385.1919427021005,-22.12097815977634,24.189673625234384,2704.2181732058893,2582.658853
03/31/2018,11.651286014662304,120.80868605037253,0.0,0.35401078601754526,0.0,6.191529462834636,0.8991919519602563,214.59498664358546,-93.88450806356092,-99.73972330575235,0.0,0.0,0.0,0.0,0.0,0.0,0.0,17.255142812347156,110.7650276220874,342.2954118170696,6.781222591374773,204.22123706476796,13.522930039919716,460.877244360264,18.755078768449323,1375.6459684796132,-22.12097815977634,24.189673625234384,2713.0634185614704,2882.551334
04/07/2018,9.7464475600998,107.69730222206888,0.0,0.1302291318656309,0.0,7.07254808571573,0.33079377821570544,211.44346624964328,-93.77581127519734,-99.37406901560003,0.0,0.0,0.0,0.0,0.0,0.0,0.0,41.388711716317786,81.83035757087576,385.0233598827071,6.323398205265034,204.07390537461782,12.219365993256128,460.877244360264,1.5609071642085783,1363.0597016223333,-22.12097815977634,24.189673625234384,2701.696554092115,2564.150261
04/14/2018,8.250003451694441,100.08218637865961,0.0,0.04791051925420675,0.0,7.625559708676456,0.12169284062402594,217.37743664431423,-93.75532151797607,-99.69479451294606,0.0,0.0,0.0,0.0,0.0,0.0,0.0,39.2951686650632,94.89674280935103,333.77377379578553,5.997480967678305,213.58558230060063,1.389025741493726,460.877244360264,61.806875500107296,1477.38542871444,-22.12097815977634,24.189673625234384,2831.130691832542,2777.128774
04/21/2018,7.084580865985846,95.65931202494141,0.0,0.01763194045703441,0.0,7.972682678062816,0.044768428317446485,213.4984895434099,-93.56677542273546,-100.50083232778647,0.0,0.0,0.0,0.0,0.0,0.0,0.0,35.294467824261744,224.33562018678896,319.12952469669494,5.593075976048691,115.68945746640144,66.16265960896476,460.877244360264,212.23711137147572,1493.1969090526388,-22.12097815977634,24.189673625234384,3064.7946237396495,3033.013122
04/28/2018,6.186303795150421,93.09049893091635,0.0,0.006479534359018039,0.0,8.190570047713152,0.01646914218077302,208.39967305747732,-93.46874379450945,-101.13342831212644,0.0,0.0,0.0,0.0,0.0,0.0,0.0,38.61860997461046,105.5109817800947,347.17605425952814,6.487797787733626,184.02002939153115,0.34097711488899185,460.877244360264,63.99431638288262,1330.3013962094665,-22.12097815977634,24.189673625234384,2660.683925127619,2718.279783
05/05/2018,6.052882460935828,95.48207558378542,0.0,0.0023907715873944966,0.0,7.855366806864851,0.006058529532506739,176.56757924006925,-93.16950004243051,-101.78655028351541,0.0,0.0,0.0,0.0,0.0,0.0,0.0,80.68468279337812,122.94477954737472,356.26398539097517,5.5824430717221585,231.41914198406585,2.390238361277847,460.877244360264,15.574401937056473,1332.2680952038222,-22.12097815977634,24.189673625234384,2701.084011182224,2752.604629
05/12/2018,6.1716299246092525,98.21517550201298,0.0,0.0008829554157991037,0.0,7.431181887653876,0.0022286963906383433,170.28420414990177,-92.88354236131363,-102.29881859918267,0.0,0.0,0.0,0.0,0.0,0.0,0.0,110.86823755268824,5.664166429737477,352.36544566107324,5.976759014589345,227.5591711975241,72.41328688863956,460.877244360264,3.06051472599496,1325.1790472165326,-22.12097815977634,24.189673625234384,2652.9555106679895,2668.580427
05/19/2018,6.253854262578169,99.65068453339539,0.0,0.00032601430737197673,0.0,7.142936491770771,0.0008199109672406247,170.10928311441117,-92.66053894212293,-102.94340283416602,0.0,0.0,0.0,0.0,0.0,0.0,0.0,139.84483929144457,33.30049474838169,345.0097977418051,6.228903104457254,142.2388670222395,31.339699477434966,460.877244360264,179.96200591896607,1285.2879638454983,-22.12097815977634,24.189673625234384,2713.7124735270904,2501.379352
05/26/2018,6.310984887908127,100.40466018469662,0.0,0.00012225536526449128,0.0,6.947065954075404,0.0003019593470440571,175.50785083896918,-92.40707529119663,-103.75903114280786,0.0,0.0,0.0,0.0,0.0,0.0,0.0,125.83455029398,35.169921645719896,339.7875570251095,6.910420175277274,225.71976024727144,62.10288581594182,460.877244360264,22.385722773778156,1286.7744365616265,-22.12097815977634,24.189673625234384,2660.6360740107834,2481.758605
06/02/2018,6.3623838476635886,102.12104835644325,0.0,4.075178842149709e-05,0.0,7.094050595490371,0.00011068260763536613,167.35099243952658,-92.18109215540203,-103.7906920398109,0.0,0.0,0.0,0.0,0.0,0.0,0.0,135.38530924053583,97.20678556554938,345.6251267365432,6.163580014958471,240.78602113500207,1.1707571336022544,460.82871398643283,2.1693486950563265,1225.294599325701,-22.12097815977634,24.189673625234384,2603.655779777146,2509.746053
06/09/2018,6.4270546360199114,106.07700575879664,0.0,1.3583929473832365e-05,0.0,7.849110205629075,4.083436009848459e-05,168.8246724382009,-91.76522437723993,-103.38857896078899,0.0,0.0,0.0,0.0,0.0,0.0,0.0,124.38052960443576,96.81288460375549,311.39840022102925,6.195880341196343,215.28581175922247,20.366050542452513,460.877244360264,46.701801264632806,1225.5275303330757,-22.12097815977634,24.189673625234384,2603.6389226144297,2578.48141
06/16/2018,6.472067177641357,107.95685405781303,0.0,0.0,0.0,8.311722315710862,1.5044237931020638e-05,183.83536343306335,-91.3734583374561,-102.83760572379369,0.0,0.0,0.0,0.0,0.0,0.0,0.0,123.7434144787168,54.43969796917314,318.6958242348438,6.627846904698108,220.61887577640394,25.738640009677383,460.877244360264,0.40196941752503557,1200.7516691481414,-22.12097815977634,24.189673625234384,2526.3288357321185,2464.17725
06/23/2018,6.503452148986121,108.85014880970361,0.0,0.0,0.0,8.595156697252637,5.372942118221656e-06,200.67137783661437,-90.58780730595826,-102.4309700885167,0.0,0.0,0.0,0.0,0.0,0.0,0.0,110.53521149850555,76.05036846909182,316.0381640487283,6.371343139859075,238.87335644557686,28.59717836365787,460.877244360264,1.8023110362645287,1172.2447147653324,-22.12097815977634,24.189673625234384,2545.059951063762,2405.228687
06/30/2018,6.525361674604502,109.27463701724025,0.0,0.0,0.0,8.768812030964355,2.1491768472886626e-06,207.17669020696212,-90.35335448098813,-102.29856459099047,0.0,0.0,0.0,0.0,0.0,0.0,0.0,99.71558843074257,78.51812594130679,318.29269596588455,6.716068637770647,228.0838356312259,63.80859528300614,460.877244360264,13.405121375963168,1196.0491528087828,-22.12097815977634,24.189673625234384,2606.628707907374,2494.416521
07/07/2018,6.231816713159013,106.13152937399963,0.0,0.0,0.0,7.386652293672233,1.0745884236443313e-06,207.71171381832173,-89.8444140140226,-102.05363389117451,0.0,0.0,0.0,0.0,0.0,0.0,0.0,94.7465016862832,99.49636458507224,306.1939302415329,6.380764365253504,231.5192760584299,83.5502839783653,460.877244360264,58.178071111780014,1182.5539341969873,-22.12097815977634,24.189673625234384,2661.1287314179704,2485.232308
07/14/2018,6.020733177640969,104.50698280274639,0.0,0.0,0.0,6.372785663863915,0.0,188.78478865253473,-89.77229164066789,-101.57312225533778,0.0,0.0,0.0,0.0,0.0,0.0,0.0,86.64519971103793,155.289874517192,325.44678672715054,6.029055645264425,217.82682305065535,42.94006464710016,460.877244360264,195.13156108882845,1311.2888459884614,-22.12097815977634,24.189673625234384,2917.8840276021924,2524.568998
07/21/2018,5.869993027204734,103.66732149061161,0.0,0.0,0.0,5.62907579111132,0.0,172.9000756475322,-89.58186517209728,-101.20623535011046,0.0,0.0,0.0,0.0,0.0,0.0,0.0,69.02440778174989,102.18724950083502,317.7341300022097,6.2073976416973355,240.66736527490528,0.0,460.877244360264,207.91284265830117,1192.715175396495,-22.12097815977634,24.189673625234384,2696.6728735161673,2530.14174
07/28/2018,5.76292191518977,103.2333336495711,0.0,0.0,0.0,5.083536454923076,0.0,143.68532420531037,-89.8375833506003,-100.94515857428055,0.0,0.0,0.0,0.0,0.0,0.0,0.0,69.05846014087798,99.03055117372845,312.7258223340809,6.030271661872145,249.65897374379495,1.3924386022399386,460.877244360264,12.96132294621758,1194.3999081928177,-22.12097815977634,24.189673625234384,2475.186062921465,2591.208573
08/04/2018,6.1418323741562055,103.67101948314108,0.0,0.0,0.0,4.677966484433464,0.0,149.3579805669098,-89.71571662453687,-100.60203529251051,0.0,0.0,0.0,0.0,0.0,0.0,0.0,51.270641139312936,102.52943463789067,327.5243360649052,6.350191804784589,161.5323019076181,26.13293270354975,460.877244360264,183.54241947032654,1321.3215845145974,-22.12097815977634,24.189673625234384,2716.6808290603003,2597.698856
08/11/2018,6.716349497944333,104.38144149228782,0.0,0.0,0.0,4.376177599565598,0.0,160.0422634215333,-89.86260418080538,-100.25465204547751,0.0,0.0,0.0,0.0,0.0,0.0,0.0,16.37893398685921,137.64522161255027,321.7214149655938,5.816905443143915,106.84019252104936,2.988278555625275,460.877244360264,252.21829906846352,1320.811438459019,-22.12097815977634,24.189673625234384,2712.7656002230747,2784.541695
08/18/2018,7.099684716632663,104.73914882634914,0.0,0.0,0.0,4.154625930703316,0.0,137.02935055968672,-90.83214312960006,-99.88717362831491,0.0,0.0,0.0,0.0,0.0,0.0,0.0,12.499372282249036,84.11383753617557,324.1588310547436,6.439091540506665,170.39127049158316,0.6972391543102667,460.877244360264,40.85453931713361,1230.2028972448384,-22.12097815977634,24.189673625234384,2394.6065117227195,2491.754418
08/25/2018,7.359991890555998,104.91925951559094,0.0,0.0,0.0,3.99197843821569,0.0,114.26662295469139,-91.83166909797735,-99.45259956154746,0.0,0.0,0.0,0.0,0.0,0.0,0.0,11.488909899491752,229.73789827363393,319.66517648341625,5.700309069226773,103.05367156868209,91.6877712540503,460.65580206189384,181.26902497266371,1434.1479567642168,-22.12097815977634,24.189673625234384,2878.7287999522628,2878.339594
09/01/2018,7.420638953304947,105.04232368774036,0.0,0.0,0.0,4.545670897625851,0.0,156.55077916292603,-92.56936947815026,-99.04014114442954,0.0,0.0,0.0,0.0,0.0,0.0,0.0,15.47561868109331,75.21739496142855,334.1267285069556,6.924927278574254,123.45382681336815,6.645984168180532,460.877244360264,196.65508891270912,1273.5592726065329,-22.12097815977634,24.189673625234384,2576.954683833582,2424.84015
09/08/2018,6.729742031403497,105.29769922772967,0.0,0.0,0.0,8.16667623538745,0.0,129.4212979590975,-93.29486717180193,-98.68944388474038,0.0,0.0,0.0,0.0,0.0,0.0,0.0,50.722969875898734,81.56744529917209,317.7006387242834,6.501547762486892,195.53933307562633,6.496084344005518,460.877244360264,6.181506205781792,1292.9894392013098,-22.12097815977634,24.189673625234384,2478.2760087113625,2457.302864
09/15/2018,6.216590295683908,105.42560105318012,0.0,0.0,0.0,9.97386364458194,0.0,111.20591791045264,-94.13133255706218,-99.00468971406022,0.0,0.0,0.0,0.0,0.0,0.0,0.0,52.76124680085119,237.52380843514982,325.12320171784,5.561573341133949,150.66742852477668,61.3269391698373,460.877244360264,195.79321000372116,1439.852120760883,-22.12097815977634,24.189673625234384,2971.241419212691,2839.856142
09/22/2018,5.839929170433385,105.48966120800003,0.0,0.0,0.0,10.875802798372067,0.0,149.16504614108882,-93.68591041936092,-99.70194104303769,0.0,0.0,0.0,0.0,0.0,0.0,0.0,49.42331319430184,63.339375565381545,330.6134353193988,6.57878587210133,177.7741125003468,1.2854441305139572,460.877244360264,2.893188194964603,1276.4992508767082,-22.088460100671686,24.189673625234384,2449.367951394039,2423.422867
09/29/2018,5.566342744122674,105.5217444302128,0.0,0.0,0.0,11.325946536747061,0.0,128.35304235595612,-93.44249880866407,-100.17157604564541,0.0,0.0,0.0,0.0,0.0,0.0,0.0,54.31416476904134,84.89754374451861,321.68723973918156,5.685455014987596,115.9279917163729,2.4812212809530725,460.877244360264,231.47202095396034,1426.9460724314185,-22.12097815977634,24.189673625234384,2763.5106506888847,2797.552228
10/06/2018,6.386620628333571,111.25690716124457,0.0,0.0,0.0,10.556427773358749,0.0,170.46856277640538,-93.05831919916854,-100.72948781322603,0.0,0.0,0.0,0.0,0.0,0.0,0.0,79.12679990095573,56.86556339741795,321.6103022573048,5.933028542816442,240.27354216728196,27.699862036062306,460.877244360264,7.379060186275761,1375.5032816154976,-22.109762381429768,24.189673625234384,2682.2293070346286,2661.579244
10/13/2018,7.07200141785067,114.54969271289063,0.0,0.0,0.0,9.895046233675686,0.0,143.60907831897308,-92.77377645022764,-101.198154179024,0.0,0.0,0.0,0.0,0.0,0.0,0.0,86.0370717187152,59.97955350541501,332.71422863122547,5.957066413594041,117.5037161686674,42.99035070426439,460.877244360264,187.2832360938596,1397.6667722404982,-22.12097815977634,24.189673625234384,2774.2318233560995,2680.997678
10/20/2018,7.526431147744802,115.9440912868037,0.0,0.0,0.0,9.485092865370152,0.0,166.5629454903932,-92.17743593016668,-101.8524215044814,0.0,0.0,0.0,0.0,0.0,0.0,0.0,71.42600181377657,52.80080344982875,341.31635820571915,6.112822177940476,110.27111663523935,0.0,460.877244360264,182.24877563767723,1339.953585641549,-22.12097815977634,24.189673625234384,2672.564106743116,2577.610067
10/27/2018,7.83391742460931,116.52969386906348,0.0,0.0,0.0,9.23098568631387,0.0,177.3906875039788,-91.82359702491514,-102.46067284182375,0.0,0.0,0.0,0.0,0.0,0.0,0.0,68.48039752307258,42.376050667344046,323.9650379551379,6.2723534133272265,122.44740904756708,1.2404847679930213,460.877244360264,203.77940145232503,1419.3770613491279,-22.12097815977634,24.189673625234384,2767.5851506188433,2604.95595
11/03/2018,7.749328327537889,116.19787395895297,0.0,0.0,0.0,8.91224141209705,0.0,185.47264130190374,-91.59034498304055,-101.94160595771332,0.0,0.0,0.0,0.0,0.0,0.0,0.0,69.6128014540183,100.15768904115815,319.27644652242867,6.414713328324843,201.87476427122448,4.755759943974573,460.877244360264,232.5862837851987,1357.9933413979418,-22.12097815977634,24.189673625234384,2880.4178736297295,2677.089837
11/10/2018,7.2819707205636455,115.26774100124187,0.0,0.0,0.0,8.472651459764599,0.0,193.26966279058655,-91.44183998712705,-101.69853926519995,0.0,0.0,0.0,0.0,0.0,0.0,0.0,120.36756690530319,179.83473916168498,329.3787407400361,5.820238937352674,250.18388023226476,1.115564910319204,460.877244360264,225.384476724258,1408.0821791782503,-22.12097815977634,24.189673625234384,3114.264973335021,2864.875602
11/17/2018,6.9425697008595995,114.85192720652086,0.0,0.0,0.0,8.185612389148636,0.0,169.47537700552033,-91.0345305798278,-101.70404396512215,0.0,0.0,0.0,0.0,0.0,0.0,0.0,127.58255467897169,169.70383910845894,335.9239785803674,6.177272781814941,143.25156289208795,1.9314074122214462,460.877244360264,257.19623978178333,1541.0731238908675,-22.12097815977634,24.189673625234384,3152.502830709395,3064.992382
11/24/2018,6.6982610759954175,114.66848315714672,0.0,0.0,0.0,7.998184486170689,0.0,144.76678530826948,-90.72528826151992,-101.3455095267314,0.0,0.0,0.0,0.0,0.0,310.7953745018834,0.0,131.71693234341956,215.0668088343787,331.61337485542344,5.629348430081607,168.45267530213215,2.0462145601401405,460.877244360264,228.1712291868363,1851.3040784792522,-22.12097815977634,24.189673625234384,3789.8028925586004,3537.160275
12/01/2018,6.791004495184771,115.3296473153031,0.0,0.0,0.0,7.965883838053273,0.0,122.06739291326848,-90.5355762335833,-101.408167137031,0.0,0.0,0.0,0.0,0.0,0.0,0.0,111.25216661793867,123.71888456816954,321.6902497721138,6.776770989614342,255.67424308086822,14.891713197473628,460.877244360264,192.9733758815593,1318.606461682262,-22.12097815977634,24.189673625234384,2868.739990806917,2548.597734
12/08/2018,8.32569412550487,119.6937597557935,0.0,0.0,0.0,8.467213800008162,0.0,109.4758030452243,-90.1668568180952,-101.15642471254391,0.0,0.0,0.0,0.0,0.0,0.0,0.0,114.02058830952701,106.30510535112535,322.4035031420593,6.6643672897768464,254.5327036027739,62.23205959141079,460.877244360264,202.56254983707402,1401.0883758155271,-22.12097815977634,24.189673625234384,2987.394381960888,2653.0958
12/15/2018,9.295351058587316,121.33897965534321,0.0,0.0,0.0,8.771162279701532,0.0,93.05256742498504,-90.06984004958164,-100.87529036016275,0.0,0.0,0.0,0.0,0.0,0.0,0.0,110.86856353256208,143.04579315137664,318.4660019416393,6.332358209906799,268.6697101079777,23.139999726772682,460.877244360264,57.42157972036265,1594.4671690012617,-22.12097815977634,24.189673625234384,3026.8700452264543,2852.091598
12/22/2018,9.935634105168399,121.95509030691001,0.0,0.0,0.0,8.955441519369904,0.0,129.41695012279834,-90.19454359221261,-100.72062333587793,278.25182389291496,0.0,0.0,0.0,0.0,0.0,0.0,94.13002359411534,144.16844947531396,315.77965004043307,6.294778413896912,278.7561139088677,77.08708095993981,460.877244360264,194.9850992737046,1827.151185843656,-22.12097815977634,24.189673625234384,3758.898094354721,3272.942255
12/29/2018,10.367895214777286,122.18693450920678,0.0,0.0,0.0,9.067167010623786,0.0,150.94831670688382,-90.33255729292499,-100.31561751789947,0.0,0.0,0.0,0.0,0.0,0.0,0.0,107.24008155692796,77.51032771879672,306.9699714016729,6.280449598571966,274.7729280534334,23.011761412715288,460.87685722337875,301.9645878545592,1395.9005773096385,-22.120959578154686,24.189673625234384,3058.5183948074414,2748.597021
01/05/2019,10.528344245356442,122.4738249172676,0.0,0.0,0.0,8.195596840900247,0.0,133.03648820385314,-90.39199364446509,-99.55266924605306,0.0,0.0,0.0,0.0,0.0,0.0,0.0,87.7154668629561,74.66043704634237,348.31498679117584,6.305025880199365,265.1643618125722,6.465937884203684,460.877244360264,64.53805161315715,1267.460430732064,-22.12097815977634,24.189673625234384,2667.860229765252,2325.602532
01/12/2019,10.862479730457933,121.16898419357128,0.0,0.0,0.0,7.659866738785964,7.843202762729974,159.2478469894162,-90.60676666765505,-99.28133948488366,0.0,0.0,0.0,0.0,0.0,0.0,0.0,67.9253791748097,84.74104587143702,347.9044209629675,6.775878957458069,246.1343849438347,6.243367126469966,460.877244360264,58.310680034363976,1285.9858703557013,-22.12097815977634,24.189673625234384,2683.861241515187,2637.515984
01/19/2019,11.309131916481473,119.13380249338282,0.0,0.0,0.0,7.3586166441715,12.629465808944042,186.41156011450926,-90.57760725946135,-98.75152913052337,0.0,0.0,0.0,0.0,0.0,0.0,0.0,70.47012852219885,55.50327805257017,327.95068395368776,5.741263566223301,227.10440807509718,6.020796397343631,460.877244360264,52.083308403160075,1304.5112961275895,-22.12097815977634,24.189673625234384,2659.8445435110966,2835.982678
01/26/2019,11.825235749707597,116.63179684523448,0.0,0.0,0.0,7.2191272796647885,58.8935514271325,203.9830780923055,-90.43286896499632,-98.46981264173439,0.0,0.0,0.0,0.0,0.0,0.0,0.0,68.61625590433619,102.71613099112788,344.803851745225,5.157331586008085,208.0744312063597,5.798225639609915,460.877244360264,45.85593682436692,1323.036721899478,-22.12097815977634,24.189673625234384,2776.6549334095475,3237.014682
02/02/2019,12.381625276202787,113.72119033310325,0.0,0.0,1105.15132954457,7.189685947576699,29.487978657494047,215.88488794325062,-90.45981256662535,-98.09989817289251,0.0,0.0,0.0,0.0,0.0,0.0,0.0,80.29922413025815,122.73460702922046,335.5531190567849,4.855962791371261,189.0444543069823,5.575654881876197,460.877244360264,39.62856524557375,1341.5621476713663,-22.10774516943138,24.189673625234384,3877.469894892179,3422.91844
02/09/2019,12.959071844407706,110.38022016023484,0.0,0.0,406.56245618414357,7.2338483562469715,19.7603561432929,224.45528648333016,-90.44198713063653,-98.04101957092055,0.0,0.0,0.0,0.0,0.0,0.0,0.0,72.84268527007949,93.09283251637991,340.42749586137074,4.9715816934678685,170.01447743824477,5.353084124142479,460.877244360264,33.40119366678059,1360.0875872950035,-22.106678495864514,24.189673625234384,3136.0194098252023,3099.738012
02/16/2019,13.545158059315257,106.54700510872493,0.0,0.0,149.56596317452488,7.326170337122426,18.64208355105058,231.05410001283883,-90.30371860963844,-98.03584267907401,0.0,0.0,0.0,0.0,0.0,0.0,140.7203949814586,54.013084742494286,58.64886155823372,319.38173057402713,5.353022312622438,150.98450056950725,5.130513395016144,460.877244360264,27.17382203557669,1378.6130130668919,-22.12097815977634,24.189673625234384,2941.305802016415,3138.071113
02/23/2019,14.132020599380379,102.13015678514859,0.0,0.0,55.022239253845186,7.449060495169432,15.036572891794783,236.45605010781142,-90.2650222504182,-98.28445161935362,0.0,0.0,0.0,0.0,0.0,0.0,0.0,47.26507567577889,63.76519639489763,342.31491969716836,5.706234647377187,131.95452370076973,4.907942637282427,460.877244360264,20.94645045678353,1397.1384388387803,-22.12097815977634,24.189673625234384,2718.621348137938,2870.47818
03/02/2019,14.511224232786585,103.46073140336537,0.0,0.0,20.24154484451081,8.218097615213269,13.10214931720617,241.09640961074373,-90.28919373425644,-98.06731957182308,0.0,0.0,0.0,0.0,0.0,0.0,0.0,43.068686609178044,71.38643209239054,332.6899494747362,5.910522278308086,146.3094162650347,5.29568424053549,460.877244360264,23.580745315492212,1410.6402093277459,-22.12097815977634,24.189673625234384,2714.1012291468896,2840.230368
03/09/2019,14.718086898813578,112.78206557000412,0.0,0.0,7.446458999627429,10.093979878532494,13.276998823382607,245.21883878421988,-90.05264077448771,-98.04883860835768,0.0,0.0,0.0,0.0,0.0,0.0,0.0,33.035176544850586,42.77196980766429,332.2793280883979,6.318370773074514,148.07496374321818,0.2370150257204163,460.877244360264,8.251258770124284,1312.600080230856,-22.12097815977634,24.189673625234384,2561.949052381363,2584.713989
03/16/2019,14.86174440492541,115.99283392845564,0.0,0.0,2.739390896031055,11.016433787335238,13.031584319190717,241.89225804259576,-90.10427541524925,-98.1079570713845,0.0,0.0,0.0,0.0,0.0,0.0,0.0,31.597304396748534,71.26930354012113,323.8647183649344,6.165751950347152,164.7312027386988,4.307665345614346,460.877244360264,24.239752729049375,1297.8914622782527,-22.12097815977634,24.189673625234384,2598.3351140613886,2569.000804
03/23/2019,14.961756121453288,117.31574536135487,0.0,0.0,1.0077687657919991,11.47004509504605,7.9348769757394955,233.6858174622869,-90.13923836028854,-98.01216165172677,0.0,0.0,0.0,0.0,0.0,0.0,0.0,42.317578829117195,212.13788272934016,326.79182558751603,5.402932490271031,114.25809263938349,0.3890747072830167,460.877244360264,178.23380367017162,1385.1919427021005,-22.12097815977634,24.189673625234384,2925.8936829505624,2863.806232
03/30/2019,15.031499903690236,117.8608146977537,0.0,0.0,0.3707342385691978,11.693105737891418,2.9190786184697273,232.3122381328639,-90.1056285218339,-97.82479358045971,0.0,0.0,0.0,0.0,0.0,0.0,0.0,21.072617888679616,37.79301950627342,324.3302398091513,6.299822561915387,134.55352089708128,13.522930039919716,460.877244360264,35.54032080878878,1375.6459684796132,-22.12097815977634,24.189673625234384,2603.961429044089,2458.505452
04/06/2019,12.936883969711454,105.75329043111599,0.0,0.0,0.1363966870939331,9.736795768870188,1.0738684494004895,190.32834829438104,-90.0657823376205,-97.7126503661229,0.0,0.0,0.0,0.0,0.0,0.0,0.0,29.300500356471684,52.70575614496552,296.5024124149095,7.269708805873031,123.00007829873732,12.219365993256128,460.4803783563729,198.1978776838283,1363.0597016223333,-22.12097815977634,24.189673625234384,2676.991626039035,2557.919325
04/13/2019,10.908287007248708,96.87757543611245,0.0,0.0,0.05016432211148185,7.831138652278887,0.3950541659496364,195.43748036211434,-90.16050244842889,-97.50363578745252,0.0,0.0,0.0,0.0,0.0,0.0,0.0,22.90690663873739,80.99904609258715,319.9056165948532,5.627565764013664,154.230318447322,1.389025741493726,460.5695811470189,44.208082494857784,1477.38542871444,-22.12097815977634,24.189673625234384,2693.125828810716,2759.932319
04/20/2019,9.323952133517999,91.50630697993682,0.0,0.0,0.01845293017963069,6.388673818267167,0.14533271135577758,167.86137399209966,-90.05628806754034,-97.58324279639764,0.0,0.0,0.0,0.0,0.0,0.0,0.0,11.17927917010031,51.28081822851233,327.393369696923,6.233322581566929,190.1753411998533,66.16265960896476,460.8445819899562,14.617465667506679,1493.1969090526388,-22.12097815977634,24.189673625234384,2710.7570043628994,2860.283451
04/27/2019,8.098738820905393,88.24598256910134,0.0,0.0,0.006786321655164977,5.296816929794711,0.05346507243000005,189.64783091810116,-89.94774501692817,-97.57311936102914,0.0,0.0,0.0,0.0,0.0,0.0,0.0,6.207885491149176,36.46309921558749,344.2522054324781,5.868226919480543,134.7440639593056,0.34097711488899185,460.8021582396128,7.680594901234402,1330.3013962094665,-22.12097815977634,24.189673625234384,2432.558059202692,2555.040507
05/04/2019,7.065853207266519,92.86340823598279,0.0,0.0,0.002492507027668618,5.933057113855797,0.019668191917962194,203.52312431320226,-89.86225994937074,-97.43660235171349,0.0,0.0,0.0,0.0,0.0,0.0,0.0,10.420247571567838,27.53927767480259,316.4464229460922,6.259540596242586,170.6909312304492,2.390238361277847,460.55274069251,0.0,1332.2680952038222,-22.12097815977634,24.189673625234384,2450.744931010391,2584.112986
05/11/2019,6.199887771951307,96.83977029012952,0.0,0.0,0.0009215992371211696,6.124919814024644,0.007235203856397282,212.8899900904491,-89.90479912712311,-97.48773656983835,0.0,0.0,0.0,0.0,0.0,0.0,0.0,16.504035032286314,24.016413501091744,319.29469026480297,6.22484089823214,168.49034699040078,72.41328688863956,460.877244360264,11.83874253041663,1325.1790472165326,-22.12097815977634,24.189673625234384,2541.5775322208115,2599.259769
05/18/2019,5.542381158550671,98.92827984745756,0.0,0.0,0.000335126995316789,6.255295724495086,0.002661755525367008,216.23218027714728,-89.82072683313085,-97.56614433448823,0.0,0.0,0.0,0.0,0.0,0.0,0.0,17.830773118786254,26.891101058234074,317.514784221857,6.4076827446080795,163.5770947965721,31.339699477434966,460.877244360264,12.43167572306608,1285.2879638454983,-22.12097815977634,24.189673625234384,2463.800977534331,2574.644951
05/25/2019,5.049391105441598,100.02522991248313,0.0,0.0,0.00012567262324379586,6.343889690639449,0.0009789500539399856,223.3712043672816,-89.84328291683916,-97.45916833157531,0.0,0.0,0.0,0.0,0.0,0.0,0.0,10.36565848038828,26.264278551220315,336.5864997669429,6.640751087449425,167.81127306257162,62.10288581594182,460.4966150616917,0.0,1286.7744365616265,-22.12097815977634,24.189673625234384,2506.599462303399,2627.707724
06/01/2019,4.612148733902383,101.9273798375046,0.0,0.0,4.1890874414598624e-05,6.696124680930527,0.000359987121920851,217.61197357827055,-89.86368207195382,-97.42015627406627,0.0,0.0,0.0,0.0,0.0,0.0,0.0,13.040649325061127,45.27008899506274,320.5359405766576,7.114726901865168,181.66216163998274,1.1707571336022544,459.90767846621355,2.11124090674794,1225.294599325701,-22.12097815977634,24.189673625234384,2401.7407290989363,2442.452527
