Period,TAS_SPD__APL_0.70|0.6|0,DEP_ALL__PVAL_4|4,LTV_30B_17__PVAL_3|5,LTV_30B_18__PVAL_3|5,LTV_30B_19__PVAL_3|5,MAS_SPD__PVAL_5|3,SUP_VID__PVAL_3|5,IRI_pctTD__PVAL_3|3#LAG_2,IRI_BAS_PRC_1500ML__RA_7,IRI_BAS_PRC_750ML__RA_5,HOL_CHR_NEW,HOL_LAB,HOL_MEM,HOL_MOT,HOL_NWY,HOL_THK,HOL_VAT,IRI_BAV_1500ML,IRI_BAV_750ML,IRI_TRD_DESEA,IRI_WBR,IRI_pctAT,IRI_pctFD,IRI_pctTA,IRI_pctTF,SEA_IRI_CORE_1,WBR_TRD,Intercept,Predicted,IRI_EVO
06/11/2016,3.6681185362727415,111.66990519393437,0.0,0.0,0.0,8.499059540714606,0.0,0.0,-85.42737398691719,-96.33488256615115,0.0,0.0,0.0,0.0,0.0,0.0,0.0,120.79965085674601,0.0,273.8218924882921,5.606428950623127,247.28982852150565,0.1458862844742641,423.4977509629779,0.8343877163759508,1122.8959532974354,-10.978692126415504,-8.963176435945577,2117.024737233923,2243.793605
06/18/2016,5.043275747460334,135.9607828996044,0.0,0.0,0.0,8.915694838015881,0.0,0.0,-85.26277343026412,-96.3099936370053,0.0,0.0,0.0,0.0,0.0,0.0,0.0,109.75815022651493,0.0,276.1990562737711,5.907863815750134,224.24769067481773,0.0,423.419339908495,0.3540614265346464,1148.3848739425753,-10.975293802988574,-8.963176435945577,2136.6795524473355,2245.777396
06/25/2016,5.870969584761295,141.24463049116002,0.0,0.0,0.0,8.936118858054364,0.0,71.74818835809863,-85.18333975673175,-96.20359653901002,0.0,0.0,0.0,0.0,0.0,0.0,0.0,93.39126236555057,0.0,275.84936889898876,5.637017578699098,225.65673346440158,0.6356990654592132,423.69338374793887,11.775453458051006,1137.9018811418005,-10.978413635052947,-8.963176435945577,2201.0121806462234,2173.301105
07/02/2016,6.6768385895200035,139.74129150307363,0.0,0.0,0.0,8.844581139915613,0.0,117.97031941246686,-84.93700184394861,-95.83720824530678,0.0,0.0,0.0,0.0,0.0,0.0,0.0,89.49977171469838,0.0,276.7982310269273,5.98619013445178,246.90635538838623,2.9352721043329852,423.4191905053208,0.8597964441633051,1240.0164759701872,-10.986049731287517,-8.963176435945577,2358.930877676956,2334.275755
07/09/2016,7.820376315657657,131.66478941285638,0.0,0.0,0.0,8.19640150928713,0.0,154.28981852396987,-84.5424161666432,-95.69316985110996,0.0,0.0,0.0,0.0,0.0,0.0,0.0,84.19684933701669,0.0,277.15706946660754,5.817513985722167,237.10780862755306,0.0,423.21603206904217,0.23970338581371703,1133.7908003284476,-10.967852827387484,-8.963176435945577,2263.330547680888,2185.159446
07/16/2016,8.558201144435275,129.33768934348979,0.0,0.0,0.0,7.994285041285304,0.0,174.76207287169646,-84.21454409043545,-95.58903649699218,0.0,0.0,0.0,0.0,0.0,0.0,0.0,81.99838709244229,0.0,269.11886016958954,6.042690097115167,264.64680788504035,1.2306447404360947,423.579871484843,259.44793770066406,1183.5263660833746,-10.990544352195602,-8.963176435945577,2610.4865122788433,2308.322139
07/23/2016,9.050316376474289,128.66717751311745,0.0,0.0,0.0,7.931260754566943,0.0,172.76914067196685,-83.83284971625366,-95.44452634909592,0.0,0.0,0.0,0.0,0.0,0.0,0.0,93.70800158035951,0.0,277.8405030796277,6.242247967802859,284.05575729319554,0.0,423.4635120241131,14.650383450749965,1202.5822728819833,-10.990197507877681,-8.963176435945577,2421.7298235847843,2301.029333
07/30/2016,9.384420219415368,128.4739814614372,0.0,0.0,0.0,7.911608407179093,0.0,184.02722354397903,-83.5669218183318,-95.57669359392509,0.0,0.0,0.0,0.0,0.0,0.0,0.0,115.84508583355199,0.0,281.9106834210724,6.088058303929825,288.51790150356817,60.062434691114184,423.20453656195286,420.495575991655,1237.1053223748875,-10.994252638055004,-8.963176435945577,2963.9257878274852,2484.008784
08/06/2016,8.208866453695665,137.5088324267237,0.0,0.0,0.0,7.993200908328907,0.0,193.62442616281982,-83.43339637801695,-96.25115427893685,0.0,0.0,0.0,0.0,0.0,0.0,0.0,109.99357478699373,0.0,281.3553095832717,6.194295108160345,292.16410843074334,0.41225692144249304,423.2813682114513,10.931119932422988,1246.9851199183797,-10.982742287476523,-8.963176435945577,2519.0220094640576,2427.204024
08/13/2016,7.044042236436383,140.84703768303692,0.0,0.0,0.0,8.03038522660878,0.0,203.1201805941703,-83.59402448461063,-96.87593404843619,0.0,0.0,0.0,0.0,0.0,0.0,0.0,101.90985350555441,0.0,280.9792671026198,6.02251698097168,290.6385416758859,0.0,423.2952200200308,2.0808884836662975,1269.2276939228639,-10.977230543673706,-8.963176435945577,2532.785261919179,2365.857842
08/20/2016,6.145754276888123,141.58956797308525,0.0,0.0,0.0,8.040967699362097,0.0,199.1570134512843,-83.88177428600277,-97.38503140121873,0.0,0.0,0.0,0.0,0.0,0.0,0.0,92.5843532419451,0.0,273.8715774765225,5.993332299065893,276.3339253049696,0.0,423.2008868558402,2.536397164572021,1240.9774982880233,-10.99189330163454,-8.963176435945577,2469.2093986067566,2366.213886
08/27/2016,5.461035426504345,141.75473179304188,0.0,0.0,0.0,8.043979381351313,0.0,196.95754449034368,-84.18787792912937,-97.61283647106187,0.0,0.0,0.0,0.0,0.0,0.0,0.0,78.50979318537124,0.0,278.1392761677709,6.72608343796914,229.14027204994096,0.0,423.2902982526065,8.318280779193813,1186.781671501821,-10.986387631196093,-8.963176435945577,2361.372687998582,2262.401671
09/03/2016,4.926232346537794,141.34877632597664,0.0,0.0,0.0,8.327270950698276,0.0,196.15525300678235,-84.80492705581314,-97.72999763743763,0.0,0.0,0.0,0.0,0.0,0.0,0.0,63.26198969719001,0.0,280.2961412038369,6.499933691004523,151.89806770851362,70.80607097137133,423.87645812894283,320.77144245633724,1187.4501859815732,-10.98964008345334,-8.963176435945577,2653.1300812561153,2275.592609
09/10/2016,4.500258623056306,140.6558596038143,0.0,0.0,0.0,8.62470731238321,0.0,195.12184755850714,-85.29468363595413,-97.25907577570055,0.0,21.978760623347007,0.0,0.0,0.0,0.0,0.0,50.71260553312231,0.0,277.8795796706706,6.709343222614787,253.80758322737836,0.11909678712569666,423.97048394946074,3.0875920367537573,1212.1939559168914,-10.989318747265772,-8.963176435945577,2396.8554194702597,2114.408534
09/17/2016,4.1853615518606375,140.49676188915737,0.0,0.0,0.0,8.664612076065419,0.0,181.02779809468547,-85.5835577136926,-96.85389860892491,0.0,0.0,0.0,0.0,0.0,0.0,0.0,21.210447097860477,0.0,251.0220873029278,6.490511467329427,228.82891011979237,52.102731032638864,424.0776615179705,152.7826332711681,1241.9146513274286,-10.98557910076126,-8.963176435945577,2510.417954889561,2182.382867
09/24/2016,3.9552054507792347,140.46023119016402,0.0,0.0,0.0,8.66996580450323,0.0,186.38695683155754,-85.76062174502108,-96.59648174752465,0.0,0.0,0.0,0.0,0.0,0.0,0.0,-8.845928897223125,0.0,265.43534171317276,6.922234923904179,135.71206558459835,0.0717695575377383,424.34770135234584,5.806335292839607,1076.140329079256,-10.979252532309626,-8.963176435945577,2042.7626754226344,1984.937006
10/01/2016,4.108265416264401,141.29316803921958,0.0,0.0,0.0,8.649631849220516,0.0,195.94619279602517,-85.63842041058679,-96.52744291622625,0.0,0.0,0.0,0.0,0.0,0.0,0.0,22.409350158461315,0.0,275.9068824335357,5.74127523218536,211.16467448673595,3.781311961309483,424.70604273133614,330.9989339155322,1128.882113788795,-10.97909098081739,-8.963176435945577,2551.479712065045,2317.260672
10/08/2016,5.846608913849829,146.07766582149543,0.0,0.0,0.0,8.493940270880685,0.0,208.1012309829322,-85.55857775129957,-96.0091166411399,0.0,0.0,0.0,0.0,0.0,0.0,0.0,120.07405638747068,0.0,279.0630618744842,5.333531948038497,237.57312175478702,3.3284428325063904,424.6531113210478,19.052286031647547,1211.2576887733403,-10.989379039210244,-8.963176435945577,2467.3344970448857,2586.824594
10/15/2016,6.878790365303165,146.99784907424285,0.0,0.0,0.0,8.464010655073015,0.0,214.33823300698927,-85.47104995188018,-95.5681381349516,0.0,0.0,0.0,0.0,0.0,0.0,0.0,116.67854202391256,0.0,280.7016867488906,5.876554590720029,234.67864947354244,0.519143574524685,424.6065829039394,8.68313247048306,1185.928429020412,-10.984971433049859,-8.963176435945577,2433.364267952206,2483.84644
10/22/2016,7.543364081797157,147.1748247364363,0.0,0.0,0.0,8.458257031863619,0.0,215.64127064802278,-84.94398555763472,-95.03903931119997,0.0,0.0,0.0,0.0,0.0,0.0,0.0,88.81867591032777,0.0,273.0222792658633,5.171887240380426,312.48901152562246,0.0,424.4094048632909,0.0,1234.0690952578989,-10.992526808750716,-8.963176435945577,2516.8593424479723,2409.439969
10/29/2016,7.986157833369158,147.20886213382542,0.0,0.0,0.0,8.457150949591115,0.0,204.4394988514011,-84.50369790768765,-94.84352828894104,0.0,0.0,0.0,0.0,0.0,0.0,0.0,139.28680501780266,0.0,276.2614671305684,5.0516076685169935,292.4469928785042,67.22345219403628,424.6559969366409,78.57759785738604,1277.4462994887472,-10.985305688939812,-8.963176435945577,2729.7461806188758,2590.970626
11/05/2016,7.3803512629698345,142.7406306061585,0.0,0.0,0.0,8.78117029127471,0.0,195.78368999957135,-84.37022601616424,-94.76559925457073,0.0,0.0,0.0,0.0,0.0,0.0,0.0,88.91013271050515,0.0,274.095922585357,5.2770460458703985,294.45277424107235,1.886213124292751,424.3459085142554,18.2864399535606,1266.773625155978,-10.991209219956886,-8.963176435945577,2529.6236935642287,2497.411165
11/12/2016,6.5349390653521455,139.68282775917206,0.0,0.0,0.0,8.877965959017343,0.0,191.7036306063992,-84.11675456284219,-95.40871482576985,0.0,0.0,0.0,0.0,0.0,0.0,0.0,100.23738829998187,0.0,274.58463912936895,5.243987407157748,280.26563440776937,0.07227031642262999,423.8769447564245,4.055901012992673,1340.8155279328787,-10.986316848894983,-8.963176435945577,2576.476693979485,2479.139869
11/19/2016,5.896990999634686,138.95334725650065,0.0,0.0,0.0,8.884453070323314,0.0,190.79849361538035,-83.85775352385006,-95.92597379644288,0.0,0.0,0.0,0.0,0.0,0.0,0.0,103.25777004401564,0.0,279.3406166097126,5.403468824167251,188.06593612079442,1.7378318693391366,424.4846144211837,18.89542373063241,1502.1905537574141,-11.00567354454004,-8.963176435945577,2668.15692301832,2964.112164
11/26/2016,5.421619658488675,138.77931759033677,0.0,0.0,0.0,8.88488779376178,0.0,191.44096203124082,-83.56923125043373,-96.46657011963337,0.0,0.0,0.0,0.0,0.0,425.75698457486385,0.0,51.83919509383241,0.0,283.4391393903182,5.229571631731783,96.94658778409769,1.164376912673334,425.12149880949244,27.992151740578755,1559.0218458446516,-11.006547667310064,-8.963176435945577,3021.0326133827452,2844.032421
12/03/2016,5.1893489698805295,144.41802711852725,0.0,0.0,0.0,8.923600673299426,0.0,198.78015533682904,-83.3171061088568,-96.6277852423206,0.0,0.0,0.0,0.0,0.0,0.0,0.0,82.53356277343589,0.0,267.9379083528412,6.071027216937496,98.72521018077671,3.4815912238047226,424.1839341301108,23.581645096394247,1296.8556912104846,-10.993874101817553,-8.963176435945577,2360.779760394381,2466.154101
12/10/2016,5.1800983190738235,151.49307337758748,0.0,0.0,0.0,8.96440390774764,0.0,197.30064169966928,-83.45233759694129,-96.8912562698872,0.0,0.0,0.0,0.0,0.0,0.0,0.0,110.31680497514489,0.0,281.78464409811886,4.783044206603103,45.821952778016986,65.7723522150026,424.2809736260855,297.0856009337692,1475.9480975853564,-11.00137117322046,-8.963176435945577,2868.4235462461816,2838.590314
12/17/2016,5.17361630554098,152.61499990099222,0.0,0.0,0.0,8.965985981800882,0.0,203.4495987764482,-83.77305467650584,-96.76508637836409,0.0,0.0,0.0,0.0,0.0,0.0,0.0,81.68223105101957,0.0,273.720042192863,5.460695337204241,102.86230569486422,2.9343455900966218,425.0215182053171,44.707350871930124,1429.453725302245,-10.99988540744599,-8.963176435945577,2535.545212312061,2807.2076
12/24/2016,5.169075672862019,152.7929105512873,0.0,0.0,0.0,8.966047385466196,0.0,192.0991043322602,-84.31687977713847,-96.73610282195179,574.2484217646738,0.0,0.0,0.0,0.0,0.0,0.0,57.382841303198056,0.0,283.2751963750649,5.458996426991764,108.57171785127099,0.0,425.760261409134,0.0,1667.0841707527059,-11.026229564010922,-8.963176435945577,3279.766355225868,3265.418409
12/31/2016,5.165895647241963,152.82112211964863,0.0,0.0,0.0,8.966049743657182,0.0,201.07700003298706,-85.00825328044196,-96.6821839724557,0.0,0.0,0.0,0.0,0.0,0.0,0.0,42.20055607718994,0.0,288.71235946932586,5.544049190616425,102.87964029616207,3.7415380287341646,426.3875327703484,18.58662511903358,1321.9205547219337,-11.030097855415267,-8.963176435945577,2376.3192116726204,2338.784631
01/07/2017,6.597967700591724,140.77641038815267,0.0,0.0,0.0,7.558489805014172,0.0,202.92237708275454,-85.38995110432627,-96.6517795897582,0.0,0.0,0.0,0.0,0.0,0.0,0.0,11.49817610236713,0.0,258.52593821263645,5.231512117257129,58.98344541989758,63.51734009892536,425.1804234213974,309.1712698120955,1334.822105590998,-11.004753374625608,-8.963176435945577,2622.775795247432,2741.811514
01/14/2017,7.573119833935774,137.89172659508216,0.0,0.0,0.0,6.716583242918678,0.0,212.79997217739086,-86.12840301157836,-96.29429449718248,0.0,0.0,0.0,0.0,0.0,0.0,0.0,69.95839220355161,0.0,295.9020985300488,5.873389973326033,77.71485637395322,64.11847166826118,424.35659297554184,311.32710175121554,1322.08898723084,-10.995413534048092,-8.963176435945577,2733.9400050773115,2172.097179
01/21/2017,8.289734462468939,137.28564536936403,0.0,0.0,0.0,6.172682908430063,0.00015314002876705714,189.62358653818535,-87.02102895867887,-96.05210798748139,0.0,0.0,0.0,0.0,0.0,0.0,0.0,106.19868807533638,0.0,268.67171680285,5.399738709656577,96.4462673649303,64.71960325965686,424.62001211496903,313.48293359650717,1309.3558813480884,-10.98574760901632,-8.963176435945577,2727.24458269935,2289.762068
01/28/2017,8.845517420994561,137.24431959172676,0.0,0.0,0.0,5.785927160727815,7.526168477776139,172.01741930116745,-87.59145025960504,-95.866912449253,0.0,0.0,0.0,0.0,0.0,0.0,0.0,101.38859791973613,0.0,271.75997818857513,5.001984147683104,115.17767831898597,65.3207348289927,424.5150201014647,315.63876553562716,1296.6227629879302,-10.991139100204617,-8.963176435945577,2723.4321957363795,2522.835635
02/04/2017,9.296388945196286,137.3421625272366,270.2255006803025,0.0,0.0,5.480554670075121,18.99105304743245,158.30284792673962,-87.92202989494689,-95.40144959417198,0.0,0.0,0.0,0.0,0.0,0.0,0.0,102.1297352275223,0.0,270.5263929181816,5.367101844649905,133.90908930996304,65.92186639832852,424.62272698407736,317.7945973809188,1283.889644627772,-11.004308031380091,-8.963176435945577,3000.508698531952,2478.052625
02/11/2017,9.67681903066592,137.47380432499605,91.16321754907385,0.0,0.0,5.2147625104446345,43.360750453232804,147.30829776197083,-87.94313659929514,-94.88630106603786,0.0,0.0,0.0,0.0,0.0,0.0,0.0,14.8819762874717,0.0,280.38516919603785,6.430181325154102,152.6405002640187,66.52299796766435,424.58950825545924,319.95042932003884,1271.1565262676138,-10.994642548047548,-8.963176435945577,2767.9676838645164,2175.366671
02/18/2017,10.00896359945602,137.6132376902687,30.482726828182273,0.0,0.0,4.964711457050935,17.824095400221722,138.2131329022825,-88.06971313655845,-95.12065803923838,0.0,0.0,0.0,0.0,0.0,0.0,95.79891373527138,-12.8217261354304,0.0,277.1710346666845,5.299684883627937,171.37191125499578,67.12412955906004,424.90748943410466,322.1062611653304,1258.4234079074558,-10.99022721215069,-8.963176435945577,2745.3441995246694,2342.148007
02/25/2017,10.30743376362181,137.75406396146556,10.08284141213952,0.0,0.0,4.7161659272030585,7.237301923513117,130.4404072875149,-88.33234318420304,-95.68376144206437,0.0,0.0,0.0,0.0,0.0,0.0,0.0,38.21291788370602,0.0,274.0188735314379,5.276165387895917,190.10332220905144,67.72526112839586,424.3916088109125,324.26209310445046,1245.6902895472977,-10.986655742626818,-8.963176435945577,2666.252809073766,2257.568486
03/04/2017,10.190070177695668,148.13203491091255,5.261887096348475,0.0,0.0,4.584565174487016,3.35138554955127,123.58289867260882,-88.2161416272794,-95.63097132856839,0.0,0.0,0.0,0.0,0.0,0.0,0.0,14.547133342325465,0.0,274.4903232058353,6.728344031817622,193.11909608583147,0.09414928831847091,424.3208856169078,12.581758337548244,1280.9991411400533,-10.993482645877718,-8.963176435945577,2298.1799005925704,2101.829649
03/11/2017,9.859279733382426,155.31081609754182,2.388985846293585,0.0,0.0,4.522452691383703,1.7671440479545792,117.35197315183038,-87.81394486084258,-95.91812429593857,0.0,0.0,0.0,0.0,0.0,0.0,0.0,7.7027822834174255,0.0,275.7573474385311,6.127141126411715,267.09188755040265,0.0,423.98390035450404,0.24417899997714687,1216.2332666886687,-10.99014130165106,-8.963176435945577,2284.6557691159214,2052.447686
03/18/2017,9.623257911775504,156.28235927397762,0.8788587781009602,0.0,0.0,4.482452965164444,1.2207631493179878,143.06765229085258,-87.6424050315575,-96.0163618708756,0.0,0.0,0.0,0.0,0.0,0.0,0.0,76.12514649840634,0.0,274.8954594393269,5.836039906840724,286.27179130869365,0.19067662984360811,424.3228577388072,1.0133653687185604,1182.858450519129,-10.996184078349412,-8.963176435945577,2363.451004362227,2170.958764
03/25/2017,9.455721451563605,156.41384262868817,0.32331407615641533,0.0,0.0,4.456693719417433,1.4817750143485602,159.88705024670847,-87.53710446927307,-95.42841785885973,0.0,0.0,0.0,0.0,0.0,0.0,0.0,41.72458517257951,0.0,278.2802039309217,6.051895999498687,287.7451401154882,0.0,423.8053635613337,0.21953966498098995,1151.0203018113907,-11.001797854673642,-8.963176435945577,2317.9349307743246,2092.177097
04/01/2017,9.139675145841874,153.77834448205172,0.11773055488470767,0.0,0.0,4.519993007484724,0.7721340010438733,177.575645572452,-87.39439214446155,-94.37049094949599,0.0,0.0,0.0,0.0,0.0,0.0,0.0,170.11674783201897,0.0,275.498238511003,5.069243900936453,287.98619629954237,38.15313048396374,424.1752388653723,141.5186758938408,1189.0695661703573,-10.987147685140775,-8.963176435945577,2675.77535350575,2468.231058
04/08/2017,7.638043078281129,126.11366929144155,0.024954201153050408,0.0,0.0,5.00728097654833,0.28405202935862234,185.25359704115178,-87.14257871748197,-93.9956981383167,0.0,0.0,0.0,0.0,0.0,0.0,0.0,32.67497663137943,0.0,277.39552043375215,6.581833085631419,235.75295908138767,2.061202985720214,423.5017165500874,0.2980646438777292,1124.642840102155,-10.991020283112581,-8.963176435945577,2226.138236557069,2059.341807
04/15/2017,6.457506544873578,116.15092882138224,0.009180137575059862,0.0,0.0,5.285091293744881,0.10449682762952622,197.6413809315502,-87.15194289578105,-93.54496303924732,0.0,0.0,0.0,0.0,0.0,0.0,0.0,27.2813581144589,0.0,273.17388994389427,6.722948798008351,225.62900548660673,0.600758448816924,424.42087902706953,9.521629870304674,1197.113063814914,-10.991226004527508,-8.963176435945577,2289.4608096853276,2222.465447
04/22/2017,5.537300451055424,112.56309567100408,0.003377183880998729,0.0,0.0,5.443475291294165,0.038442099221273715,206.15546292854438,-87.11544726448096,-93.25398673800692,0.0,0.0,0.0,0.0,0.0,0.0,0.0,20.264438443960277,0.0,283.5096295235513,6.002174613045074,207.05331319438346,0.0,423.760529803087,0.2618656513357744,1218.9277002123192,-10.991893853758574,-8.963176435945577,2289.1963007744907,2098.798529
04/29/2017,4.827301548784938,111.27102917122866,0.001242396518870307,0.0,0.0,5.533772419574505,0.014142234656591327,203.76940119105672,-87.28996340302058,-93.04673633890071,0.0,0.0,0.0,0.0,0.0,0.0,0.0,49.730617616829065,0.0,267.1257532669717,5.94793217607006,182.30356389601357,2.817818776983695,423.64039257638086,8.27557009644343,1163.2750613652338,-10.99167223117148,-8.963176435945577,2228.2420503237086,2105.979806
05/06/2017,4.439159028782001,121.53167739581652,0.0010033729495827696,0.0,0.0,6.196956765954295,0.005202808977337567,207.41022408399903,-87.27911449366263,-92.91941669995762,0.0,0.0,0.0,0.0,0.0,0.0,0.0,29.495718172648836,0.0,274.95473100697063,7.247314439175088,194.34932110969504,0.323342438559476,423.51865460137964,9.357373892222906,1147.2072937593732,-10.991669912250538,-8.963176435945577,2225.884595334687,2036.325254
05/13/2017,4.179793809627269,126.1091928400278,0.0004098217072706552,0.0,0.0,6.5897659899198855,0.0019137563594954171,199.25293211272003,-87.36468235243349,-92.73014914855554,0.0,0.0,0.0,0.0,0.0,0.0,0.0,37.61044906501605,0.0,273.9585433255131,6.03473171960644,190.40967390406453,0.008903360614197815,423.74038171788044,13.052288943560155,1149.6957876904985,-10.997283688574768,-8.963176435945577,2230.589476431606,2109.334275
05/20/2017,3.991671584604492,127.43666178499801,0.00015076498068766604,0.0,0.0,6.768555867576984,0.0007044441323284629,195.8540110462124,-87.62583315718233,-92.55926888629651,0.0,0.0,0.0,39.351298201504065,0.0,0.0,0.0,21.544960423266684,0.0,276.23220544504596,6.2290750075573325,150.4044084348949,3.8069256679723797,423.8057093229654,30.489028387632185,1133.0905183720172,-10.983858903122115,-8.963176435945577,2218.8737473728147,2021.250777
05/27/2017,3.8563939659024697,127.82162441865384,5.546333682647764e-05,0.0,0.0,6.84993322914907,0.00025885604862560627,196.6639234393319,-87.81669755358467,-92.48345280573993,0.0,0.0,0.0,0.0,0.0,0.0,0.0,28.277316836656702,0.0,273.41217697211476,6.566521878422753,136.65108407522172,0.28169562363493666,423.7023906250122,4.405261637229881,1189.5894248303375,-10.987940866527472,-8.963176435945577,2197.8267941892555,2122.151058
06/03/2017,3.61989998896806,132.8176123307913,2.3759858461535217e-05,0.0,0.0,6.900149727119371,9.484801781701602e-05,189.3359270792707,-87.77946185655682,-92.43919048933616,0.0,0.0,0.0,0.0,0.0,0.0,0.0,166.5259971609017,0.0,284.1125643518167,5.298426334410332,89.76483846748965,63.599307931021926,423.1896901550994,319.23326675847164,1168.7747652135288,-10.977687923223156,-8.963176435945577,2653.013047401704,2342.046679
06/10/2017,3.2490498231959934,139.6522639209313,1.0426806221697175e-05,0.0,0.0,6.9401319483055355,3.4580006495787094e-05,180.69422472408397,-87.78456941555115,-92.30283106872659,0.0,0.0,0.0,0.0,0.0,0.0,0.0,16.562352366805072,0.0,261.22702251846164,6.219385254952701,126.62179697187348,0.1458862844742641,423.3617556564958,4.519994991507492,1122.8959532974354,-10.985318387792585,-8.963176435945577,2092.0539674573197,1970.544377
06/17/2017,2.9717315274584,141.17922659349134,3.835807705395501e-06,0.0,0.0,6.958074879326851,1.2844002412720922e-05,162.3587208144261,-87.54530577114534,-92.29025404922606,0.0,0.0,0.0,0.0,0.0,0.0,0.0,16.259609313265315,0.0,258.3565708938023,6.742570756454094,108.17972694920716,0.0,423.9325782298349,21.801213880529524,1148.3848739425753,-10.98364070370403,-8.963176435945577,2097.3425375001602,2055.616738
06/24/2017,2.766887431519433,141.52037188903807,1.411114819141255e-06,0.0,0.0,6.966127103850889,4.940000927969585e-06,161.69177172045528,-87.43370337330659,-92.38898524740645,0.0,0.0,0.0,0.0,0.0,0.0,0.0,60.03691409459456,0.0,260.1236580363778,5.738352290699646,211.6687587850516,0.6356990654592132,423.4527464582464,12.92080722181562,1137.9018811418005,-10.98230655118919,-8.963176435945577,2225.655809982177,2109.949665
07/01/2017,2.670251849932477,141.0249204752135,5.050157427427855e-07,0.0,0.0,6.958257004230761,1.976000371187834e-06,170.3424049726695,-87.12400916480338,-92.34990895325336,0.0,0.0,0.0,0.0,0.0,0.0,0.0,207.0821564211513,0.0,265.8448608533127,5.3811839908146615,230.5948241676605,2.9352721043329852,424.0674679528279,35.198838210431475,1240.0164759701872,-11.001458850516999,-8.963176435945577,2532.6783630492614,2512.457248
07/08/2017,2.910431761268205,137.25250117289875,1.5603696500400884e-07,0.0,0.0,6.884353021995085,9.88000185593917e-07,176.03413505464027,-86.63753497661357,-92.49910574567797,0.0,0.0,0.0,0.0,0.0,0.0,0.0,174.47622244762687,0.0,264.9889591087607,5.248299374684823,218.8299908749478,0.0,423.5240288469888,20.135037494157643,1133.7908003284476,-10.991280996081256,-8.963176435945577,2364.9836624761356,2369.846718
07/15/2017,3.07095582342969,136.30033157673554,5.740279906947419e-08,0.0,0.0,6.849896586489121,0.0,184.04014875367602,-86.19737767054026,-92.70605432488661,0.0,0.0,0.0,0.0,0.0,0.0,0.0,190.31992771506197,0.0,268.1700124581458,4.944693093543353,197.21447410043777,1.2306447404360947,424.0932976273162,313.98337134476844,1183.5263660833746,-10.995762586862147,-8.963176435945577,2714.881748942583,2527.52467
07/22/2017,3.180066047326207,136.0600013297143,2.1117270596862772e-08,0.0,0.0,6.833831863889208,0.0,178.4524546590033,-85.58842218626249,-92.84156367266357,0.0,0.0,0.0,0.0,0.0,0.0,0.0,200.70114929527386,0.0,265.39313869093115,4.977665361948524,285.8374626274856,0.0,423.2992154877752,23.274460333089152,1202.5822728819833,-10.984054796729243,-8.963176435945577,2532.2145015079363,2470.026812
07/29/2017,3.254979593874998,135.99934201784978,7.76856830399033e-09,0.0,0.0,6.82634197721589,0.0,181.0281336353355,-85.088729848702,-92.833341847275,0.0,0.0,0.0,0.0,0.0,0.0,0.0,206.02869173199971,0.0,259.13126793239763,4.532827803961903,279.91148794943354,60.062434691114184,423.50189583389636,4.276050562503271,1237.1053223748875,-10.992947968963561,-8.963176435945577,2603.780580011353,2642.154641
08/05/2017,3.981631164832065,136.76587730036852,9.81861847258809e-10,0.0,0.0,5.910139156884014,0.0,179.346514212124,-84.61678484057944,-93.00059733042681,0.0,0.0,0.0,0.0,0.0,0.0,0.0,206.87132656435205,0.0,263.3512071141516,5.059685814010462,274.57891045689513,0.41225692144249304,424.02661258767705,0.0,1246.9851199183797,-10.989127712350141,-8.963176435945577,2549.719594892797,2657.575293
08/12/2017,4.673707452148138,137.26205128414125,7.589269357434388e-11,0.0,0.0,4.760138842436612,0.0,184.36655626299816,-84.12028307277457,-92.91533912159704,0.0,0.0,0.0,0.0,0.0,0.0,0.0,173.0818295258207,0.0,260.6470855061327,4.721307274150907,234.11841509715705,0.0,423.5116668014891,9.429659283239811,1269.2276939228639,-10.992781558779827,-8.963176435945577,2508.808531063557,2662.646903
08/19/2017,5.119788043975323,137.3837076875569,2.792074101846559e-11,0.0,0.0,3.896058482590363,0.0,195.08167460944887,-84.20687519265265,-92.88667991083874,0.0,0.0,0.0,0.0,0.0,0.0,0.0,166.44823225761806,0.0,277.97792519932096,4.644910823585969,161.3690883465503,0.0,424.1978713119327,306.7377836247656,1240.9774982880233,-10.988988356244054,-8.963176435945577,2726.788818779715,2745.221777
08/26/2017,5.417164065005599,137.41353502679027,1.0272894113075624e-11,0.0,0.0,3.246810954243431,0.0,188.17698805985927,-84.24654553030356,-92.74195784415922,0.0,0.0,0.0,0.0,0.0,0.0,0.0,141.1366309988786,0.0,271.1955482594065,4.935433107407548,220.71581827339125,0.0,423.9624417900266,3.7126955310850467,1186.781671501821,-10.98833121821924,-8.963176435945577,2389.7547265392977,2567.876506
09/02/2017,5.358614923551979,137.72653839927187,1.749093301619179e-11,0.0,0.0,3.519885661139697,0.0,163.57745041980436,-84.24078195287936,-92.60584464205618,0.0,0.0,0.0,0.0,0.0,0.0,0.0,97.70154757379943,0.0,265.55276318671883,5.620965367384924,189.2423666524515,70.80607097137133,423.9450683351981,23.461479078383668,1187.4501859815732,-10.998272321869369,-8.963176435945577,2377.1548611979156,2525.296591
09/09/2017,4.621710616405758,138.55419787600732,1.948115728171804e-11,0.0,0.0,5.17547858588955,0.0,165.74631623488347,-84.54479077721554,-92.42981492877462,0.0,21.978760623347007,0.0,0.0,0.0,0.0,0.0,21.66674223952727,0.0,269.4949064491826,6.030769412591461,150.27054248404175,0.11909678712569666,424.4982784086299,16.577233867915155,1212.1939559168914,-11.000501798717124,-8.963176435945577,2239.9897055618044,2876.739577
09/16/2017,4.055470541409787,138.75127317068632,7.1266713220640645e-12,0.0,0.0,5.968924504603788,0.0,168.66069821696007,-84.72598668974165,-92.25742976931194,0.0,0.0,0.0,0.0,0.0,0.0,0.0,27.158739571165917,0.0,314.0442894921122,5.381468040254598,115.21508288105288,52.102731032638864,424.2838805849892,288.07117918680314,1241.9146513274286,-11.002767053202257,-8.963176435945577,2588.6590286019114,2592.461929
09/23/2017,3.625551222697724,138.79819843013868,2.6139073187949573e-12,0.0,0.0,6.349184887331612,0.0,183.01918129168823,-85.11594178169484,-92.07198991811718,0.0,0.0,0.0,0.0,0.0,0.0,0.0,26.885459451312354,0.0,276.2670490415047,5.878712879033037,148.49686017182205,0.0717695575377383,423.4644127118204,22.77195301204796,1076.140329079256,-10.989572393046817,-8.963176435945577,2114.627981207389,2225.251456
09/30/2017,3.3032131974601873,138.8093712767828,9.494283422370743e-13,0.0,0.0,6.531425342600447,0.0,189.3982778863617,-85.23091729604775,-91.97659876591071,0.0,0.0,0.0,0.0,0.0,0.0,0.0,25.03872682471982,0.0,268.1488906373009,5.8760166933267834,141.75946000669308,3.781311961309483,423.86276852952386,19.25587487046956,1128.882113788795,-10.994837999955447,-8.963176435945577,2157.481920517485,2224.09981
10/07/2017,3.7607324435806753,144.72396323457616,5.422467310266135e-13,0.0,0.0,6.920450849127575,0.0,181.57517061316992,-85.11209885228475,-91.94160760918156,0.0,0.0,0.0,0.0,0.0,0.0,0.0,17.955401454286473,0.0,268.62981360473697,6.10119876271177,146.47407280849188,3.3284428325063904,423.8216228953489,31.476534652295378,1211.2576887733403,-10.995861417064166,-8.963176435945577,2249.012348609697,2321.00783
10/14/2017,4.059957722986325,145.89644179623332,1.807489103422045e-13,0.0,0.0,7.083945409344059,0.0,189.35560446999364,-84.85167745054677,-91.98469361417804,0.0,0.0,0.0,0.0,0.0,0.0,0.0,29.006004660415424,0.0,265.72336915520157,6.102617578713067,127.05589304820792,0.519143574524685,423.98011405120354,7.194141614220633,1185.928429020412,-11.000498596397728,-8.963176435945577,2195.105616004388,2332.494847
10/21/2017,4.260928305168212,146.12886730213495,0.0,0.0,0.0,7.1526567457262615,0.0,181.62884792428002,-84.50344455055799,-92.2875044304606,0.0,0.0,0.0,0.0,0.0,0.0,0.0,139.45120920198622,0.0,266.9217044398367,4.944402766035114,191.7699545894225,0.0,423.53085443771874,271.363308052646,1234.0690952578989,-11.000028849269926,-8.963176435945577,2674.4676747566195,2652.683062
10/28/2017,4.397921216152002,146.1749428889736,0.0,0.0,0.0,7.181533882756553,0.0,196.08551570894343,-84.1883663364446,-92.60682579333826,0.0,0.0,0.0,0.0,0.0,0.0,0.0,47.198250575599296,0.0,267.13903134573513,5.798760289152459,165.47460128779403,67.22345219403628,423.5527569430566,10.913283155641688,1277.4462994887472,-10.997766907528993,-8.963176435945577,2421.830213503331,2367.443062
11/04/2017,4.635094741370309,144.0830663252838,0.0,0.0,0.0,7.080411478750901,0.0,194.6643999342305,-83.8262079281961,-92.94983538051622,0.0,0.0,0.0,0.0,0.0,0.0,0.0,156.28357084660914,0.0,267.8800330422015,5.032566022148818,128.7540156979015,1.886213124292751,424.2954443906724,19.827646308396375,1266.773625155978,-10.994002084168548,-8.963176435945577,2424.4628652390093,2610.628266
11/11/2017,4.899380793750722,141.93341898838966,0.0,0.0,0.0,6.9439139424505845,0.0,189.470754666768,-83.40835604582975,-93.1403532943838,0.0,0.0,0.0,0.0,0.0,0.0,0.0,144.77033365765885,0.0,264.95440267329315,5.032071129294821,193.55065196926006,0.07227031642262999,423.78263293554454,15.450833438762968,1340.8155279328787,-10.997512157499882,-8.963176435945577,2535.1667945108156,2668.663637
11/18/2017,5.078851644758704,141.44961226809102,0.0,0.0,0.0,6.880352260286175,0.0,198.40898762408247,-83.13088519498996,-93.39973144879046,0.0,0.0,0.0,0.0,0.0,0.0,0.0,158.83944231083984,0.0,263.4611777925085,5.128545505307014,177.0768843873782,1.7378318693391366,424.51684282019,22.41452314634209,1502.1905537574141,-11.005674096664071,-8.963176435945577,2710.684138210147,2965.029868
11/25/2017,5.202002850789764,141.34072532973505,0.0,0.0,0.0,6.850753970312161,0.0,198.37366392688423,-82.62253567214191,-93.44374094670417,0.0,0.0,0.0,0.0,0.0,425.75698457486385,0.0,115.437067306118,0.0,260.33865950321814,5.344833412922227,149.3865775056552,1.164376912673334,425.0624632123724,26.780705259482485,1559.0218458446516,-11.010697873245977,-8.963176435945577,3124.020508681641,3219.803047
12/02/2017,5.119116487726205,143.77992820901,0.0,0.0,0.0,6.866425419215183,0.0,201.25515373236345,-82.26747455642169,-93.3861449725335,0.0,0.0,0.0,0.0,0.0,0.0,0.0,124.12604649635526,0.0,270.1637350814643,5.162169545113449,180.98653664073103,3.4815912238047226,424.22942099366185,17.723525915571475,1296.8556912104846,-11.003411271524685,-8.963176435945577,2484.129133719076,2612.984355
12/09/2017,4.6199349380536665,149.5773175800802,0.0,0.0,0.0,6.9453402851990385,0.0,197.81780177030933,-82.06821998693391,-93.37152873479066,0.0,0.0,0.0,0.0,0.0,0.0,0.0,129.1999085100773,0.0,259.85696311031734,5.089300088629366,90.31727504239664,65.7723522150026,424.21328118218605,351.6690277989343,1475.9480975853564,-11.010049458780895,-8.963176435945577,2965.6136254900907,3044.511507
12/16/2017,4.247995544645521,150.5700590435492,0.0,0.0,0.0,6.980419192425888,0.0,180.43145043063856,-81.76654090090314,-93.576375212931,0.0,0.0,0.0,0.0,0.0,0.0,0.0,107.9461798048138,0.0,274.7935045269016,5.411899867516121,181.4280096144868,2.9343455900966218,424.9383732045431,25.493933347560183,1429.453725302245,-11.006125071574733,-8.963176435945577,2599.317677848068,2880.002455
12/23/2017,3.974185150091171,150.74005624706265,0.0,0.0,0.0,6.996012367528075,0.0,164.59913033111758,-82.0779933731278,-93.46361415336592,574.2484217646738,0.0,0.0,0.0,0.0,0.0,0.0,90.93879007823234,0.0,262.5980617612093,5.442120737050614,165.79393085790016,0.0,425.13170944928356,19.740817517058048,1667.0841707527059,-11.020225325570117,-8.963176435945577,3341.7623977259036,3389.821957
12/30/2017,3.774795595218191,150.7691662397451,0.0,0.0,0.0,7.002943725736115,0.0,174.2072816873333,-82.23428449802837,-93.29598537363054,0.0,0.0,0.0,0.0,0.0,0.0,0.0,88.74479037783072,0.0,263.98515328388373,5.276837607601223,149.9541666266168,3.7415380287341646,426.2434654237973,16.750309714578947,1321.9205547219337,-11.030522549221928,-8.963176435945577,2416.8470341761827,2743.233318
01/06/2018,5.804080543878501,147.54441142982188,0.0,0.0,0.0,6.696597030106877,0.0,188.73257902604578,-82.04771055153623,-93.15984438345149,0.0,0.0,0.0,0.0,0.0,0.0,0.0,95.61804655240336,0.0,267.1242636923863,4.951677670869785,43.283314263477436,63.51734009892536,425.1816442587637,335.5970316581852,1334.822105590998,-11.02024177886632,-8.963176435945577,2723.6821186660623,2737.409252
01/13/2018,7.221803337495075,146.4966414766867,0.0,0.0,0.0,6.835010415184732,0.0,201.93079011165693,-82.2562012029828,-93.01135265351361,0.0,0.0,0.0,0.0,0.0,0.0,0.0,11.104990463234715,0.0,251.8509396120494,5.372571455049862,57.24412324116285,64.11847166826118,424.0346163291521,289.84967350323024,1322.08898723084,-10.998002333216927,-8.963176435945577,2592.9198862183453,2598.685277
01/20/2018,8.335728805034636,145.86044214262353,0.0,0.0,0.0,7.150829691909343,5.309966489466898,183.81502855619007,-82.23775919782818,-92.74708836597466,0.0,0.0,0.0,0.0,0.0,0.0,0.0,32.61597469791318,0.0,265.8976002876764,5.390538742402449,71.20493218192686,64.71960325965686,423.99737225215483,244.10231534827534,1309.3558813480884,-10.999437414005111,-8.963176435945577,2572.8087523895656,2740.633356
01/27/2018,9.267906048509232,145.29518873067474,0.0,0.0,0.0,7.485900514253686,8.451448435588183,171.8836810716709,-82.19698384467006,-92.63671089740701,0.0,0.0,0.0,0.0,0.0,0.0,0.0,86.8697358089598,0.0,266.5163182554959,4.630323564987713,85.16574115961228,65.3207348289927,423.8109896580079,198.35495719332044,1296.6227629879302,-10.992858524870114,-8.963176435945577,2574.885958555111,2947.620715
02/03/2018,10.08159730074738,144.73392599419867,0.0,979.5272536708734,0.0,7.774916410822012,11.776247888145306,164.3978013446529,-82.19480290092007,-92.54813982494468,0.0,0.0,0.0,0.0,0.0,0.0,0.0,28.610207418727352,0.0,258.54731699776045,5.090249960820816,99.12655010037629,65.92186639832852,423.6396754411447,152.6075991321939,1283.889644627772,-10.99514873536157,-8.963176435945577,3441.0235847893923,2801.544665
02/10/2018,10.813730679315599,144.1630469834487,0.0,360.347941051523,0.0,8.00540409318779,10.441652297444115,160.09107275126792,-81.71303425071002,-92.53939984406033,0.0,0.0,0.0,0.0,0.0,0.0,0.0,58.50524722874617,0.0,258.0555315911203,5.25816131920216,113.08735907806172,66.52299796766435,424.2790996834148,106.86024097723902,1271.1565262676138,-10.992813029849744,-8.963176435945577,2803.3795884086835,2871.600701
02/17/2018,11.487343310132625,143.57949601105378,0.0,132.56459385644067,0.0,8.185529795339306,8.985344963879609,158.0447528166056,-81.63155014717317,-92.57506344194263,0.0,0.0,0.0,0.0,0.0,0.0,95.79891373527138,62.59136565840667,0.0,266.88588675589074,4.618439913293711,127.04816801882572,67.12412955906004,424.7714557096635,61.112882822284114,1258.4234079074558,-10.996411774300876,-8.963176435945577,2637.0555090342414,2960.85464
02/24/2018,12.117438383611642,142.9823224187206,0.0,48.767785430209834,0.0,8.3273150307298,7.659666074853404,157.59481119070566,-82.42155299769564,-93.17630325331115,0.0,0.0,0.0,0.0,0.0,0.0,0.0,59.61794204964557,0.0,262.9599629267666,4.8895364225883595,141.00897699651114,67.72526112839586,424.1166472091128,15.365524667329208,1245.6902895472977,-10.992411635677302,-8.963176435945577,2403.2700351538483,2674.474874
03/03/2018,12.135915180760337,147.34597282846957,0.0,17.940660524536682,0.0,8.020796912755745,6.171663695335045,158.26313002596015,-82.8006131711902,-94.30251532128271,0.0,0.0,0.0,0.0,0.0,0.0,0.0,54.547401588688494,0.0,257.4718176519687,5.096898622626644,169.97439425842947,0.09414928831847091,424.14966957927334,7.712402721803545,1280.9991411400533,-10.991085544173355,-8.963176435945577,2352.8666235463875,2735.840095
03/10/2018,11.587926324010555,153.00790732181295,0.0,6.600009734851115,0.0,7.149010982460531,4.602903168646425,159.70682814606474,-83.80373186181771,-95.0828620914148,0.0,0.0,0.0,0.0,0.0,0.0,0.0,18.52082608526944,0.0,265.0701317672391,5.239890375449054,112.23720513797274,0.0,423.9044818957608,1.934319156943157,1216.2332666886687,-11.001880562853879,-8.963176435945577,2186.9430558331173,2509.633061
03/17/2018,11.193834141849758,153.86317767622995,0.0,2.4280005546625696,0.0,6.687069938519846,4.754319137089621,144.72699273419164,-84.57569858298137,-96.31946326310667,0.0,0.0,0.0,0.0,0.0,0.0,0.0,26.43456500230921,0.0,265.70869598833906,5.7535299529244455,97.02950588334087,0.19067662984360811,424.2986885738836,16.72484468975809,1182.858450519129,-10.99580090427008,-8.963176435945577,2141.7982122357676,2223.004888
03/24/2018,10.912379161987644,153.9923714418277,0.0,0.8932143002518208,0.0,6.442296970053071,2.247304234151738,143.5287265120179,-85.28679206248684,-97.17063185703209,0.0,0.0,0.0,0.0,0.0,0.0,0.0,4.169867198993985,0.0,262.8157807373213,6.057996480316506,83.03393647025936,0.0,424.3030810272051,42.32171716307716,1151.0203018113907,-10.988977424188189,-8.963176435945577,2089.329395729201,2252.604582
03/31/2018,10.71244812581775,154.01188779495752,0.0,0.3285923663477829,0.0,6.312596919272461,0.8267368193009067,128.05583479893969,-85.85613218221415,-96.90733878925123,0.0,0.0,0.0,0.0,0.0,0.0,0.0,4.540080877782429,0.0,265.04739607824547,6.408622415740041,104.02826900720729,38.15313048396374,424.48327406127805,17.48137360880041,1189.0695661703573,-11.000254999274096,-8.963176435945577,2146.7329071213258,2210.225255
04/07/2018,8.961097836511929,129.23058532471674,0.0,0.12089228755122951,0.0,7.31718736808287,0.3041390611319323,128.0488252168672,-86.19439647420712,-96.26212165962107,0.0,0.0,0.0,0.0,0.0,0.0,0.0,31.673820059434927,0.0,272.75675811522484,5.807333482965564,148.53478584264874,2.061202985720214,423.9582371578384,5.536785096430774,1124.642840102155,-10.996237855230286,-8.963176435945577,2086.5385575122764,2233.296365
04/14/2018,7.585234273957147,120.87108653788898,0.0,0.04446207442954463,0.0,7.647333471349708,0.11188706901776874,132.41099156066312,-85.89576896366778,-95.86527844223741,0.0,0.0,0.0,0.0,0.0,0.0,0.0,50.95586490126807,0.0,273.7273322636167,5.419230607377773,169.81749673294462,0.600758448816924,424.0213407899588,322.46633971263424,1197.113063814914,-11.004736590054986,-8.963176435945577,2511.063461826932,2427.371412
04/21/2018,6.513719165809528,118.05116938802688,0.0,0.01635536015550264,0.0,7.755831843264082,0.04116107573202817,133.05754162169106,-85.68423729491025,-94.9770832213235,0.0,0.0,0.0,0.0,0.0,0.0,0.0,138.2540303061794,0.0,265.2216088978756,5.021300035438404,203.2687839023474,0.0,423.8834032422121,669.7563590576285,1218.9277002123192,-10.981478917262795,-8.963176435945577,2989.1629882392376,2552.170618
04/28/2018,5.687823508297861,117.09992433317079,0.0,0.006014911112806874,0.0,7.791488507282719,0.015142090844412374,127.70072247647468,-85.0930515288737,-94.4303007322958,0.0,0.0,0.0,0.0,0.0,0.0,0.0,52.26377067436199,0.0,266.6624851481963,6.191467092164773,278.52732280490716,2.817818776983695,423.4980967246096,28.149755285868338,1163.2750613652338,-10.994572759569696,-8.963176435945577,2280.2057922428244,2261.08262
05/05/2018,5.565153004814162,124.45202654507499,0.0,0.002209180316123512,0.0,7.480887635113134,0.005570345046378504,123.59369572722416,-84.72047227492243,-94.36557868143844,0.0,0.0,0.0,0.0,0.0,0.0,0.0,127.6978059993736,0.0,265.34865513506463,5.2705814325185045,295.2001484686573,0.323342438559476,423.70566468885823,10.499912804312407,1147.2072937593732,-10.996084806448167,-8.963176435945577,2337.307634965551,2435.347048
05/12/2018,5.67433202960792,129.25376850269186,0.0,0.0008168397807515507,0.0,7.189859566735417,0.002049112384921784,117.90290791694183,-84.17000819564907,-94.01898272882423,0.0,0.0,0.0,0.0,0.0,0.0,0.0,133.08833116181071,0.0,266.76735910859423,5.453261080089637,297.61109059970653,0.008903360614197815,424.13898938664903,19.90259642566572,1149.6957876904985,-10.991302197644147,-8.963176435945577,2358.5465832237082,2537.350825
05/19/2018,5.749930890889265,130.57841333090087,0.0,0.00029703264754601846,0.0,7.05849345402257,0.0007538441416081586,103.19689206128149,-83.69414580203694,-93.90832194050411,0.0,0.0,0.0,39.351298201504065,0.0,0.0,0.0,110.99782471342164,0.0,265.855178193159,5.241893102100208,294.28235240364836,3.8069256679723797,423.14841219239867,3.0915609776156665,1133.0905183720172,-10.985900216099214,-8.963176435945577,2327.8992000431344,2525.522171
05/26/2018,5.802458041924141,130.9438422001028,0.0,0.00011138724282975691,0.0,6.999196469558295,0.0002776280521518907,93.6906301514931,-83.01966199002064,-93.78371717892169,0.0,0.0,0.0,0.0,0.0,0.0,0.0,110.75765869975928,0.0,267.16087126387555,5.576689485012191,284.64232771027474,0.28169562363493666,423.62819700870386,7.879764419566855,1189.5894248303375,-10.989302183544764,-8.963176435945577,2330.197287131106,2572.48446
06/02/2018,5.849715373810807,133.43937593608302,0.0,3.712908094325231e-05,0.0,7.206534516603013,0.00010176401911617346,90.50277794319554,-82.51415298359143,-93.68009953212223,0.0,0.0,0.0,0.0,0.0,0.0,0.0,79.63349223451486,0.0,263.52416267906204,5.203135884109043,109.28448564265477,63.599307931021926,423.74933737100827,297.6240726763794,1168.7747652135288,-10.984506102914324,-8.963176435945577,2452.2493672404985,2545.419571
06/09/2018,5.909175116250486,139.42324058774938,0.0,1.8564540471626154e-05,0.0,7.745621964686695,3.754400705256885e-05,114.62624315467356,-82.09010044387773,-93.59479572914228,0.0,0.0,0.0,0.0,0.0,0.0,0.0,70.43519983519442,0.0,256.4247110082522,5.260334930025645,213.92886219375333,0.1458862844742641,422.92569474628607,23.794297757610124,1122.8959532974354,-10.984516041146929,-8.963176435945577,2187.8826883348265,2459.516864
06/16/2018,5.950560635112879,140.77445683759404,0.0,0.0,0.0,7.906435533850046,1.3832002598314839e-05,100.09905667613694,-82.12516230563351,-93.5998955477838,0.0,0.0,0.0,0.0,0.0,0.0,0.0,49.08532358729917,0.0,256.91799875002374,5.481161295741302,177.64338801892944,0.0,423.2844587228263,13.84216447211365,1148.3848739425753,-10.985012731927574,-8.963176435945577,2133.6966452829147,2523.952317
06/23/2018,5.979416666716426,141.0795746214125,0.0,0.0,0.0,7.954407396799442,4.940000927969585e-06,102.2634501480314,-82.16794117806866,-93.5252702531682,0.0,0.0,0.0,0.0,0.0,0.0,0.0,45.07671650727611,-0.0,255.5005988848219,5.156042182457647,135.38781808287797,0.6356990654592132,423.37301211850627,2.8153958797703176,1137.9018811418005,-10.981427569727668,-8.963176435945577,2067.4862021990207,2479.790753
06/30/2018,5.999560765518295,141.14847297181842,0.0,0.0,0.0,7.968717716004763,1.976000371187834e-06,118.14580717243207,-82.37203536658768,-93.46395929590877,0.0,0.0,0.0,0.0,0.0,0.0,0.0,27.025268931816395,0.0,248.83053413476594,5.56128492068733,105.99473645398852,2.9352721043329852,423.93095186956714,43.231505372990476,1240.0164759701872,-10.99061690129362,-8.963176435945577,2174.998802360374,2523.219608
07/07/2018,5.729669084194642,135.13275604393144,0.0,0.0,0.0,6.81600584472105,9.88000185593917e-07,126.41252216719862,-82.68631323664854,-93.31303989515986,0.0,0.0,0.0,0.0,0.0,0.0,0.0,2.644209554560078,0.0,249.32759734222896,5.999710949064479,52.83268213038314,0.0,423.27702698207526,14.929973284800035,1133.7908003284476,-10.98356484186181,-8.963176435945577,1960.9468602899897,2183.601394
07/14/2018,5.535594248025856,133.52569431620287,0.0,0.0,0.0,6.10947341301958,0.0,124.3367390055954,-83.15808427000067,-93.3008649824961,0.0,0.0,0.0,0.0,0.0,0.0,0.0,5.227870498412204,0.0,254.18475328986187,5.977375603096784,78.79269673917334,1.2306447404360947,423.53112336343224,11.491631963649349,1183.5263660833746,-10.981009722259026,-8.963176435945577,2037.0668278535786,2198.360675
07/21/2018,5.397000444732894,133.09637807565716,0.0,0.0,0.0,5.6764180318766,0.0,106.85556755538424,-83.52533919558199,-93.25008934045901,0.0,0.0,0.0,0.0,0.0,0.0,0.0,0.4128614020760385,0.0,248.2399841470384,5.491747495227808,43.19568868464857,0.0,423.72797698575965,346.19254620822335,1202.5822728819833,-10.977135909614343,-8.963176435945577,2324.152701031007,2376.408829
07/28/2018,5.298556913968092,132.98168968412708,0.0,0.0,0.0,5.410985133572999,0.0,91.9255116673442,-83.92142353342689,-93.20043078664995,0.0,0.0,0.0,0.0,0.0,0.0,0.0,3.7777971959047636,0.0,250.43167466153588,5.908949743238268,36.886207644209485,60.062434691114184,423.8670329229818,16.060295740619548,1237.1053223748875,-10.985960618468491,-8.963176435945577,2072.6454669990126,2226.486892
08/04/2018,5.646935507618587,134.16350245660846,0.0,0.0,0.0,5.241260867666728,0.0,85.55517590114954,-84.02664676487976,-93.1107593593787,0.0,0.0,0.0,0.0,0.0,0.0,0.0,6.129659396418491,0.0,246.7671092201739,6.220906403924582,159.6583828808348,0.41225692144249304,423.8564893275453,32.007912968684316,1246.9851199183797,-10.996605569836678,-8.963176435945577,2155.547523640406,2326.590914
08/11/2018,6.175159162778143,135.34896638374352,0.0,0.0,0.0,5.131614147441394,0.0,105.10026248613688,-84.05801642570502,-93.10186012076525,0.0,0.0,0.0,0.0,0.0,0.0,0.0,101.72090532842054,0.0,249.84727330884468,5.292069344433267,173.98760737052632,0.0,423.7825475623021,346.7976079586278,1269.2276939228639,-10.987738237007132,-8.963176435945577,2625.3009157566953,2515.062713
08/18/2018,6.5276059776473385,135.64951195386595,0.0,0.0,0.0,5.06419165313318,0.0,115.29293944404505,-84.25267694532641,-92.93386593161594,0.0,0.0,0.0,0.0,0.0,0.0,0.0,9.911386673839056,0.0,239.62412324175375,5.911709093719127,190.70781427782384,0.0,423.4286712038894,20.557105737163024,1240.9774982880233,-10.995866827879693,-8.963176435945577,2196.5069714041356,2264.228665
08/25/2018,6.766938107501741,135.725707390182,0.0,0.0,0.0,5.0227332950888774,0.0,123.6948221634062,-84.25131203916202,-92.92291388358947,0.0,0.0,0.0,0.0,0.0,0.0,0.0,31.437051664631387,0.0,242.13880149041978,6.079759717305348,183.18394749777417,0.0,423.887595068414,342.06876035566586,1186.781671501821,-10.992806073086921,-8.963176435945577,2489.6575798204262,2223.277
09/01/2018,6.822698348290935,135.80330269695187,0.0,0.0,0.0,5.80322304042219,0.0,132.1221186396716,-84.37104526824535,-92.84684015128526,0.0,0.0,0.0,0.0,0.0,0.0,0.0,11.246219844157366,0.0,245.62472152704143,6.374341716509753,174.01455999874233,70.80607097137133,423.612945078949,20.750711235377306,1187.4501859815732,-10.996796825601924,-8.963176435945577,2223.2532403979803,2256.639226
09/08/2018,6.187472552027537,136.17057890763573,0.0,0.0,0.0,8.30253098765552,0.0,138.71936262133664,-84.51186974335086,-92.64625560936321,0.0,21.978760623347007,0.0,0.0,0.0,0.0,0.0,26.342550384110233,0.0,244.09913979774402,5.964263887167969,163.115917718357,0.11909678712569666,423.6455533888839,378.0192953230973,1212.1939559168914,-10.990979757208514,-8.963176435945577,2567.7461973495115,2213.443214
09/15/2018,5.71566958172437,136.26270744659172,0.0,0.0,0.0,8.630805231476689,0.0,144.2069001301993,-84.57453136829228,-92.47825247300868,0.0,0.0,0.0,0.0,0.0,0.0,0.0,132.94182786504751,0.0,226.40724912255718,5.242556752905296,152.26701226738234,52.102731032638864,423.7548823631022,692.8050776692124,1241.9146513274286,-10.99575739689623,-8.963176435945577,3025.2403531161235,2606.389477
09/22/2018,5.369359074868676,136.28581575587344,0.0,0.0,0.0,8.673922758279575,0.0,146.00275505718028,-84.49617729484515,-92.40620450351548,0.0,0.0,0.0,0.0,0.0,0.0,0.0,12.328564293608933,0.0,249.77123516291974,5.912013778936375,156.82297746893266,0.0717695575377383,423.8726889002908,20.904223862899055,1076.140329079256,-10.993321315235095,-8.963176435945577,2045.2967752010422,2185.777534
09/29/2018,5.117817708868976,136.29161372678274,0.0,0.0,0.0,8.679586044634242,0.0,148.5112155887724,-84.48807638715655,-92.29150913137384,0.0,0.0,0.0,0.0,0.0,0.0,0.0,7.183124085570076,0.0,247.41785284676055,5.963900522817052,112.8557199576992,3.781311961309483,423.6646215025741,17.125369934609935,1128.882113788795,-10.985921748936525,-8.963176435945577,2048.7455639657815,2168.072642
10/06/2018,5.871999201994003,145.873352639408,0.0,0.0,0.0,8.250905289171246,0.0,151.23165507513215,-84.241808213246,-92.20058985291193,0.0,0.0,0.0,0.0,0.0,0.0,0.0,7.5294530108882975,0.0,243.78075053578473,6.170641793093331,100.17632860750436,3.3284428325063904,423.66334090393815,28.029157657267575,1211.2576887733403,-10.986969901201949,-8.963176435945577,2138.7711719167232,2291.194271
10/13/2018,6.5021533450555005,148.91827981225808,0.0,0.0,0.0,8.008976389734313,0.0,154.22919598104883,-84.14150803397067,-92.21975244451954,0.0,0.0,0.0,0.0,0.0,0.0,0.0,4.371949455000005,0.0,245.04857001350507,6.055844776430559,97.85992743509883,0.519143574524685,423.2786874916399,11.742885624169947,1185.928429020412,-10.999629001044777,-8.963176435945577,2096.139977003397,2232.142712
10/20/2018,6.919966014162942,149.46697505503346,0.0,0.0,0.0,7.9333735122918885,0.0,156.10034990705418,-83.8721429909651,-92.25082602516603,0.0,0.0,0.0,0.0,0.0,0.0,0.0,5.5071091289510115,0.0,251.529642309306,6.156897679525379,101.04657359048667,0.0,423.3164864947129,13.640771217598223,1234.0690952578989,-10.99110122449591,-8.963176435945577,2159.6099934904487,2272.481707
10/27/2018,7.202675646916504,149.5595475827528,0.0,0.0,0.0,7.909747613091131,0.0,155.61120518246793,-83.70767212483304,-92.20068278269933,0.0,0.0,0.0,0.0,0.0,0.0,0.0,113.59986829662185,0.0,248.0731275387024,5.217290061162346,57.072433928706,67.22345219403628,424.1024282955909,344.7088003589155,1277.4462994887472,-10.986947705815796,-8.963176435945577,2661.868397138417,2634.000478
11/03/2018,7.124902574206158,148.64598759767475,0.0,0.0,0.0,7.796459392483774,0.0,156.4802049051234,-83.39072461623175,-92.18315357975321,0.0,0.0,0.0,0.0,0.0,0.0,0.0,16.9921765078106,0.0,249.4976702900387,6.1129285994460965,175.18255029641287,1.886213124292751,423.6624615595414,19.72191109664021,1266.773625155978,-10.994230000969626,-8.963176435945577,2284.3458064667484,2420.942453
11/10/2018,6.695203731124155,147.18211137555204,0.0,0.0,0.0,7.588436835155284,0.0,152.2300999455427,-83.19923982219147,-92.04183863153813,0.0,0.0,0.0,0.0,0.0,0.0,0.0,111.0788858141056,0.0,251.93458411493515,4.994655794676263,209.72932150144425,0.07227031642262999,423.5898046615963,339.2826952303502,1340.8155279328787,-10.996828848795873,-8.963176435945577,2799.992513515312,2821.241292
11/17/2018,6.383150983225441,146.88809505194908,0.0,0.0,0.0,7.508378881440361,0.0,154.42533557855626,-82.82374462877983,-92.06755104429035,0.0,0.0,0.0,0.0,0.0,0.0,0.0,117.70064212703161,0.0,248.67183151537608,5.46461514265704,242.08439728347068,1.7378318693391366,424.20981502854454,24.947701997165566,1502.1905537574141,-11.000987115742674,-8.963176435945577,2687.3568899914117,2999.024157
11/24/2018,6.158528270569178,146.83086925318761,0.0,0.0,0.0,7.4775684812990875,0.0,166.10006341251204,-82.57431529905453,-92.01984478580458,0.0,0.0,0.0,0.0,0.0,425.75698457486385,0.0,86.99098516256342,0.0,247.69582702406086,5.244954028485537,213.50494904188736,1.164376912673334,424.5864646993677,24.921111031674663,1559.0218458446516,-11.011243371791194,-8.963176435945577,3120.8859478452005,3202.103589
12/01/2018,6.243798606034865,148.03212351010535,0.0,0.0,0.0,7.532293386938052,0.0,155.83424318934482,-82.28366659764173,-91.98916161374487,0.0,0.0,0.0,0.0,0.0,0.0,0.0,111.39534611990375,0.0,253.37198248329173,5.390359879184826,210.82159706667292,3.4815912238047226,422.89125091163953,20.911936556488868,1296.8556912104846,-10.996917519915673,-8.963176435945577,2448.529291976646,2628.634097
12/08/2018,7.654825940987039,154.42572710955346,0.0,0.0,0.0,7.893263676693473,0.0,159.24331321140403,-82.07458186560604,-92.01576059484097,0.0,0.0,0.0,0.0,0.0,0.0,0.0,89.78727619410267,0.0,249.83201870916105,5.24667802810863,181.47694894147355,65.7723522150026,423.7104370531084,65.08937283490111,1475.9480975853564,-11.005183920947026,-8.963176435945577,2692.021608682513,2889.094133
12/15/2018,8.546349810748149,155.3353590999254,0.0,0.0,0.0,7.996515436460633,0.0,161.8643867008826,-81.84891973183089,-92.23315438624618,0.0,0.0,0.0,0.0,0.0,0.0,0.0,79.28206688090842,0.0,242.96007919783267,5.558350630209972,192.93195992677275,2.9343455900966218,423.97227678755115,22.11120411267082,1429.453725302245,-11.013276292482981,-8.963176435945577,2538.8880926297984,2808.649793
12/22/2018,9.135040098988334,155.45989533633926,0.0,0.0,0.0,8.02604951108008,0.0,168.21182296682457,-82.01935381385366,-92.09972937132181,574.2484217646738,0.0,0.0,0.0,0.0,0.0,0.0,57.92329090003223,0.0,245.6003678787317,5.585625435031215,149.7047145142663,0.0,424.7617060853813,15.029769159521713,1667.0841707527059,-11.017310221097413,-8.963176435945577,3286.671304561358,3252.95966
12/29/2018,9.53247045196966,155.47752952533904,0.0,0.0,0.0,8.034497458191648,0.0,171.8183839418858,-82.09569673686364,-91.94598992253756,0.0,0.0,0.0,0.0,0.0,0.0,0.0,55.77373915380608,0.0,238.77611316438757,5.556016505686781,103.59371879754812,3.7415380287341646,425.5338857195845,147.07778276405523,1321.9205547219337,-11.019187442811718,-8.963176435945577,2452.8121796949636,2774.7259
01/05/2019,9.679990812791115,155.77236244004004,0.0,0.0,0.0,7.392100383961975,0.0,177.81637990128246,-82.49369104693872,-91.96238638911115,0.0,0.0,0.0,0.0,0.0,0.0,0.0,37.227608414647804,0.0,265.8234241099832,5.709385608199829,248.98202897727342,63.51734009892536,423.9659335556408,181.37018243806676,1334.822105590998,-11.009427435844618,-8.963176435945577,2717.6501610239707,2454.202566
01/12/2019,9.987202312589526,153.69181194264604,0.0,0.0,0.0,7.147579651231143,7.211212790612325,186.50832142502833,-82.59191518478173,-91.65231507353248,0.0,0.0,0.0,0.0,0.0,0.0,0.0,19.517469402311928,0.0,243.72058777549898,6.46080962440312,236.12691863825358,64.11847166826118,423.56427806211855,159.46878667282255,1322.08898723084,-10.990339735028742,-8.963176435945577,2645.414690767329,2368.79499
01/19/2019,10.397864137133103,150.963057003255,0.0,0.0,0.0,7.092547727265616,11.611808101255612,184.97792052024568,-82.94448911725067,-91.29396833606887,0.0,0.0,0.0,0.0,0.0,0.0,0.0,3.9774453369074494,0.0,256.904308729662,5.882995843073409,223.2718082623123,64.71960325965686,423.4769455038048,137.56739081374988,1309.3558813480884,-10.984580418809248,-8.963176435945577,2596.0133622783355,2431.146228
01/26/2019,10.872381330686935,147.7505075314922,0.0,0.0,0.0,7.122971837583307,54.1480239876012,185.10533863475877,-83.28221090432065,-91.16628967316437,0.0,0.0,0.0,0.0,0.0,0.0,0.0,26.96667268418403,0.0,253.19732947352617,5.861241083534408,210.41669792329247,65.3207348289927,423.47984819404644,115.66599504850564,1296.6227629879302,-10.986252029533436,-8.963176435945577,2608.1325765031706,2636.864459
02/02/2019,11.38393807496627,143.99964518948616,0.0,0.0,1016.1003921821464,7.188750219275393,27.11189488491683,186.35504369822667,-83.52603189323531,-90.93469977145824,0.0,0.0,0.0,0.0,0.0,0.0,0.0,91.5861632476609,0.0,262.39991600165513,4.6495226065977775,197.56158754735125,65.92186639832852,424.27144170357144,93.76459928326138,1283.889644627772,-10.986342467450143,-8.963176435945577,3621.7741550971273,3040.377538
02/09/2019,11.914855125628508,139.603555741896,0.0,0.0,373.80244689701084,7.266691515180277,18.168105208843297,188.35301360415397,-83.35634515528994,-90.61205389717595,0.0,0.0,0.0,0.0,0.0,0.0,0.0,7.915488437198418,0.0,253.03292513043908,5.5810711834508595,184.7064772083314,66.52299796766435,423.8807267910629,71.86320351801714,1271.1565262676138,-10.996229352520169,-8.963176435945577,2829.840279755559,2402.461788
02/16/2019,12.453715657122892,134.41920864389994,0.0,0.0,137.51422974929898,7.346566527694408,17.139940839704614,190.8394985213928,-83.26303172125746,-90.46570317413673,0.0,0.0,0.0,0.0,0.0,0.0,95.79891373527138,15.0228506932897,0.0,247.41670449502195,5.167343990280285,171.85136683239017,67.12412955906004,424.2568044611619,49.961807658944494,1258.4234079074558,-10.994494689231344,-8.963176435945577,2641.050083251418,2720.447179
02/23/2019,12.993289959008697,128.25981521106883,0.0,0.0,50.58865459412837,7.424165432407927,13.824955192990997,193.635168060068,-83.02665060385237,-90.28639779942432,0.0,0.0,0.0,0.0,0.0,0.0,0.0,21.886852159776744,0.0,254.49478945939265,5.989020386409042,158.9962564933703,67.72526112839586,423.7766696145629,28.060411893700252,1245.6902895472977,-10.990748638088041,-8.963176435945577,2420.0786256552683,2471.631155
03/02/2019,13.341938103674755,133.58679587569833,0.0,0.0,18.610520663587064,7.899424722745679,12.04640369489355,196.6170488701676,-83.48467658497452,-90.1417565730786,0.0,0.0,0.0,0.0,0.0,0.0,0.0,86.66745071003685,0.0,259.51148496238443,4.811822917427861,171.0912299446024,0.09414928831847091,423.8986637092912,17.202628230252873,1280.9991411400533,-10.976110615283911,-8.963176435945577,2432.812982623852,2775.860466
03/09/2019,13.532132179778786,148.97548994082794,0.0,0.0,6.846437865670195,8.606177282505811,12.207164169092092,199.7014120683911,-83.86731611231248,-90.11732573074467,0.0,0.0,0.0,0.0,0.0,0.0,0.0,94.4962998663353,0.0,250.64614680923577,5.124227337444456,168.24518009062533,0.0,423.7043968962086,0.4589334171104445,1216.2332666886687,-10.981029046600202,-8.963176435945577,2354.848417286292,2666.517945
03/16/2019,13.66421404440478,150.67089150339876,0.0,0.0,2.518656123722376,8.693664626225274,11.981524686706155,197.8223062886248,-83.96904990432746,-90.10688632350497,0.0,0.0,0.0,0.0,0.0,0.0,0.0,92.55052918554459,0.0,250.8694704899313,5.466261098529376,160.57120932425755,0.19067662984360811,423.7434850352417,8.593873523865222,1182.858450519129,-10.981178009664472,-8.963176435945577,2316.174922405982,2636.274124
03/23/2019,13.75616701199399,150.95870765450684,0.0,0.0,0.926564725368564,8.704494436933253,7.295500074445528,193.85016688068598,-83.95025625165539,-90.25195904743633,0.0,0.0,0.0,0.0,0.0,0.0,0.0,104.37490205372319,0.0,250.37764134676297,5.3430028461761445,192.12036829335747,0.0,423.2543390429073,10.10009127237934,1151.0203018113907,-10.97983049574802,-8.963176435945577,2317.937025219846,2496.2283
03/30/2019,13.820290976367659,151.00756731206135,0.0,0.0,0.34086119713645885,8.705835068509298,2.683864960158823,201.73892980654924,-84.0626261952386,-90.39294600297018,0.0,0.0,0.0,0.0,0.0,0.0,0.0,108.78942316591694,0.0,250.92799132834875,5.558087436028251,173.81957434823332,38.15313048396374,423.6606046915192,11.616001493494764,1189.0695661703573,-10.984206078714456,-8.963176435945577,2385.4887737257764,2388.696822
04/06/2019,11.894455106574249,127.7045332644046,0.0,0.0,0.12540610823461132,7.472970190273961,0.9873382254695691,202.80499760905874,-83.9736508274648,-90.38922640115487,0.0,0.0,0.0,0.0,0.0,0.0,0.0,88.59526979267797,0.0,241.32134746602898,5.400194836696247,165.35227327710183,2.061202985720214,423.51494940265945,9.279655837473033,1124.642840102155,-10.984270456376775,-8.963176435945577,2216.8471100835864,2391.599119
04/13/2019,10.029318528412281,115.67376278007701,0.0,0.0,0.04612217893456605,6.169810994606646,0.3632214722304485,205.9319101195743,-83.9086283123588,-90.27865681375458,0.0,0.0,0.0,0.0,0.0,0.0,0.0,60.419881521785896,0.0,244.5724037100862,5.490212555539245,176.86431306999341,0.600758448816924,423.4067003999576,22.320591545943568,1197.113063814914,-10.990239911003464,-8.963176435945577,2274.86136966781,2465.122244
04/20/2019,8.572646266877712,111.26994966913743,0.0,0.0,0.016966029077809055,5.264161351040058,0.13362208510064932,208.8481122947661,-83.93052813467814,-90.23879356936483,0.0,0.0,0.0,0.0,0.0,0.0,0.0,51.79256657829978,0.0,242.74238749617027,5.463900201908652,202.81066306549218,0.0,424.00861590817897,24.363010390049986,1218.9277002123192,-10.991655888300084,-8.963176435945577,2310.0901475201304,2593.643733
04/27/2019,7.446158251914646,109.63815863785791,0.0,0.0,0.00623949310012501,4.634766888413822,0.049156961234039745,204.372597561522,-83.8504045990434,-90.15241231591656,0.0,0.0,0.0,0.0,0.0,0.0,0.0,52.03283401342061,0.0,257.68538750242925,5.167485537172039,225.5719729868735,2.817818776983695,423.1503117470421,123.17403419047778,1163.2750613652338,-10.986071374549635,-8.963176435945577,2385.06991918822,2546.782865
05/04/2019,6.496500545281602,122.27180144088086,0.0,0.0,0.002291665675663198,6.179506152651318,0.01808336739692546,208.73331602443082,-83.71348207723551,-89.97589999619015,0.0,0.0,0.0,0.0,0.0,0.0,0.0,40.8014217022002,0.0,251.17023977556192,5.597218740926903,240.83643152281562,0.323342438559476,423.2210306723847,12.257665698514636,1147.2072937593732,-10.977545143948062,-8.963176435945577,2271.486039853334,2346.675307
05/11/2019,5.7003129147581175,128.65231346577434,0.0,0.0,0.0008473385691527792,6.602433375604572,0.006652205249603842,206.7710926888498,-84.25465170401533,-89.90088881075854,0.0,0.0,0.0,0.0,0.0,0.0,0.0,13.330785790867397,0.0,250.74772358089857,6.657671858086814,268.4901345201367,0.008903360614197815,423.18738934621666,18.937590208725602,1149.6957876904985,-10.992866033756972,-8.963176435945577,2284.6780553603735,2186.452679
05/18/2019,5.0957869010998245,130.41249211834798,0.0,0.0,0.00030812311605555605,6.793337098962009,0.0024472764597161323,205.0762998477892,-84.4391737308587,-89.91052646512162,0.0,0.0,0.0,0.0,0.0,0.0,0.0,20.735515763199405,0.0,249.38624237680096,5.902614234954492,243.12246114457662,3.8069256679723797,422.94472871067927,12.752863788039456,1133.0905183720172,-10.986857378323897,-8.963176435945577,2244.8228074137646,2187.672575
05/25/2019,4.642521024369207,130.8980695703027,0.0,0.0,0.00011554616852083351,6.8795084814111345,0.0009000681690760583,196.29309586368265,-84.88478798284328,-89.8777418608256,0.0,0.0,0.0,0.0,0.0,0.0,0.0,22.635088969655996,0.0,250.90057768160688,5.85445002892085,242.1569146219352,0.28169562363493666,423.60362232087886,250.64756665791253,1189.5894248303375,-10.978781128809723,-8.963176435945577,2529.679063880562,2375.607349
06/01/2019,4.240510789822654,133.42745092023983,0.0,0.0,3.8515389506944507e-05,7.1585387089451356,0.0003309800621739622,180.91028992046637,-85.48091586589061,-89.72142122536071,0.0,0.0,0.0,0.0,0.0,0.0,0.0,12.504023416765978,0.0,243.8368988867185,5.965456336053904,203.3821104736436,63.599307931021926,423.34974364129,4.801254970884796,1168.7747652135288,-10.982703859643783,-8.963176435945577,2256.802503317993,2059.066123
