Period,TAS_SPD__APL_0.70|0.6|0,DEP_ALL__PVAL_5|4,LTV_30B_17__PVAL_3|5,LTV_30B_18__PVAL_3|5,LTV_30B_19__PVAL_3|5,MAS_SPD__PVAL_3|5,SUP_VID__PVAL_3|5,IRI_pctTD__PVAL_4|5#LAG_2,IRI_BAS_PRC_1500ML__RA_7,IRI_BAS_PRC_750ML__RA_5,HOL_CHR_NEW,HOL_LAB,HOL_MEM,HOL_MOT,HOL_NWY,HOL_THK,HOL_VAT,IRI_BAV_1500ML,IRI_BAV_750ML,IRI_TRD_DESEA,IRI_WBR,IRI_pctAT,IRI_pctFD,IRI_pctTA,IRI_pctTF,SEA_IRI_CORE_1,WBR_TRD,Intercept,Predicted,IRI_EVO
06/11/2016,1.4152554080432462,36.13174148908721,0.0,0.0,0.0,5.62245615718816,0.0,0.0,-32.27814723139728,-34.8739490333293,0.0,0.0,0.0,0.0,0.0,0.0,0.0,14.499543035299935,24.595149420030463,128.43661856083682,2.2329971041030094,25.43185251432257,0.13752228251719026,165.8852945652752,19.45768415217298,460.9325037575302,-4.282290810452559,42.43656738305959,855.7807987542875,982.472809
06/18/2016,1.9458267788420986,38.950450284169335,0.0,0.0,0.0,6.658483675202159,0.0,0.0,-32.22958303946691,-34.82590387580037,0.0,0.0,0.0,0.0,0.0,0.0,0.0,19.279340501518277,34.200750134628414,129.17436921920108,1.8812564632134776,48.203998186083176,1.1910624385370907,165.7848174788178,73.18697737242971,479.76859734379724,-4.283836118655642,42.43656738305959,971.3231742255765,1142.889946
06/25/2016,2.265172560026841,39.1703435615065,0.0,0.0,0.0,6.849388380575968,0.0,56.20962201394849,-32.22306997155717,-34.88327396606054,0.0,0.0,0.0,0.0,0.0,0.0,0.0,7.773803229574272,27.993135543850194,128.74913994635378,1.9865037418938403,42.56842204319041,9.068221617592426,165.73148322876,49.0543128687193,476.024064262819,-4.283836118655642,42.43656738305959,984.4900003255973,1017.724682
07/02/2016,2.5760977539324035,38.79063642577678,0.0,0.0,0.0,6.265687837990128,0.0,73.27179786734575,-32.17746000299611,-34.77147095358207,0.0,0.0,0.0,0.0,0.0,0.0,0.0,23.874864369990405,23.900697571866832,125.0113689739074,1.9491274096884905,61.36733293220507,30.21040403893623,165.39307634838354,48.51873309354549,497.03314163856174,-4.283836118655642,42.43656738305959,1069.3667665699559,1076.585084
07/09/2016,3.0173043112489184,37.417030634265664,0.0,0.0,0.0,4.1376439098719695,0.0,69.1381619181162,-32.10624395072445,-34.69200317312362,0.0,0.0,0.0,0.0,0.0,0.0,0.0,35.42386992658559,20.14937541079829,124.29273932650314,1.9786706407406085,51.38669437428383,0.0,165.09335873934202,6.906545542069513,481.2683903924238,-4.277617573630718,42.43656738305959,971.5704878118304,1007.964377
07/16/2016,3.3019762946622873,37.22901562300573,0.0,0.0,0.0,3.514904874840449,0.0,90.07622856073979,-32.21256348166133,-34.731646958582964,0.0,0.0,0.0,0.0,0.0,0.0,0.0,14.310374413330237,15.12631467715883,125.96831636627732,1.965269631627627,38.799664830977214,0.19276038755066524,164.94850791585543,2.671272991885778,468.57262525350546,-4.283836118655642,42.43656738305959,937.8857526455765,1004.798647
07/23/2016,3.4918471335232826,37.203280806332764,0.0,0.0,0.0,3.3326699703441385,0.0,88.46352503602463,-32.314857337033644,-34.5748183731122,0.0,0.0,0.0,0.0,0.0,0.0,0.0,16.615214763889462,16.749054783784704,127.71164082258912,2.0245436988910543,24.558636947406658,7.507807866097767,165.0371756079392,39.91767872593834,482.79537930385163,-4.283836118655642,42.43656738305959,986.6715110208709,1065.649102
07/30/2016,3.620753074237745,37.19975794279749,0.0,0.0,0.0,3.279341733723823,0.0,90.58354785675745,-32.48427069280588,-34.377695318588415,0.0,0.0,0.0,0.0,0.0,0.0,0.0,27.40046741628271,21.837337945117174,132.2869118189035,1.7503977979016074,66.93772755991267,10.65943849479966,165.769753644728,55.17463064193097,476.012050861763,-4.283836118655642,42.43656738305959,1063.8028820418656,1091.401116
08/06/2016,3.1671938972567997,38.72768058212122,0.0,0.0,0.0,3.4188715352114336,0.0,82.00842148721546,-32.60194864916713,-34.29294598796414,0.0,0.0,0.0,0.0,0.0,0.0,0.0,20.09817123223476,17.415546466772668,128.7974068943199,2.045403654282817,41.9565640163905,0.0,165.58876657309546,18.283595029201557,453.2643009970647,-4.283836118655642,42.43656738305959,946.02975899244,1003.202843
08/13/2016,2.7177744587642145,39.04741071737304,0.0,0.0,0.0,3.4843425397330536,0.0,81.78252306203134,-32.73163337017283,-34.309923891723905,0.0,0.0,0.0,0.0,0.0,0.0,0.0,7.279851852356597,20.873717878701736,129.2796249865233,1.9966004026094382,48.90451350899915,0.05292616285354894,165.06643564714443,12.551285643411877,451.7590842583118,-4.283836118655642,42.43656738305959,935.9072651213208,1025.138737
08/20/2016,2.37119163158475,39.07349218116411,0.0,0.0,0.0,3.5030689626696936,0.0,63.787162245815885,-32.959307025284104,-34.375186103474896,0.0,0.0,0.0,0.0,0.0,0.0,0.0,5.736064512542722,23.603793659900308,135.29848324562653,1.9353476649013635,24.667936394544736,9.6942668225811,165.89613660320612,45.72419300695131,466.90286411019645,-4.283819368856419,42.43656738305959,959.0122559271293,1128.88763
08/27/2016,2.1070093140254396,39.07561974858402,0.0,0.0,0.0,3.508425082133883,0.0,62.83902093264203,-33.165922406630585,-34.40485842543708,0.0,0.0,0.0,0.0,0.0,0.0,0.0,11.802243824156605,19.203416758930228,136.30260617361526,2.0557194248706514,38.573608593399705,10.505833904352318,166.2046551613269,11.792102618196754,462.72766777718635,-4.283836118655642,42.43656738305959,937.2798797457565,1045.911438
09/03/2016,1.9006683946477545,39.00989860632714,0.0,0.0,0.0,4.11028057955024,0.0,75.61216011578536,-33.270268895645955,-34.47667251416995,0.0,0.0,0.0,0.0,0.0,0.0,0.0,18.48665178266196,15.258312875054612,130.38845020703138,2.0310658420739514,42.88203717737728,18.843341639690554,165.07746218089173,10.862454806273488,485.4448446731884,-4.283836118655642,42.43656738305959,980.3134187351419,1094.618368
09/10/2016,1.7363166677665194,38.91349090112397,0.0,0.0,0.0,4.9816948677852215,0.0,76.40524645704909,-33.309440564583255,-34.484030064928554,0.0,79.24016288380342,0.0,0.0,0.0,0.0,0.0,5.873594737488236,6.782979839479793,130.25914204639037,1.9376573727404207,28.99740314203395,0.0,165.81169735577913,0.0,459.0449821813868,-4.283836118655642,42.43656738305959,970.343629087719,1028.73953
09/17/2016,1.614821198473563,38.90511124608814,0.0,0.0,0.0,5.188224094701978,0.0,80.38663394475672,-33.17844625565017,-34.44752745517277,0.0,0.0,0.0,0.0,0.0,0.0,0.0,-0.7480817834864893,13.98117800856251,127.38590280205989,2.0054579779144786,31.894655935892846,3.745256821747296,165.6296631457292,67.34735244171003,450.7073093024694,-4.283836118655642,42.43656738305959,958.5702426902006,1028.516409
09/24/2016,1.5260209965366365,38.90438270663057,0.0,0.0,0.0,5.237172427629376,0.0,86.4980682763451,-33.080757789356234,-34.40717963941903,0.0,0.0,0.0,0.0,0.0,0.0,0.0,18.913868836832922,8.287980175409292,129.68901611868597,1.9321362892912488,40.0389109959947,2.0526901939495485,165.659337053928,56.47894747899831,446.09124582583377,-4.283836118655642,42.43656738305959,971.9745712116942,1038.65536
10/01/2016,1.585075506843685,39.0307202391454,0.0,0.0,0.0,5.1709941003720274,0.0,79.60681842691677,-32.93283911749859,-34.55012039286141,0.0,0.0,0.0,0.0,0.0,0.0,0.0,18.159471650391442,15.844120536119476,131.67165790493598,1.912864273809218,51.18520161410369,14.320595033693172,165.3728000919495,88.64760170425339,462.2468414393114,-4.283836118655642,42.43656738305959,1045.4245342758893,1052.384502
10/08/2016,2.255773580438235,39.6760631444154,0.0,0.0,0.0,4.665582435346112,0.0,87.06155289527143,-32.71067738546514,-34.44032420917907,0.0,0.0,0.0,0.0,0.0,0.0,0.0,52.8881424892382,6.209033250411413,130.75694901707834,1.943554048601751,82.98680799373363,4.353436590705763,165.3330271154588,59.85110322513035,493.1724322441899,-4.283836118655642,42.43656738305959,1102.155187699779,1017.876226
10/15/2016,2.654015994582139,39.715419202511846,0.0,0.0,0.0,4.534527552058374,0.0,86.03432957571091,-32.487155218034935,-34.33335721497803,0.0,0.0,0.0,0.0,0.0,0.0,0.0,63.719539842404814,19.857463744123248,123.24290643753092,1.7776475478442149,90.11809655236095,10.278480360556726,166.07917307431262,69.5156870528891,455.7357280530475,-4.283564266415553,42.43656738305959,1104.5955056735643,1102.978272
10/22/2016,2.9104257962313596,39.71781960940987,0.0,0.0,0.0,4.500544631687342,0.0,86.94208036931312,-32.28679711146679,-34.222657771107386,0.0,0.0,0.0,0.0,0.0,0.0,0.0,60.77833460412612,9.126129674013308,130.90540579197025,1.9428200075320394,88.07544272476522,0.8603899300272813,165.81771258424334,57.835964807841854,487.0791945872068,-4.283166940615547,42.43656738305959,1108.1362106782378,1134.467542
10/29/2016,3.081267126838086,39.71796598074085,0.0,0.0,0.0,4.49173266783923,0.0,86.55401480489243,-32.04285533744625,-34.07829544022676,0.0,0.0,0.0,0.0,0.0,0.0,0.0,54.616825576160025,1.6113818507019118,135.2831582315469,1.892655812813401,100.81719408019455,10.66135235422013,166.0841345158616,41.729413767066504,494.8572258631658,-4.2830777939859175,42.43656738305959,1113.4306614434422,1121.261359
11/05/2016,2.847531216586677,39.08835820087536,0.0,0.0,0.0,5.651630206677606,0.0,92.1636861367755,-31.89286807634298,-33.8791433160953,0.0,0.0,0.0,0.0,0.0,0.0,0.0,53.73931324809781,6.97528005064461,130.7807367774551,1.7667139878568707,90.95423143629509,1.867118851261985,166.13178430022512,28.375989473805813,507.71470502419254,-4.282343587313541,42.43656738305959,1100.4392913140578,1160.100344
11/12/2016,2.5213492317700346,38.717918899759226,0.0,0.0,0.0,6.2897353465685635,0.0,85.81312847638348,-31.77732506419309,-33.85212637467081,0.0,0.0,0.0,0.0,0.0,0.0,0.0,41.259114438322975,3.187593512902512,131.60734800114759,1.7898033551625314,69.49527254531014,13.308099801244552,165.97014103319782,72.2772353677706,500.3768054762486,-4.281747020295658,42.43656738305959,1105.1389144096888,1179.407118
11/19/2016,2.275212297772591,38.68315964782476,0.0,0.0,0.0,6.416877256047058,0.0,92.64587919638201,-31.66430488002452,-33.834513909763835,0.0,0.0,0.0,0.0,0.0,0.0,0.0,41.33008642022981,9.054460425961874,133.54186758058566,1.9800723654473666,95.95115181533625,12.519599142088644,165.5518956659329,74.99018761003833,558.7846889478975,-4.281744492832347,42.43656738305959,1206.3811424719836,1256.114741
11/26/2016,2.091801686928678,38.67989801357705,0.0,0.0,0.0,6.442210201755194,0.0,89.67763385532463,-31.56708988075477,-33.804528109786936,0.0,0.0,0.0,0.0,0.0,85.25991756284654,0.0,33.11097685032539,3.024986386591878,130.59655404302518,1.907884744121441,84.1345899903268,15.124913004859476,166.11451981333437,97.11568165042878,618.7503181535732,-4.281312210929614,42.43656738305959,1344.815523138607,1409.827286
12/03/2016,2.0021856221990393,39.50227144588935,0.0,0.0,0.0,6.721591192175077,0.0,98.73226292417799,-31.42722515300047,-33.828832715447945,0.0,0.0,0.0,0.0,0.0,0.0,0.0,27.912566772995582,5.365200134416196,132.96219206703262,1.9472797555942092,66.81430946479125,1.4383048094301902,165.7669396679969,9.165565292486905,498.6157124876985,-4.281546236896776,42.43656738305959,1029.8453449145982,1132.361349
12/10/2016,1.9986164808387894,40.268381480103926,0.0,0.0,0.0,7.111772559985371,0.0,109.09388036930798,-31.32537844722266,-33.87326699935468,0.0,0.0,0.0,0.0,0.0,0.0,0.0,32.27327034274715,9.794390192113543,133.3027195849889,1.7554264158253385,52.36629013410682,28.9092893838038,165.64781853133698,103.3543549801743,509.31227448117204,-4.2810667042816535,42.43656738305959,1168.1453401687056,1265.374475
12/17/2016,1.996115551652164,40.3001432296259,0.0,0.0,0.0,7.179575960946432,0.0,106.71489956550717,-31.547127876214283,-33.88146703487747,0.0,0.0,0.0,0.0,0.0,0.0,0.0,27.341750602935363,8.691508031326052,134.4054091895443,1.9121259201263847,43.45140948586396,0.059785435016508334,165.9831571299381,47.207105259845065,555.0588412293351,-4.28083190722399,42.43656738305959,1113.0289671564065,1263.731303
12/24/2016,1.994363657624942,40.301460156955,0.0,0.0,0.0,7.191358477516496,0.0,92.5022690603861,-31.820249683190095,-33.905539641608385,209.86454352294942,0.0,0.0,0.0,0.0,0.0,0.0,33.76172160536803,2.705321068485241,134.3678127387899,1.8244451993921442,79.84529041505441,15.008250023385928,166.1100752924962,88.40852867314635,690.024936378766,-4.281197661151801,42.43656738305959,1536.3399566674257,1584.938316
12/31/2016,1.993136721141839,40.30151489071049,0.0,0.0,0.0,7.193405872121026,0.0,104.81615077555556,-32.026113177534036,-33.87758053747477,0.0,0.0,0.0,0.0,0.0,0.0,0.0,22.87191264420134,2.963032263370267,134.16922211122193,1.7990311072411853,78.99188885142036,0.3235270407535123,166.0784267804247,17.99620435025624,523.6247395594603,-4.280381975916448,42.43656738305959,1075.3746846600131,1177.364679
01/07/2017,2.5456673163690775,38.61170970582643,0.0,0.0,0.0,3.314375781415618,0.0,103.03888687945371,-32.205685156828565,-33.828169427215784,0.0,0.0,0.0,0.0,0.0,0.0,0.0,3.0980220934380545,30.44686002004663,124.74648862693189,1.8343438778584,36.67137597825891,7.771985242902817,166.02562274807346,75.53997330549919,467.217776815767,-4.2790210440199115,42.43656738305959,1032.9867801468365,1082.626316
01/14/2017,2.9219063382907673,38.45759396310029,0.0,0.0,0.0,1.950039554811567,0.0,116.7993450722778,-32.2658147388408,-33.698185536576105,0.0,0.0,0.0,0.0,0.0,0.0,0.0,1.972577375389988,24.802552071087852,131.51794062167136,2.0146460484733297,40.86034162847644,6.76284981716642,164.93535386278396,65.59544788160339,470.9141450125277,-4.278821631448588,42.43656738305959,1041.698484723855,1035.06231
01/21/2017,3.198394875530081,38.459697895489406,0.0,0.0,0.0,1.4340477880716394,5.9085400800788325e-05,101.90051332316116,-32.38585367124254,-33.90012894555626,0.0,0.0,0.0,0.0,0.0,0.0,0.0,3.692397768573864,32.49394995530678,132.191270322636,1.9209524175099164,45.049307265315186,5.753714403207621,164.87183245183718,55.65092248899128,474.6105132092883,-4.278536842023421,42.43656738305959,1033.0996211745564,1053.85813
01/28/2017,3.4128303769931607,38.47748636602417,0.0,0.0,0.0,1.2053547682615626,2.9037912855565646,99.8736860957047,-32.436331543606755,-34.1164142761006,0.0,0.0,0.0,0.0,0.0,0.0,0.0,29.143072562506806,39.099570404062455,126.07440439523609,1.7703311931943495,49.23827291553272,4.7445789774712255,165.33924844735753,45.70639706509547,478.30688140604894,-4.277871048213859,42.43656738305959,1056.9018567741841,1139.158383
02/04/2017,3.586788322094787,38.49672776897745,125.85135479094339,0.0,0.0,1.0740905832310343,7.327241544687232,101.34262281685656,-32.230292386587415,-34.421406098261066,0.0,0.0,0.0,0.0,0.0,0.0,0.0,33.40843467723896,21.255588728066243,134.45184830010314,1.843233874901542,53.42723855237145,3.735443563512426,165.40131882364022,35.761871641199676,482.00324960280955,-4.277859481856338,42.43656738305959,1180.4740630069887,1176.8563
02/11/2017,3.7335681304677024,38.51598907511454,42.45718633796115,0.0,0.0,0.9756653685187722,16.729703789263937,103.71965608072486,-31.990371610708017,-34.80066073611466,0.0,0.0,0.0,0.0,0.0,0.0,0.0,38.88487508726206,25.043131604073338,137.34900120399658,1.7707895600946744,57.616204202588996,2.7263081377760305,165.95889177477127,25.817346217303875,485.6996177995702,-4.2773011694949945,42.43656738305959,1118.36616823623,1165.05327
02/18/2017,3.8617181323239764,38.535128888900424,14.196633772130944,0.0,0.0,0.8879893415893745,6.8769989735050645,106.3000249389084,-31.829847363311046,-35.28428266777801,0.0,0.0,0.0,0.0,0.0,0.0,0.0,41.23668184529883,24.163275308025206,131.73484881870408,1.8129427421478361,61.80516983942773,1.7171727238172312,165.9309747321394,15.872820824691752,489.3959908345914,-4.276581656380505,42.43656738305959,1075.3742274117915,1177.3373
02/25/2017,3.976875674207672,38.55413394154589,4.695853088125979,0.0,0.0,0.803463542451763,2.7923390658202387,108.89487474241554,-31.7042616965231,-35.50793984206569,0.0,0.0,0.0,0.0,0.0,0.0,0.0,31.26273543794521,20.332714721242066,133.48395933467674,1.8332580091673956,65.99413548964526,0.7080372980808353,165.91979029656727,5.9282954007959505,493.092359031352,-4.2762933970480805,42.43656738305959,1049.2208975214626,1119.212225
03/04/2017,3.9315937543223622,39.97680564230759,2.45060372971939,0.0,0.0,0.7914017691430664,1.2930515948538455,111.45497675994194,-31.662680243211003,-35.69194326209155,0.0,0.0,0.0,0.0,0.0,0.0,0.0,25.066268659049808,13.214688779151489,134.6180371472777,1.8552760417640874,69.73584478124067,7.310688590107007,165.70714141586743,60.66708490454759,476.77755077649334,-4.273620497501845,42.43656738305959,1085.6593377260424,1031.819104
03/11/2017,3.803966208861674,40.60774195969274,1.112615591702193,0.0,0.0,0.8004096295093235,0.6818100740006168,113.96839994588152,-31.57897385422356,-35.827704421506844,0.0,0.0,0.0,0.0,0.0,0.0,0.0,17.54929572920095,6.3469395371593444,126.74575255137309,1.8026374971620716,80.98145426144502,0.0,165.56880445818663,17.865031868944577,463.1052117661519,-4.273732262786181,42.43656738305959,1011.6962279238146,1038.411714
03/18/2017,3.7129028595881164,40.626794697049434,0.4093084021140322,0.0,0.0,0.8035696577594641,0.4710021314544906,108.01101845400501,-31.647460828812402,-35.91622638948063,0.0,0.0,0.0,0.0,0.0,0.0,0.0,21.73810999510503,9.199316349140751,130.2515996232727,1.8451475836371958,68.15149647547058,8.542154073209744,165.7711431807866,22.6896921284438,478.08063466413194,-4.272462276730444,42.43656738305959,1030.904308163205,1070.712418
03/25/2017,3.6482629415989223,40.62737023078142,0.15057614623649432,0.0,0.0,0.8046782360429959,0.5717072885793543,96.20310815354067,-31.829160844433552,-35.9806802210611,0.0,0.0,0.0,0.0,0.0,0.0,0.0,11.097982485337374,14.408625543357875,126.73720349835942,1.8147389793969386,59.20008367505929,8.18851171837538,165.00977881026708,30.57590496261049,469.9597497276694,-4.272677539495406,42.43656738305959,999.3523311752826,1054.705021
04/01/2017,3.5263240677752683,40.35715341176636,0.05483031688433836,0.0,0.0,0.8504829874664571,0.29790935322984313,87.51057835039587,-32.050456246155335,-35.97754064802648,0.0,0.0,0.0,0.0,0.0,0.0,0.0,3.2710030933353815,7.177017042027677,130.15270311619986,1.9147748205386614,50.66149248900749,2.3207011783937515,165.42912949030585,5.722110905248873,467.0424237370429,-4.272251726185212,42.43656738305959,936.4249531223111,988.772718
04/08/2017,2.946955412293932,35.47642999127347,0.011621849214566141,0.0,0.0,1.1344544224604605,0.10959465097437576,84.99151243086537,-32.249790047345066,-35.94660917257235,0.0,0.0,0.0,0.0,0.0,0.0,0.0,-5.548703645322224,6.501681183478365,123.96021344539184,1.9101112650994285,32.55032150647811,8.041719289705263,164.17574137145792,32.72218144915974,447.0657537599831,-4.271567554718701,42.43656738305959,906.0181889909373,1001.736632
04/15/2017,2.491473754115197,34.43282064601581,0.004275439394431455,0.0,0.0,1.2310850268043716,0.04031759032965276,84.20460365385367,-32.31310713481379,-35.95729503835354,0.0,0.0,0.0,0.0,0.0,0.0,0.0,-5.847945749650582,26.843258037998655,131.46837574262972,2.05018194743579,20.28140772578782,17.85621534996002,164.50533566788377,75.13090161455536,440.5232449007219,-4.27125230721873,42.43656738305959,965.1104642505092,1036.360473
04/22/2017,2.1364343414265825,34.209673198124875,0.0015728462551898876,0.0,0.0,1.2639666910734006,0.014831960385534663,81.36971212545818,-32.34249754608971,-35.96742121484262,0.0,0.0,0.0,0.0,0.0,0.0,0.0,-0.6430676666921424,4.902609347694835,138.75772279487035,1.9787110965410017,43.764328922433926,4.349229633259662,164.03876403159524,52.254470927693816,445.89148856067135,-4.2693720887078905,42.43656738305959,944.1477253442112,979.607087
04/29/2017,1.862498323218157,34.16195946142473,0.0005786178014056588,0.0,0.0,1.2751557729927545,0.005456441464919252,78.18351518651417,-32.40580863195595,-35.940416837737914,0.0,0.0,0.0,0.0,0.0,0.0,0.0,28.411589254444774,9.27252098198507,126.90116709759137,2.0350506562265114,64.69684539941619,17.447732972851643,165.3039499099455,51.72534497624875,425.2174607310933,-4.266512028361632,42.43656738305959,976.3246556682233,931.674617
05/06/2017,1.712742857277335,36.419928809839014,0.00046729803348563505,0.0,0.0,1.749406937004807,0.0020073788426900083,62.89653953919316,-32.309863832579836,-35.96150970490301,0.0,0.0,0.0,0.0,0.0,0.0,0.0,35.7555459683947,12.652396748335523,134.45710163546292,1.9134221710910875,68.74277389372998,0.0,164.41364457138545,0.0,442.29237907838007,-4.267384988485891,42.43656738305959,932.9061657440611,995.36109
05/13/2017,1.6126730189018168,37.03572958523208,0.00019086509952947952,0.0,0.0,1.9781753189601616,0.0007383769119427547,58.760858808092685,-32.24895099612926,-36.037124699444945,0.0,0.0,0.0,0.0,0.0,0.0,0.0,56.580551996479265,15.343603051356363,130.04937637700328,1.809827841610939,79.99173743917589,22.77898919658606,165.17834150147135,43.84594885652942,474.4275737379521,-4.269581911000983,42.43656738305959,1059.2752257478473,1146.593022
05/20/2017,1.5400905781481036,37.121113829149316,7.021534617127367e-05,0.0,0.0,2.0517596385630554,0.0002717928436836263,59.49321755883878,-32.060524251522,-36.22011704703668,0.0,0.0,0.0,43.18996480638101,0.0,0.0,0.0,44.54622298306031,12.61740613700297,134.1864081378937,1.9374190615746554,79.49361526970195,5.865399665991661,164.3844726247772,25.487294887568485,432.928690143025,-4.266624393383024,42.43656738305959,1014.7327190209838,1041.295449
05/27/2017,1.487896959113701,37.132952491672356,2.5830782303172307e-05,0.0,0.0,2.075428308734061,9.98733871600422e-05,50.479727232249616,-31.860458360562077,-36.16937658840166,0.0,0.0,0.0,0.0,0.0,0.0,0.0,51.771184827577606,31.596001259506252,136.3988765894111,1.941325583992039,66.73362058214896,8.34578620787145,164.21172304202796,152.1844045131486,431.2682087835361,-4.265533471677047,42.43656738305959,1105.768461047578,1025.77425
06/03/2017,1.3966514400509027,38.00217801868546,1.106561138566606e-05,0.0,0.0,2.0969288246297757,3.6594828883068894e-05,50.103506276156466,-31.778553378741858,-36.119599374124256,0.0,0.0,0.0,0.0,0.0,0.0,0.0,31.359344669022505,33.83759122624852,133.0692440336514,2.0572656358146983,55.50402953957418,0.6615723246307883,163.87904882895546,42.94786628039043,412.02544971778553,-4.2635967922061635,42.43656738305959,937.2155423140238,944.4544
06/10/2017,1.2535678135288544,38.96633882994909,4.85604684176603e-06,0.0,0.0,2.122304914884461,1.33418646969522e-05,56.815652682080554,-31.758159430009133,-36.10007399782959,0.0,0.0,0.0,0.0,0.0,0.0,0.0,21.449878760612698,15.217916990942433,125.25196092262907,1.9671949617814564,75.90834964183112,0.13752228251719026,164.41263399970646,32.29479316202988,460.9325037575302,-4.263196467720876,42.43656738305959,967.045774405435,968.529302
06/17/2017,1.146571211889375,39.045683701527416,1.786439826094296e-06,0.0,0.0,2.1304383941271765,4.9555497445822465e-06,62.43749276208577,-31.70383101609112,-36.04017274395503,0.0,0.0,0.0,0.0,0.0,0.0,0.0,18.267103489971966,12.432073519985973,126.8007476189706,2.0403058975721207,44.22951783702695,1.1910624385370907,162.92557112558777,39.19493493426288,479.76859734379724,-4.265773109469524,42.43656738305959,962.0368975308759,980.042267
06/24/2017,1.067537038997587,39.052213604417425,6.571944961057078e-07,0.0,0.0,2.13304531604949,1.9059806709931716e-06,57.17698211577695,-31.67766531315823,-35.874367675213804,0.0,0.0,0.0,0.0,0.0,0.0,0.0,17.82714998188619,10.439584022886775,128.3010743620618,1.9223446259189132,40.71111142590208,9.068221617592426,163.77441310706908,39.12536315243865,476.024064262819,-4.261292431081217,42.43656738305959,957.246349160598,1021.336113
07/01/2017,1.0302525215813876,38.96718803245853,2.3519954724823252e-07,0.0,0.0,2.121424563366749,7.623922683972687e-07,68.9573108208861,-31.48493197066206,-35.92885329903339,0.0,0.0,0.0,0.0,0.0,0.0,0.0,33.460073074263136,10.266893638550364,130.98521670483458,1.9698343213842955,29.299665026264716,30.21040403893623,165.04366786612687,118.26775575014538,497.03314163856174,-4.264859281548693,42.43656738305959,1098.3707518267672,1050.873188
07/08/2017,1.1229201698757179,38.37724066354198,7.267065245057741e-08,0.0,0.0,2.042567371871207,3.8119613419863437e-07,70.44274355641795,-31.411720687658363,-35.999278982551395,0.0,0.0,0.0,0.0,0.0,0.0,0.0,20.45798485932847,32.959162568692015,135.67159020413624,1.8215468104898216,39.88199907425873,0.0,164.73363511261203,80.09839378388635,481.2683903924238,-4.2609900779279615,42.43656738305959,1039.642752656323,1061.88302
07/15/2017,1.1848545225550502,38.315275417930884,2.6734042544091494e-08,0.0,0.0,2.0170496818906405,0.0,52.83411122797048,-31.378818815299212,-36.043108843550925,0.0,0.0,0.0,0.0,0.0,0.0,0.0,9.9634168228729,19.029271799526875,124.84769178283544,2.1066750223065553,37.850453664573145,0.19276038755066524,164.7243687686806,0.0,468.57262525350546,-4.262297547549737,42.43656738305959,892.3908965555923,953.418116
07/22/2017,1.2269520809941687,38.30876666217368,9.834886446362153e-09,0.0,0.0,2.0087924014556067,0.0,53.38206955073565,-31.377461843914627,-36.06441152427279,0.0,0.0,0.0,0.0,0.0,0.0,0.0,8.470845288063911,20.02372526581811,125.95325124582764,1.9691302379083102,33.769548972568764,7.507807866097767,164.7944007211842,10.054597499237996,482.79537930385163,-4.261698924290516,42.43656738305959,920.9982621963339,1011.935267
07/29/2017,1.2558556730783565,38.3080829048797,3.618033247720172e-09,0.0,0.0,2.0061203684421556,0.0,62.201313703083024,-31.332659609482594,-36.061479743819326,0.0,0.0,0.0,0.0,0.0,0.0,0.0,10.358986430265688,19.959032590772935,120.75597943799124,1.9135847354103965,34.466045303867006,10.65943849479966,164.58699251894464,0.0,476.012050861763,-4.260882724994828,42.43656738305959,913.2650283316786,1007.326505
08/05/2017,1.5362167234071957,38.43615159973678,4.572797289077859e-10,0.0,0.0,1.181575702122885,0.0,67.39419528241426,-31.329677820028042,-36.00296413836746,0.0,0.0,0.0,0.0,0.0,0.0,0.0,5.19122601300183,12.329193760004348,124.1590595218835,2.176183363160531,43.92813226421749,0.0,164.76228349001158,26.70292874108651,453.2643009970647,-4.2563408305883845,42.43656738305959,911.9090320526446,937.527208
08/12/2017,1.8032377312391346,38.49863308417808,3.5345288586826975e-11,0.0,0.0,0.5313141638080826,0.0,70.27159234254115,-31.51538101023933,-35.92378124491445,0.0,0.0,0.0,0.0,0.0,0.0,0.0,3.697809294154257,14.289538943895812,126.0495033832494,2.091865654473785,41.75247309318718,0.05292616285354894,164.80296731071294,7.592602959112443,451.7590842583118,-4.257674003226872,42.43656738305959,893.933279506432,934.887092
08/19/2017,1.9753472101896297,38.50482587689223,1.300344739891195e-11,0.0,0.0,0.294230825157033,0.0,63.877019199207915,-31.80377889942915,-35.752571306175525,0.0,0.0,0.0,0.0,0.0,0.0,0.0,0.8957307395606335,11.538129395048756,119.0317783879134,1.9904255927599364,46.81357291526913,9.6942668225811,164.4029886913954,0.0,466.90286411019645,-4.25487053235574,42.43656738305959,896.5465264112838,945.702704
08/26/2017,2.090082603232061,38.50543955839319,4.784365792642286e-12,0.0,0.0,0.20779089511872317,0.0,65.31921978963548,-32.1071982155893,-35.68278428623406,0.0,0.0,0.0,0.0,0.0,0.0,0.0,1.84827662838179,10.28145734693666,119.84899961248645,2.014294393875632,23.141451400181822,10.505833904352318,164.68134467672266,34.284350912023235,462.72766777718635,-4.253097538262951,42.43656738305959,905.8496968415044,1007.3435
09/02/2017,2.0674928236872803,38.5546066421615,8.146002546405252e-12,0.0,0.0,0.5267798184093709,0.0,72.23867520352358,-32.49725685654303,-35.56684642818357,0.0,0.0,0.0,0.0,0.0,0.0,0.0,30.463531758791454,20.3404904126493,127.09211344525778,2.0697137073814993,34.94517760415913,18.843341639690554,163.77554501383452,72.68530910923822,485.4448446731884,-4.254713444085269,42.43656738305959,1039.1653725062286,1011.985004
09/09/2017,1.7831760014291937,38.678432641668664,9.072904039875395e-12,0.0,0.0,1.459270337812103,0.0,74.0664778959329,-32.85741486945124,-35.5551187066288,0.0,79.24016288380342,0.0,0.0,0.0,0.0,0.0,18.442901769997913,6.4226133560740895,123.27347404008597,2.247409304923105,36.58969037499238,0.0,163.12365813378833,16.369484136632323,459.0449821813868,-4.255608037581927,42.43656738305959,990.5101588279339,930.357236
09/16/2017,1.5647058728157501,38.69000758700615,3.3190843897912844e-12,0.0,0.0,1.7631029085818903,0.0,70.71070992461077,-33.15861415660105,-35.61068654525641,0.0,0.0,0.0,0.0,0.0,0.0,0.0,0.834208384751873,24.89393889226895,125.24353332409541,2.2551205397904557,34.86236416802517,3.745256821747296,163.4708277343812,54.48948045168462,450.7073093024694,-4.255998423567421,42.43656738305959,942.641834169867,947.480163
09/23/2017,1.3988318328105518,38.691089407976435,1.217367630146413e-12,0.0,0.0,1.862100379942902,0.0,73.61823847981036,-33.30125056737393,-35.70906568828782,0.0,0.0,0.0,0.0,0.0,0.0,0.0,-8.420134245748732,12.732353482725152,126.28920088287403,2.337583621532015,31.354547077357825,2.0526901939495485,163.76594624500868,0.0,446.09124582583377,-4.253640643006074,42.43656738305959,860.9463036684656,888.769138
09/30/2017,1.274465450174796,38.69119058249416,4.4217456474922907e-13,0.0,0.0,1.8943567299093311,0.0,58.5582147120059,-33.27928861943368,-35.74149183397195,0.0,0.0,0.0,0.0,0.0,0.0,0.0,0.2979391122688706,25.184674328488622,124.19293699598411,2.2482702472653324,30.781153101493334,14.320595033693172,164.49526651783236,27.924784919081734,462.2468414393114,-4.2539219196856255,42.43656738305959,921.272554179972,898.900456
10/07/2017,1.4509882590624923,39.54245680331142,2.525390296580325e-13,0.0,0.0,2.207203356737439,0.0,70.33564506711835,-33.23876870963085,-35.829216993246625,0.0,0.0,0.0,0.0,0.0,0.0,0.0,38.47673336729529,15.402351722115638,123.9054523076792,1.995462946933385,69.81016000340796,4.353436590705763,164.90615033581074,0.0,493.1724322441899,-4.255249052115185,42.43656738305959,994.6718056324346,1094.103865
10/14/2017,1.5664371440193032,39.59761018426179,8.41796765526775e-14,0.0,0.0,2.3058453080229677,0.0,74.68741629345146,-33.10451882337416,-35.81459242236572,0.0,0.0,0.0,0.0,0.0,0.0,0.0,48.053795436529434,21.793368475346707,134.61339479891393,2.157920529428179,88.36674870940955,10.278480360556726,163.36228768211012,12.066510568846258,455.7357280530475,-4.252702354381006,42.43656738305959,1023.8502973268828,905.102992
10/21/2017,1.643976814691867,39.60118363505593,0.0,0.0,0.0,2.336947569531437,0.0,73.06786531557543,-32.8759634865368,-35.85763507052048,0.0,0.0,0.0,0.0,0.0,0.0,0.0,51.63694142944882,16.06170521264546,120.67909351329182,1.8618802673407695,94.8299869419904,0.8603899300272813,162.8823941181784,13.230047705663036,487.0791945872068,-4.252951031067693,42.43656738305959,1035.2216248355821,1009.503183
10/28/2017,1.6968322380420628,39.60141500956778,0.0,0.0,0.0,2.346754336227011,0.0,74.48338920090772,-32.57906125613772,-36.03916148504685,0.0,0.0,0.0,0.0,0.0,0.0,0.0,51.87714977641536,15.819365823406145,121.79279674125702,2.154854345126505,73.31340154436404,10.66135235422013,153.1878536802521,8.269228345839256,494.8572258631658,-4.253319698004065,42.43656738305959,1019.6266442026619,963.103446
11/04/2017,1.788339944483568,39.31051007492588,0.0,0.0,0.0,2.218254443697203,0.0,65.79887645534929,-32.33349511215344,-36.07104601934302,0.0,0.0,0.0,0.0,0.0,0.0,0.0,69.98636819251253,15.922963892062805,122.43758791851398,2.036150643642922,60.936222497800806,1.867118851261985,163.62171373182568,50.85810185445677,507.71470502419254,-4.2553631735093855,42.43656738305959,1074.27357660278,1000.842555
11/11/2017,1.8903083681326691,39.03859153369463,0.0,0.0,0.0,2.076717801225839,0.0,70.72845657836493,-32.220744305280284,-36.063568989110216,0.0,0.0,0.0,0.0,0.0,0.0,0.0,62.0816670849622,25.08737941845538,119.85072655378119,2.033946529220574,86.80934396961469,13.308099801244552,143.1532558723486,46.893742867571596,500.3768054762486,-4.254839688735686,42.43656738305959,1083.226456254799,984.913797
11/18/2017,1.9595528840782372,39.015882830260885,0.0,0.0,0.0,2.0309315242296204,0.0,61.108222476095584,-32.090770158001746,-36.03885430179161,0.0,0.0,0.0,0.0,0.0,0.0,0.0,65.31377997385542,11.329658259837252,118.3853403125009,1.982066051456391,65.94830774701077,12.519599142088644,164.4896285916233,54.417136935578434,558.7846889478975,-4.258951657349261,42.43656738305959,1127.33278694243,1165.037201
11/25/2017,2.0070678181293067,39.013986222703174,0.0,0.0,0.0,2.0161198774853695,0.0,60.51405262328079,-31.930601873099793,-35.90170470188256,0.0,0.0,0.0,0.0,0.0,85.25991756284654,0.0,35.0142139185497,33.250813848472355,120.86609693259297,1.8866693766362288,77.1599270471085,15.124913004859476,165.030773104473,84.25061754176433,618.7503181535732,-4.253380528476949,42.43656738305959,1310.496367312075,1332.71848
12/02/2017,1.9750881063455281,39.368254601619185,0.0,0.0,0.0,2.0419952278714044,0.0,60.282068473453116,-31.82771679946392,-35.619094791667024,0.0,0.0,0.0,0.0,0.0,0.0,0.0,24.643277525071777,31.595597210876548,123.76942232941104,1.986319858183818,87.85608391463059,1.4383048094301902,163.74922194857135,68.48712336482481,498.6157124876985,-4.251510933879684,42.43656738305959,1076.5467147160368,1065.380073
12/09/2017,1.7824908985989845,40.06314772694593,0.0,0.0,0.0,2.126493991261831,0.0,59.45282163693721,-31.668702725431743,-35.5505037609095,0.0,0.0,0.0,0.0,0.0,0.0,0.0,26.694503970719097,20.777446558530418,121.33114270370292,2.1201917395072756,93.6756279271573,28.9092893838038,164.25193315725477,84.71342834274805,509.31227448117204,-4.24966121628201,42.43656738305959,1126.178492198776,1048.590859
12/16/2017,1.6389870197630299,40.09674264262721,0.0,0.0,0.0,2.153513066402738,0.0,61.99102260900872,-31.610700565488152,-35.45554030355764,0.0,0.0,0.0,0.0,0.0,0.0,0.0,9.444332959174485,28.182742097483636,118.87077315697452,2.0438291885855975,92.5280987898903,0.059785435016508334,165.15808186628203,44.74547361043813,555.0588412293351,-4.256661689913672,42.43656738305959,1093.0858884950821,1160.316532
12/23/2017,1.533343857515264,40.09836682535646,0.0,0.0,0.0,2.162152677362546,0.0,54.044541060601816,-31.726619005061924,-35.36888857969063,209.86454352294942,0.0,0.0,0.0,0.0,0.0,0.0,16.78315987555688,22.235864576884012,121.48458071339365,2.025418847912349,85.48433835663161,15.008250023385928,165.40545086507763,8.744117776690473,690.024936378766,-4.263037194693984,42.43656738305959,1405.9770879616974,1429.820323
12/30/2017,1.4564141882445274,40.098445194142734,0.0,0.0,0.0,2.164915280129067,0.0,59.219851561900974,-31.74617433054546,-35.323590260666165,0.0,0.0,0.0,0.0,0.0,0.0,0.0,18.44480343408473,18.220231759978578,125.42377638363375,1.9567610694267235,113.23774050801242,0.3235270407535123,165.1075865248224,74.15424694109646,523.6247395594603,-4.255360260500825,42.43656738305959,1114.5444819770335,1077.681172
01/06/2018,2.239365030659376,39.69407386716944,0.0,0.0,0.0,1.842414300630141,0.0,59.949530757011736,-31.784273862540932,-35.28327196325216,0.0,0.0,0.0,0.0,0.0,0.0,0.0,7.098278148066975,13.617749734429477,122.42840096689683,1.8998160799938884,72.34131798092373,7.771985242902817,164.68414701858245,75.97502922324425,467.217776815767,-4.24444684528166,42.43656738305959,1007.8844598782629,984.037097
01/13/2018,2.7863593087698173,39.61294848993898,0.0,0.0,0.0,2.0264619519752065,0.0,69.82073819874219,-31.75805800695506,-35.190423676125405,0.0,0.0,0.0,0.0,0.0,0.0,0.0,5.2614115042061,21.465352818892807,119.6793604948468,2.056235671047454,69.95329233609723,6.76284981716642,164.4458781512711,67.96028603375068,470.9141450125277,-4.250321098397728,42.43656738305959,1013.9830843908138,1004.324954
01/20/2018,3.2161406875620004,39.55002125711015,0.0,0.0,0.0,2.3656992981200635,2.0487229942090583,59.93989300045241,-31.747816020570063,-35.12248323320459,0.0,0.0,0.0,0.0,0.0,0.0,0.0,37.99845311079308,11.599966793110674,124.18539171647024,1.9194210765020538,67.56526669127074,5.753714403207621,164.08022240230054,59.94554284425708,474.6105132092883,-4.245008327681732,42.43656738305959,1026.1002292862572,1150.578334
01/27/2018,3.5757988807300998,39.48622160139077,0.0,0.0,0.0,2.739658879672515,3.260788326764001,60.06852787793798,-31.713392998761048,-35.02789431152258,0.0,0.0,0.0,0.0,0.0,0.0,0.0,41.552311129042,13.757272215696233,130.68828624723454,1.8489444004437465,65.17724104644424,4.7445789774712255,164.11144541050723,51.930799654763504,478.30688140604894,-4.237696933224577,42.43656738305959,1032.7063391936986,1099.496648
02/03/2018,3.889742100890501,39.42024420564227,0.0,387.1402717563087,0.0,3.1092377689894235,4.543582314842696,63.312532448083275,-31.685702178875978,-35.06975848897538,0.0,0.0,0.0,0.0,0.0,0.0,0.0,22.845946712349217,34.319962438108604,122.28261093889465,2.097056065319961,62.78921538823894,3.735443563512426,163.79172247132058,43.9160564965536,482.00324960280955,-4.250512800064038,42.43656738305959,1410.6274681870086,1038.039137
02/10/2018,4.172218174981745,39.351918234203595,0.0,142.4209477609772,0.0,3.462956362518142,4.028660670786509,67.44749466930573,-31.478138453708706,-34.967721642133476,0.0,0.0,0.0,0.0,0.0,0.0,0.0,15.223220129672242,32.32998702137202,120.02817914476533,1.8906500526411256,60.40118974341244,2.7263081377760305,164.88829911898137,35.90131330706002,485.6996177995702,-4.24970850983276,42.43656738305959,1151.7139591054083,1074.963891
02/17/2018,4.432115424556111,39.28114375650598,0.0,52.393736568856426,0.0,3.7983201619850675,3.4667794749583933,71.76944503453596,-31.370673704235983,-34.72106141080633,0.0,0.0,0.0,0.0,0.0,0.0,0.0,13.392786275438386,27.372076884558073,124.32797641959063,1.865913577123468,58.013164098585946,1.7171727238172312,164.77096144187993,27.886570117566436,489.3959908345914,-4.246684335724795,42.43656738305959,1055.982300726842,992.957479
02/24/2018,4.67522247017212,39.20782125663039,0.0,19.27457723473263,0.0,4.115588372616336,2.95529812601335,76.0614691932301,-31.243031063719968,-34.68130463718601,0.0,0.0,0.0,0.0,0.0,0.0,0.0,8.393158788517187,31.370093181208322,118.24808725867095,2.039739399575683,55.62513845375944,0.7080372980808353,164.6863476713834,19.871826928072853,493.092359031352,-4.242878961262233,42.43656738305959,1012.5941173849069,973.493196
03/03/2018,4.682351298433646,39.80587709970328,0.0,7.090718675695527,0.0,3.4817749322931046,2.3811881582001417,80.26006545846171,-31.153562008529413,-34.81972187263684,0.0,0.0,0.0,0.0,0.0,0.0,0.0,22.85534938477849,77.59114638785995,119.74275581386608,1.9324249806024827,46.309260374884644,7.310688590107007,164.6829935041989,77.2120079334279,476.77755077649334,-4.245917828928084,42.43656738305959,1104.3335190419716,1013.277466
03/10/2018,4.4709229638818915,40.39058661407914,0.0,2.6085334050369173,0.0,2.197279097190557,1.7759195995736712,84.34917810573852,-31.067382561561107,-34.69685855446428,0.0,0.0,0.0,0.0,0.0,0.0,0.0,9.723501942586417,47.553551714271904,123.58354043630264,1.9836569731394214,44.99540465409271,0.0,164.7535523501601,7.206352714654848,463.1052117661519,-4.246235646729727,42.43656738305959,971.1232829571652,996.838952
03/17/2018,4.318871963742358,40.412583778691484,0.0,0.9596229109847444,0.0,1.7681126325352718,1.8343398131202828,71.78886641056219,-31.219250448970445,-34.83958869805526,0.0,0.0,0.0,0.0,0.0,0.0,0.0,4.258342391745007,23.64628161802852,126.40588491218145,2.030432532457911,39.830703415931254,8.542154073209744,164.26512543918912,12.798799012095332,478.08063466413194,-4.246617208012816,42.43656738305959,953.0718665966276,1011.539134
03/24/2018,4.210279321920234,40.413411004768804,0.0,0.3530266520305534,0.0,1.6247225769454292,0.8670683456520795,78.21225828280001,-31.337321399526598,-35.09742169405432,0.0,0.0,0.0,0.0,0.0,0.0,0.0,17.39919339168146,17.034295158640372,123.81508111863249,2.034508998650959,46.57884453932072,8.18851171837538,164.01281328221376,68.73436143710103,469.9597497276694,-4.23802661725227,42.43656738305959,1015.2019232286291,978.772815
03/31/2018,4.133140735100559,40.41344251814318,0.0,0.12987013636240585,0.0,1.5768142190930812,0.31897653878246485,83.91475784952557,-31.546067994222486,-35.14908102630029,0.0,0.0,0.0,0.0,0.0,0.0,0.0,4.881642142867993,7.744965753659528,125.48819522755635,2.1476409063532054,43.310742103483044,2.3207011783937515,164.91136442027945,0.0,467.0424237370429,-4.25086707331105,42.43656738305959,919.8252287558693,1018.008107
04/07/2018,3.457424303418192,36.221088125182305,0.0,0.04778047050802186,0.0,2.6531770442260685,0.11734474957876821,62.954085157393834,-31.70516225912948,-35.1323644533363,0.0,0.0,0.0,0.0,0.0,0.0,0.0,1.0381442500624238,19.302588250376996,133.9619179380826,2.0981788413857845,17.186109888592622,8.041719289705263,164.0783840926345,41.946782179157566,447.0657537599831,-4.244583328300401,42.43656738305959,911.5249356825814,986.020103
04/14/2018,2.9265804039149073,35.434554107176105,0.0,0.01757282353604305,0.0,2.9723213104140838,0.04316893741345855,87.59385796712256,-31.730923568850663,-35.18906254652172,0.0,0.0,0.0,0.0,0.0,0.0,0.0,5.932487630843616,15.255592280947923,126.23392086733708,2.1544030462400627,16.631456936223902,17.85621534996002,164.32714595173766,23.20410536394304,440.5232449007219,-4.247216131140565,42.43656738305959,912.375993014079,963.550268
04/21/2018,2.513162043354815,35.28699148772109,0.0,0.0064641576347615574,0.0,3.0669482279447458,0.015881012146849303,74.7666306569209,-31.842371846728216,-35.11459148466188,0.0,0.0,0.0,0.0,0.0,0.0,0.0,-13.36902721302035,14.163799010331257,120.0607952061117,1.9812411311849183,29.836454604439016,4.349229633259662,164.49670425550065,30.836595018422134,445.89148856067135,-4.24659497490336,42.43656738305959,885.1363668693897,980.560491
04/28/2018,2.1945100466392136,35.25930698833357,0.0,0.0023772838520575985,0.0,3.095005363128611,0.00584221195272827,77.1475806099739,-31.978081517056342,-35.07028499596446,0.0,0.0,0.0,0.0,0.0,0.0,0.0,0.7207659049060685,5.388491293204147,119.95275319718937,2.0054543819074153,32.705768449578464,17.447732972851643,164.29530795747633,28.91867690167555,425.2174607310933,-4.245611277615433,42.43656738305959,885.4996238861856,994.122584
05/05/2018,2.1471805801168196,36.805261497544144,0.0,0.0008731382049223897,0.0,2.627425044436565,0.0021491838046119004,78.3098081539838,-31.893317451363917,-35.055853264461014,0.0,0.0,0.0,0.0,0.0,0.0,0.0,43.25195275330462,12.780453227377063,124.66397630615452,1.8996524515794657,52.49055243152878,0.0,163.89414590553469,70.50534322485339,442.29237907838007,-4.24334966917495,42.43656738305959,1002.9151999748631,1006.256418
05/12/2018,2.189304683729148,37.50518266468219,0.0,0.00032284101694609365,0.0,2.2792981193193853,0.0007906007823279676,75.34930975401724,-31.798872851212888,-35.024197407840724,0.0,0.0,0.0,0.0,0.0,0.0,0.0,58.43780870527103,14.007261592324651,126.09845969618695,1.9526230601825598,38.71668148407912,22.77898919658606,164.59052287132317,67.9198407056631,474.4275737379521,-4.248698552629426,42.43656738305959,1057.6187682844925,1058.24708
05/19/2018,2.2184726880377132,37.59300380466779,0.0,0.00011739673343494315,0.0,2.1675543070011636,0.000290852650393558,67.10640236345196,-31.67145426380976,-34.896854327562835,0.0,0.0,0.0,43.18996480638101,0.0,0.0,0.0,14.614229813869212,15.845548174611103,123.07418625970398,2.0576829110529156,60.80792916784082,5.865399665991661,164.51799606998708,30.393533606289367,432.928690143025,-4.243009446910406,42.43656738305959,974.0062513760712,947.443522
05/26/2018,2.238739027262059,37.604023119457096,0.0,4.402377503810368e-05,0.0,2.131686093859764,0.00010711611370981626,77.48916722901443,-31.56331871442175,-34.782056219127696,0.0,0.0,0.0,0.0,0.0,0.0,0.0,47.824104935376404,21.838397450412845,121.19142112151073,2.1525012674813304,52.74114271314295,8.34578620787145,163.92133327552335,66.38856387940713,431.2682087835361,-4.24689749941006,42.43656738305959,1006.9795211938446,935.989139
06/02/2018,2.256972133379251,38.02267622476673,0.0,1.4674591679367894e-05,0.0,2.386764087890313,3.926320182245934e-05,63.868683404156876,-31.559001326739114,-34.62513445710489,0.0,0.0,0.0,0.0,0.0,0.0,0.0,37.98335718477055,41.48985026653658,124.91256717622339,2.0729808874268065,83.93501173647321,0.6615723246307883,163.98988593724687,54.61172769833894,412.02544971778553,-4.243065051103227,42.43656738305959,1000.2269192655317,916.724267
06/09/2018,2.2799132464366605,38.91420409854401,0.0,7.337295839683947e-06,0.0,3.0935550079410823,1.4485453099548105e-05,61.856088614848154,-31.463505670778467,-34.360289557657254,0.0,0.0,0.0,0.0,0.0,0.0,0.0,16.901638243632593,47.85591477216868,116.59052114205785,1.9033675450161933,96.2485076934877,0.13752228251719026,163.5493697641815,46.148775147748324,460.9325037575302,-4.243239017688005,42.43656738305959,1028.781436275795,976.691934
06/16/2018,2.295880854572954,38.98915326904684,0.0,0.0,0.0,3.2981079217386147,5.336745878780881e-06,65.64388901256302,-31.371404545350618,-34.150009407508826,0.0,0.0,0.0,0.0,0.0,0.0,0.0,26.18565622482134,56.1764882037076,114.30398372330733,2.0349374468878665,98.45967286270151,1.1910624385370907,164.0162605283687,47.22526543761788,479.76859734379724,-4.246214356064217,42.43656738305959,1072.2578996785496,924.402576
06/23/2018,2.3070142610803357,38.99545428532298,0.0,0.0,0.0,3.3573077594027794,1.9059806709931716e-06,69.57922704011834,-31.29575375694908,-33.90374474814145,0.0,0.0,0.0,0.0,0.0,0.0,0.0,5.727530501486441,39.61735423360167,113.22888625306344,1.9070545639326606,94.43787169689448,9.068221617592426,164.0908766201661,23.851683851338137,476.024064262819,-4.243046801961361,42.43656738305959,1015.1865709288072,984.48996
06/30/2018,2.3147863776266218,38.99598379294239,0.0,0.0,0.0,3.37444087563865,7.623922683972687e-07,65.90715805489916,-31.23351945020378,-33.54549078870945,0.0,0.0,0.0,0.0,0.0,0.0,0.0,31.298960964932398,57.88177095595323,114.28251490835488,1.8937745588713089,87.88022863557775,30.21040403893623,164.76620610376554,78.13184518247509,497.03314163856174,-4.246561775173441,42.43656738305959,1147.3822122199,1029.535339
07/07/2018,2.2106551567290254,38.00943646103304,0.0,0.0,0.0,1.8239391974933747,3.8119613419863437e-07,69.93391971152037,-31.22751057228666,-33.05047283756557,0.0,0.0,0.0,0.0,0.0,0.0,0.0,4.478231105783875,48.18365208401101,110.31477099241276,1.8753995164534398,88.00425412823395,0.0,164.31003105604935,23.44829953389834,481.2683903924238,-4.243353695980901,42.43656738305959,1007.7762099944649,987.013602
07/14/2018,2.135776043980375,37.89335694652659,0.0,0.0,0.0,1.286692264263436,0.0,62.68401188053613,-31.345203029163976,-32.66891458988927,0.0,0.0,0.0,0.0,0.0,0.0,0.0,13.268708563107037,41.67305489410379,119.46309243798414,1.8649830230631141,110.74310799326493,0.19276038755066524,164.67815505986087,47.49875990473428,468.57262525350546,-4.244292412989583,42.43656738305959,1046.1332420034976,1018.004862
07/21/2018,2.0823029547952707,37.87969880128312,0.0,0.0,0.0,1.1005368384784593,0.0,70.55150326216486,-31.581596806254385,-32.62030630589772,0.0,0.0,0.0,0.0,0.0,0.0,0.0,21.41602444440044,21.935162607798254,116.61420850587118,2.0301560652637107,86.3048213820651,7.507807866097767,164.66983114050504,48.58626830762982,482.79537930385163,-4.2440778784767605,42.43656738305959,1037.4642878726354,988.975567
07/28/2018,2.044320883626075,37.878092033839714,0.0,0.0,0.0,1.036034164301849,0.0,63.15979507570451,-31.86057572914892,-32.92123870872359,0.0,0.0,0.0,0.0,0.0,0.0,0.0,8.250451811335333,19.078134747146006,117.23620927896636,2.0613056271919166,80.9370607262054,10.65943849479966,164.16039497620787,0.0,476.012050861763,-4.237877197048451,42.43656738305959,955.9301644292264,924.746815
08/04/2018,2.1787343939406454,38.08610767158554,0.0,0.0,0.0,1.0089714940186059,0.0,63.275988387407494,-32.105839179895135,-33.36681929204487,0.0,0.0,0.0,0.0,0.0,0.0,0.0,3.0744978043640687,23.667974540014523,117.32263422212931,2.032455763687759,34.33141844983299,0.0,164.327657886075,37.44333338790631,453.2643009970647,-4.242249108837706,42.43656738305959,912.7357348003089,938.258049
08/11/2018,2.382536800331949,38.25633587090935,0.0,0.0,0.0,0.9960511104388919,0.0,69.39225510310028,-32.391435760706464,-34.005781151477485,0.0,0.0,0.0,0.0,0.0,0.0,0.0,20.24414155889894,15.068625511695227,114.9499721917063,2.2061289043517043,36.25016585609541,0.05292616285354894,164.41607625948797,39.43820310721202,451.7590842583118,-4.24332979217536,42.43656738305959,927.2085233740937,909.401624
08/18/2018,2.518519936061824,38.27437520449013,0.0,0.0,0.0,0.9915706112366569,0.0,63.72954909849134,-32.70152431734839,-34.67820240936183,0.0,0.0,0.0,0.0,0.0,0.0,0.0,3.894396753795988,12.903391757108988,115.94883896636591,2.349197014296548,35.40588997216329,9.6942668225811,164.15609506019877,24.638183788234954,466.90286411019645,-4.2442172316657,42.43656738305959,912.2197625199057,891.025492
08/25/2018,2.610860488240143,38.27628673943571,0.0,0.0,0.0,0.9900169569650921,0.0,60.32734269926336,-32.9301048035183,-34.856555206738,0.0,0.0,0.0,0.0,0.0,0.0,0.0,0.056228215900393605,9.979552210820218,114.12749482661309,2.2761941490437376,19.477304365592662,10.505833904352318,164.1476149011426,0.0,462.72766777718635,-4.243831343708131,42.43656738305959,855.9084732636508,885.841406
09/01/2018,2.6323742374688925,38.28616784090059,0.0,0.0,0.0,1.5406275473796323,0.0,52.72924119975873,-33.042637921393954,-34.905078186406776,0.0,0.0,0.0,0.0,0.0,0.0,0.0,9.816378277493289,8.82365886981528,112.79853687076297,2.1807481538476305,19.760719533805094,18.843341639690554,164.1346885591238,65.49560869885292,485.4448446731884,-4.246960214770836,42.43656738305959,952.7288271625757,976.785128
09/08/2018,2.3872876257358238,38.34465085864336,0.0,0.0,0.0,4.409136319859055,0.0,64.93828259953095,-33.061205142440244,-34.92286250983951,0.0,79.24016288380342,0.0,0.0,0.0,0.0,0.0,0.9866819330462806,6.692068897795907,116.7464844621937,2.0373802963837893,22.460820988189433,0.0,164.22289750485328,23.12621837927296,459.0449821813868,-4.238217333636272,42.43656738305959,954.8513373278383,956.608356
09/15/2018,2.205253785048954,38.35071801250968,0.0,0.0,0.0,5.085389462272788,0.0,53.223986572911,-32.99519790211153,-34.88861172051609,0.0,0.0,0.0,0.0,0.0,0.0,0.0,3.4290525085510186,6.481739138887757,117.64966446094158,2.2857770709828076,19.084922882370254,3.745256821747296,163.9123760867437,21.00077369699402,450.7073093024694,-4.243523121699394,42.43656738305959,857.4714544411629,886.750344
09/22/2018,2.0716381963368895,38.35134745069783,0.0,0.0,0.0,5.244816785145935,0.0,51.96863366591356,-32.88171578587791,-34.907396139612594,0.0,0.0,0.0,0.0,0.0,0.0,0.0,17.90863980960655,8.365440787153181,114.30088354711003,2.177693589522269,43.137338134586,2.0526901939495485,163.81336998044404,41.96103815333684,446.09124582583377,-4.242523360026023,42.43656738305959,907.8497082171796,906.002667
09/29/2018,1.9745870037275592,38.351412550694896,0.0,0.0,0.0,5.282401880882529,0.0,59.872498934825906,-32.71466081820684,-34.954279150479586,0.0,0.0,0.0,0.0,0.0,0.0,0.0,34.7955342872327,8.150630577884511,114.41450569898576,1.9352549776030281,46.85342836143838,14.320595033693172,164.31246606840088,23.597532085198363,462.2468414393114,-4.243160923355562,42.43656738305959,946.6321553908965,984.757317
10/06/2018,2.265569813098789,39.72902758979577,0.0,0.0,0.0,4.072014858878264,0.0,63.24535447565318,-32.52938337422415,-34.944588733630184,0.0,0.0,0.0,0.0,0.0,0.0,0.0,41.96348142514703,12.71045404699508,115.6166992495304,2.006232373854153,77.45465532887606,4.353436590705763,163.39048728590222,14.56446570216708,493.1724322441899,-4.240741198523939,42.43656738305959,1005.266165061475,1020.491524
10/13/2018,2.5086996492940092,39.96161370796137,0.0,0.0,0.0,3.4914758089788704,0.0,64.84222377140232,-32.410387764023454,-34.917197553886375,0.0,0.0,0.0,0.0,0.0,0.0,0.0,36.58355633686361,11.204358290336154,112.4227993122252,2.2515894699244896,77.58853965949201,10.278480360556726,163.46813675486104,43.031040207426756,455.7357280530475,-4.242344081484457,42.43656738305959,994.2348793660354,886.604533
10/20/2018,2.669902629420201,39.974470335406615,0.0,0.0,0.0,3.321497673117828,0.0,62.12021122531006,-32.240005970138895,-35.001921246847296,0.0,0.0,0.0,0.0,0.0,0.0,0.0,32.97888162829468,9.756149234026466,118.69460130745271,2.0639661028827434,82.66063284180132,0.8603899300272813,163.47647397121264,0.0,487.0791945872068,-4.242193076261274,42.43656738305959,976.6088185559714,949.798611
10/27/2018,2.7789793489165544,39.974499360883016,0.0,0.0,0.0,3.271729143210205,0.0,56.41038339806166,-32.025941537744856,-34.93335856014693,0.0,0.0,0.0,0.0,0.0,0.0,0.0,75.90836145487704,12.936954729949914,113.2031455502482,1.9261172713291492,82.01716606135271,10.66135235422013,163.1947621565764,40.93883443795336,494.8572258631658,-4.241500508475971,42.43656738305959,1069.3152779074358,1058.808068
11/03/2018,2.7489724773650965,39.859367735505764,0.0,0.0,0.0,3.081444119691666,0.0,64.44208670079787,-31.85599009702369,-34.944476062979106,0.0,0.0,0.0,0.0,0.0,0.0,0.0,51.764505525939335,49.00232643866319,117.06077591674574,1.966599248750891,93.63640663612347,1.867118851261985,162.9246436601324,65.17788848958763,507.71470502419254,-4.242419991060479,42.43656738305959,1132.640522056754,1063.896545
11/10/2018,2.583183502584672,39.6859172936522,0.0,0.0,0.0,2.7705129755516156,0.0,58.501455132807116,-31.69522052909026,-34.85663072369255,0.0,0.0,0.0,0.0,0.0,0.0,0.0,31.91763568117756,38.9682186839742,118.82102598093233,2.091644381806603,97.30681361138485,13.308099801244552,163.4099108724821,8.005569468545032,500.3768054762486,-4.240283941856634,42.43656738305959,1049.3912250508115,1013.91056
11/17/2018,2.462785447098939,39.67388125788967,0.0,0.0,0.0,2.674609069562248,0.0,56.40950281828634,-31.54116386430366,-34.915573808327835,0.0,0.0,0.0,0.0,0.0,0.0,0.0,34.50812475944455,22.87829291925837,118.35189274524613,2.167855146337118,89.6216226510871,12.519599142088644,163.69474581900127,62.03473868548891,558.7846889478975,-4.248726568917642,42.43656738305959,1137.5134425501974,1128.067496
11/24/2018,2.3761201701422285,39.673129912700645,0.0,0.0,0.0,2.6450283573755615,0.0,66.54997588855296,-31.349654677527703,-34.83139327902542,0.0,0.0,0.0,0.0,0.0,85.25991756284654,0.0,24.519598927425314,28.365354120393942,118.81644962428769,2.0482953241021744,80.54567997724733,15.124913004859476,164.10257963857353,53.99862695758195,618.7503181535732,-4.241708660072977,42.43656738305959,1274.789798386096,1187.555924
12/01/2018,2.4090196804007222,39.82873963816192,0.0,0.0,0.0,2.726866239998251,0.0,54.07939419201579,-31.135669247771737,-34.69334942008137,0.0,0.0,0.0,0.0,0.0,0.0,0.0,12.200548541007597,18.559291412311108,113.54748612660848,2.139573772042611,75.39083356340554,1.4383048094301902,163.53391200659183,7.724751491322488,498.6157124876985,-4.240423894782631,42.43656738305959,964.5615587814189,969.304154
12/08/2018,2.953430676648699,40.52159351644694,0.0,0.0,0.0,3.2762925520371406,0.0,52.869874651974285,-31.061941464441457,-34.60668285388714,0.0,0.0,0.0,0.0,0.0,0.0,0.0,6.736351560876801,15.838149595258262,115.64523825997824,2.4477474824741874,78.91150634330552,28.9092893838038,163.5948720837272,6.155421193502587,509.31227448117204,-4.24319622216518,42.43656738305959,999.6967886237717,921.021327
12/15/2018,3.297403742295898,40.54491755998029,0.0,0.0,0.0,3.4336418397922817,0.0,52.62385254787563,-31.1623207985514,-34.76599806591094,0.0,0.0,0.0,0.0,0.0,0.0,0.0,22.709026898098237,26.12565869278208,117.00291827900494,2.1554590178955992,51.977783151458645,0.059785435016508334,164.4675040527764,114.23967815845799,555.0588412293351,-4.24664081194983,42.43656738305959,1125.958078311417,1101.506225
12/22/2018,3.5245357463071536,40.54527001219368,0.0,0.0,0.0,3.4787047979023535,0.0,67.56834749055604,-31.245803955114887,-34.58935050829747,209.86454352294942,0.0,0.0,0.0,0.0,0.0,0.0,28.312714460597377,7.672093338577413,114.4267071989581,1.9525147849001179,70.42505635576175,15.008250023385928,165.00073186676593,50.3478681189583,690.024936378766,-4.255735867251709,42.43656738305959,1440.497951148975,1368.056358
12/29/2018,3.677874699455841,40.545281622384245,0.0,0.0,0.0,3.4916104244700623,0.0,58.75565366322446,-31.364938201325998,-34.322163655928485,0.0,0.0,0.0,0.0,0.0,0.0,0.0,15.386058921106535,7.617582689000835,110.68610207943226,2.053370543047672,52.69737262999849,0.3235270407535123,164.73049868373337,109.1321664823646,523.6247395594603,-4.24564147866007,42.43656738305959,1065.2256630855773,1070.848959
01/05/2019,3.7347918863963696,40.573913181601625,0.0,0.0,0.0,2.4937401461924598,0.0,61.54741028845403,-31.469528147964297,-34.191509320484606,0.0,0.0,0.0,0.0,0.0,0.0,0.0,1.6082208840888779,30.043772128193325,123.10421099326818,2.146539954330249,94.93529281723136,7.771985242902817,164.40439817294765,108.91645923382177,467.217776815767,-4.237236806387073,42.43656738305959,1081.0368048534194,900.95264
01/12/2019,3.8533220626170572,40.35646426402676,0.0,0.0,0.0,2.2337992097859543,2.7822732007005895,60.30017168098133,-31.60120377975662,-34.06107141086687,0.0,0.0,0.0,0.0,0.0,0.0,0.0,3.225468803256545,56.144694065978946,119.08179950900558,2.022593666735217,94.45934926034519,6.76284981716642,163.25956506549105,93.92419677348057,470.9141450125277,-4.239352378854271,42.43656738305959,1091.8556322056809,980.667143
01/19/2019,4.011766061172449,40.073727098442994,0.0,0.0,0.0,2.2131579800549366,4.480137173855078,71.23190240383715,-31.640262812914408,-33.747731397022875,0.0,0.0,0.0,0.0,0.0,0.0,0.0,0.8989353957069399,43.59249239895212,113.90243849675487,2.1442840928760263,93.98340570345901,5.753714403207621,163.48511203209367,78.9319343131394,474.6105132092883,-4.241022303850046,42.43656738305959,1072.1210716321127,980.561615
01/26/2019,4.1948471196894275,39.714941111450614,0.0,0.0,0.0,2.2690086518876122,20.89171411051968,72.75697743624815,-31.608897396105426,-33.797641753779274,0.0,0.0,0.0,0.0,0.0,0.0,0.0,-2.008051627676207,59.905991738772016,113.51640990619941,1.9060723378173237,93.50746214657285,4.7445789774712255,163.37963693734895,63.93967185279821,478.30688140604894,-4.235566881391299,42.43656738305959,1089.8206034569318,1041.736771
02/02/2019,4.392218998952082,39.25798930468473,0.0,0.0,392.0379237830937,2.3485750811509747,10.460473258633419,71.499206986616,-31.453182904435195,-33.95688838870748,0.0,0.0,0.0,0.0,0.0,0.0,0.0,32.83964929660479,42.4149600091118,113.54464134809909,1.8244589634191795,93.03151857630786,3.735443563512426,162.78306555973117,48.94740936117335,482.00324960280955,-4.2381955289104285,42.43656738305959,1473.9090842549062,1098.678519
02/09/2019,4.597060587287337,38.67274157504653,0.0,0.0,144.2226932634375,2.43487881861284,7.009726893079419,69.39165544448028,-31.32361125221053,-33.85845777883546,0.0,0.0,0.0,0.0,0.0,0.0,0.0,27.380417772700685,35.86395795623397,112.9019201742902,1.9332647563915069,92.5555750194217,2.7263081377760305,162.89384449366608,33.95514690083217,485.6996177995702,-4.238461041073062,42.43656738305959,1195.2548469037667,1063.456862
02/16/2019,4.804966976853855,37.9178411798165,0.0,0.0,53.05656167081022,2.522506068548358,6.613034373633341,67.00286671072797,-31.16823884181212,-33.918484696067225,0.0,0.0,0.0,0.0,0.0,0.0,0.0,19.417528091827137,27.709987243010552,114.21627540003799,2.0620151854228412,92.07963146253553,1.7171727238172312,163.96898305988688,18.96288444049099,489.3959908345914,-4.239803552474288,42.43656738305959,1074.5582857147167,1025.737252
02/23/2019,5.013148757577056,36.93535824390206,0.0,0.0,19.51841694644966,2.6097526776933004,5.3340268067556424,64.50104772943494,-31.04621583601987,-34.13404791337317,0.0,0.0,0.0,0.0,0.0,0.0,0.0,62.72109576482155,14.547770912570238,118.54705405779399,1.9282238927227922,91.60368790564935,0.7080372980808353,163.3045770583175,3.970621980149807,493.092359031352,-4.236533743203279,42.43656738305959,1057.354948953734,1039.257591
03/02/2019,5.1476662676748255,38.09032797585367,0.0,0.0,7.180422266943823,3.3050709784261123,4.647815442189568,61.93594855674184,-30.88277275557562,-34.20101607550423,0.0,0.0,0.0,0.0,0.0,0.0,0.0,29.539064761918887,16.57563711191482,115.91830758752624,2.131466399652981,92.7075419492542,7.310688590107007,163.05233637269444,15.136541021509306,476.77755077649334,-4.238461597971758,42.43656738305959,1012.570703012909,983.24007
03/09/2019,5.221048082390534,40.125972126658375,0.0,0.0,2.641533559890756,4.919819504990261,4.70984100877343,59.32195019486892,-30.85313996918056,-34.25078518067994,0.0,0.0,0.0,0.0,0.0,0.0,0.0,27.89945468173029,6.121668957810504,119.94980758661221,2.080621665644138,83.7460535743179,0.0,163.2666756339823,18.473765407604954,463.1052117661519,-4.231890450395907,42.43656738305959,974.6841755342297,906.243695
03/16/2019,5.272008696494983,40.1232209261456,0.0,0.0,0.9717629528192248,5.294898929720905,4.622783435645146,67.16057152545892,-31.130953317432834,-34.78334277926666,0.0,0.0,0.0,0.0,0.0,0.0,0.0,26.281936773216966,13.766215158700396,113.62161605164273,2.2373078182910517,74.10827353233469,8.542154073209744,163.18974087854644,0.0,478.08063466413194,-4.237546227869924,42.43656738305959,975.5578504748489,954.361867
03/23/2019,5.30748653980331,40.12308989685215,0.0,0.0,0.35749273790165825,5.38202365270562,2.8147934241052095,57.95537141852069,-31.672477622626708,-35.863235546767505,0.0,0.0,0.0,0.0,0.0,0.0,0.0,12.185945639007578,18.219755880481365,119.72681597010497,2.0557322473609534,68.16963679083173,8.18851171837538,157.43118598593753,41.99036660581232,469.9597497276694,-4.23597598774063,42.43656738305959,980.5328364613946,951.554342
03/30/2019,5.332227230832674,40.12308367710721,0.0,0.0,0.13151310348047035,5.402261261260956,1.0355048130974907,66.42070083497306,-32.171279077462806,-37.21428807208764,0.0,0.0,0.0,0.0,0.0,0.0,0.0,5.015462948977489,21.413616636573543,114.63820226895862,2.1522627371523435,42.543798361191584,2.3207011783937515,162.61967872413274,12.987242531216978,467.0424237370429,-4.237976839076571,42.43656738305959,917.9917034388244,959.721442
04/06/2019,4.589189730060334,36.04760036485909,0.0,0.0,0.04838493389066797,2.786657709929981,0.38094073278872126,64.47969231930095,-32.6972594789318,-38.506408580259965,0.0,0.0,0.0,0.0,0.0,0.0,0.0,1.0100066647778219,24.677808790809905,112.35696919081352,2.408178618334356,19.116361725254823,8.041719289705263,163.08733572770151,18.994835810770095,447.0657537599831,-4.234874699151247,42.43656738305959,872.0894599936968,851.860198
04/13/2019,3.8695715926199883,34.29976578896337,0.0,0.0,0.017795134623487373,1.3126041129081707,0.14014027840384652,68.15219889324284,-33.26780167815073,-39.68310248681666,0.0,0.0,0.0,0.0,0.0,0.0,0.0,0.16774555432497384,36.34218991435417,112.57680402836591,2.836693192488487,9.276914998687246,17.85621534996002,162.7125931442425,12.806297710824262,440.5232449007219,-4.236330989239783,42.43656738305959,868.1401068235836,798.150282
04/20/2019,3.307549598102279,33.91417104267134,0.0,0.0,0.0065459346986607,0.7855528105374837,0.0515548711696943,67.98671742460652,-33.93839905949173,-40.5925977981784,0.0,0.0,0.0,0.0,0.0,0.0,0.0,2.101937487962501,29.081516848260453,111.4605825733059,2.711054161708101,11.989909602945133,4.349229633259662,163.15261732846415,7.282825676869577,445.89148856067135,-4.238068341816065,42.43656738305959,847.7407557388061,871.990793
04/27/2019,2.872921262210945,33.82465688811247,0.0,0.0,0.002407358504388271,0.5971044154443791,0.018966032460918852,72.70476391766857,-34.556987847671046,-40.802955919683214,0.0,0.0,0.0,0.0,0.0,0.0,0.0,7.801072153485882,22.766793455176344,123.42518027950722,2.783560010914904,33.347853199953455,17.447732972851643,162.59554800104812,22.663448247076673,425.2174607310933,-4.2324217317513435,42.43656738305959,890.9136708094632,775.046438
05/04/2019,2.5065186523138174,36.60332586780418,0.0,0.0,0.0008841841420438403,1.8436052252936401,0.006977032844237604,74.99244534599141,-34.857957457723096,-40.615684980218234,0.0,0.0,0.0,0.0,0.0,0.0,0.0,60.375616148406955,30.75969242688201,111.15802267109737,2.5870815485729883,32.00949822000572,0.0,161.6469768891218,21.652697487907886,442.29237907838007,-4.233752291249798,42.43656738305959,941.1648934326325,807.680505
05/11/2019,2.199328784054959,37.47984549703587,0.0,0.0,0.00032692522899099976,2.0277030054199447,0.0025665935715594047,67.24312452881271,-34.88880154573505,-40.36889853619136,0.0,0.0,0.0,0.0,0.0,0.0,0.0,26.836717923878446,22.233844333735483,114.13126448828876,2.8203349260784845,43.091725790636744,22.77898919658606,162.57135577935804,25.99608331692896,474.4275737379521,-4.239130561820047,42.43656738305959,966.7805215668802,808.570245
05/18/2019,1.9660869458557835,37.58982468570298,0.0,0.0,0.00011888190145127264,2.086795713935889,0.0009442228244100172,56.296815618694914,-34.944135761768784,-40.22326433630381,0.0,0.0,0.0,0.0,0.0,0.0,0.0,8.506296063015725,23.655170687882055,113.01850618949923,2.7856688902664706,36.19930367089848,5.865399665991661,162.7252269523542,0.0,432.928690143025,-4.233090138700937,42.43656738305959,846.6609254781343,761.083894
05/25/2019,1.7912051973569196,37.60362422648147,0.0,0.0,4.4580713044227236e-05,2.1057637688629955,0.0003472696782549559,56.73516606991733,-35.02487400084961,-40.22417411804436,0.0,0.0,0.0,0.0,0.0,0.0,0.0,33.00511754949246,17.37434248540108,112.68880283774823,2.757965545991052,37.37249736082963,8.34578620787145,161.80510143864186,29.639174524937413,431.2682087835361,-4.236447852289101,42.43656738305959,895.4442192593358,777.512641
06/01/2019,1.6360992069412275,38.02263144260314,0.0,0.0,1.486023768140908e-05,2.3786859192803806,0.0001277007049565425,60.395379642149145,-35.08404702208194,-40.08974502851841,0.0,0.0,0.0,0.0,0.0,0.0,0.0,34.97905661027795,12.699203537372373,112.29728935160423,2.662337766437884,40.363886069537834,0.6615723246307883,162.51776888638048,0.0,412.02544971778553,-4.233297904752692,42.43656738305959,843.6689804636502,755.873582
