Period,TAS_SPD__APL_0.70|0.6|0,DEP_ALL__PVAL_5|4,LTV_30B_17__PVAL_3|5,LTV_30B_18__PVAL_3|5,LTV_30B_19__PVAL_5|5,MAS_SPD__PVAL_3|3,SUP_VID__PVAL_3|5,IRI_pctTD__PVAL_3|5#LAG_2,IRI_BAS_PRC_1500ML__RA_7,IRI_BAS_PRC_750ML__RA_5,HOL_CHR_NEW,HOL_LAB,HOL_MEM,HOL_MOT,HOL_NWY,HOL_THK,HOL_VAT,IRI_BAV_1500ML,IRI_BAV_750ML,IRI_TRD_DESEA,IRI_WBR,IRI_pctAT,IRI_pctFD,IRI_pctTA,IRI_pctTF,SEA_IRI_CORE_1,WBR_TRD,Intercept,Predicted,IRI_EVO
06/11/2016,1.198922174307757,30.608712619240883,0.0,0.0,0.0,2.4630597237271155,0.0,0.0,-18.092094762234126,-23.299344981573714,0.0,0.0,0.0,0.0,0.0,0.0,0.0,70.65254020227853,24.64209995741721,110.46327131997636,1.6263123854439103,75.4751117442425,0.0,139.52285960503247,1.5514137059083386,380.945237964845,-3.585672991497231,16.16981591958104,810.3422445866962,838.154592
06/18/2016,1.6483914205571728,32.99655898120087,0.0,0.0,0.0,3.4238775166877016,0.0,0.0,-18.116785964947407,-23.38653107164433,0.0,0.0,0.0,0.0,0.0,0.0,0.0,59.805291216522654,25.371332647190442,109.78400898461722,1.579161492531474,62.978930051003694,0.0,139.48051285020284,0.0,396.73314866982685,-3.5949337912044577,16.16981591958104,804.8727789221259,935.079763
06/25/2016,1.918922616663594,33.18283979290626,0.0,0.0,0.0,3.7986840000997955,0.0,49.08059305682064,-18.154216444339482,-23.387444433186737,0.0,0.0,0.0,0.0,0.0,0.0,0.0,68.48913143522894,35.8699570564119,104.98052941431133,1.5438474190509393,75.49350910223384,0.0,139.61338653889257,0.0,390.8127964975927,-3.5871275368215554,16.16981591958104,875.8252244354458,906.885354
07/02/2016,2.1823203803504483,32.86117396341569,0.0,0.0,0.0,3.8050225980093657,0.0,70.22009415338736,-18.169198420653018,-23.482355113987857,0.0,0.0,0.0,0.0,0.0,0.0,0.0,70.77141120738482,28.705316458418178,109.22201701253651,1.5395725755711729,78.65047353054015,0.0,139.0478730745935,8.797716875180186,414.6064984750669,-3.4355158918175372,16.16981591958104,931.4922367975769,919.32522
07/09/2016,2.5560849475165415,31.697534924948986,0.0,0.0,0.0,3.3666030326359064,0.0,67.3643136004093,-18.174736922366584,-23.451311859253597,0.0,0.0,0.0,0.0,0.0,0.0,0.0,55.53255459435071,27.826407803891396,111.57045344908272,1.685438874519298,75.46638487915955,0.0,139.3808136890296,0.0,401.41961573064384,-3.5368770707963084,16.16981591958104,888.8730955933524,856.932802
07/16/2016,2.797242516234363,31.538259528563877,0.0,0.0,0.0,3.0949989607237525,0.0,57.4580375422835,-18.203089887222287,-23.301647584616866,0.0,0.0,0.0,0.0,0.0,0.0,0.0,10.270141092096601,26.277615795513587,104.35096230356176,1.8860487772674701,62.482438307575315,0.05255825333450178,139.2076060788548,1.820879030941435,395.25137809002706,-3.564876678734202,16.16981591958104,807.5883680459858,828.105289
07/23/2016,2.9580900619643606,31.51645848672676,0.0,0.0,0.0,2.926738289639482,0.0,53.31579427711171,-18.29553665087087,-23.2746841148077,0.0,0.0,0.0,0.0,0.0,0.0,0.0,1.3500006581134147,19.45678586177742,106.89284156462269,2.1021733373672977,63.5368713258081,0.0,139.26268017697456,1.5526272474069713,412.73775272294006,-3.5901229819261666,16.16981591958104,808.6182861824293,814.020905
07/30/2016,3.067291687228772,31.51347412137087,0.0,0.0,0.0,2.8224995547629916,0.0,54.22108131053773,-18.356257749027158,-23.195522750592964,0.0,0.0,0.0,0.0,0.0,0.0,0.0,-3.1011648882691025,14.080959235634095,106.27348656820512,2.0106540575937593,68.43869972613818,0.0,139.31471887184412,0.0,394.2452583704874,-3.527004252454275,16.16981591958104,783.9779897830406,793.664828
08/06/2016,2.683062698204753,32.807841429562124,0.0,0.0,0.0,2.8001320938395886,0.0,58.015444670631496,-18.388778802459765,-22.928021042771267,0.0,0.0,0.0,0.0,0.0,0.0,0.0,0.757731247897749,6.060174443636625,107.1929271952154,1.9219969998363668,36.54355528929009,0.0,139.29963877499355,0.0,418.48919310704576,-3.595972617553206,16.16981591958104,777.8287414069503,807.139504
08/13/2016,2.3023406551647048,33.07869822810835,0.0,0.0,0.0,2.7935431004627507,0.0,51.03786456349228,-18.42099963864031,-23.077430039759847,0.0,0.0,0.0,0.0,0.0,0.0,0.0,1.5853578125518686,41.77964200001145,109.60225123210647,1.4758735217912926,19.345314049435842,15.706432854537884,139.0984046025554,135.81159479313226,409.1219295274426,-3.5682210567202484,16.16981591958104,933.8424121252539,869.272095
08/20/2016,2.0087358157991764,33.10079292924838,0.0,0.0,0.0,2.789553354160497,0.0,41.71174030294326,-18.435152228426006,-23.248787503677054,0.0,0.0,0.0,0.0,0.0,0.0,0.0,2.7425297328832103,40.474411802083964,108.95335282425454,1.4946449036870606,64.21506896391656,0.028508992162325778,139.0261181807763,1.513234090851065,406.59690338642395,-3.6005098321430733,16.16981591958104,815.5409616345253,968.542262
08/27/2016,1.784935901817719,33.10259528078335,0.0,0.0,0.0,2.78713748697483,0.0,36.516343163063,-18.458054021071057,-23.242357977689366,0.0,0.0,0.0,0.0,0.0,0.0,0.0,2.4003437348138785,6.670243584260577,112.45904531607843,1.653007184133003,33.446380582153225,0.0,139.024554828709,0.0,381.1833469220766,-3.5956238658603064,16.16981591958104,721.901714039824,841.1828
09/03/2016,1.610135860565097,33.04692014658156,0.0,0.0,0.0,2.952047921977643,0.0,43.142258894370634,-18.493755666741766,-23.33749617542806,0.0,0.0,0.0,0.0,0.0,0.0,0.0,-4.065208830360021,2.164512313739133,112.84586578777204,1.582837069208324,30.081911447342335,0.0,139.33422495464626,0.0,400.29205535184553,-3.607478778066277,16.16981591958104,733.7186462170336,907.41001
09/10/2016,1.4709066241856916,32.96524913873004,0.0,0.0,0.0,3.2367612378594948,0.0,41.472391450135376,-18.468118056946903,-23.50975845980443,0.0,0.0,0.0,0.0,0.0,0.0,0.0,12.314279866762094,2.2974575379891506,114.10648925531069,1.8658224065530074,21.077753814064913,37.46999097369253,139.53598164906916,111.29790700130954,388.5101590812268,-3.6020584505549667,16.16981591958104,878.2110309891633,762.259983
09/17/2016,1.3679827198604297,32.958150381729425,0.0,0.0,0.0,3.37961288825892,0.0,59.54770875826789,-18.440756547752645,-23.449711318653353,0.0,0.0,0.0,0.0,0.0,0.0,0.0,8.467326145251205,2.8121299816754854,112.35659091156553,1.9304608932561553,46.90321601695235,0.0,139.59620371244202,0.0,397.34357631082264,-3.596382610971064,16.16981591958104,777.3459241622861,817.104633
09/24/2016,1.2927563468820091,32.95753320541936,0.0,0.0,0.0,3.451287134976612,0.0,55.140064343620814,-18.39480780621403,-23.38264812875783,0.0,0.0,0.0,0.0,0.0,0.0,0.0,-1.945752139117151,4.3956425137610475,117.7298872425169,1.8580573901325927,26.199938942344254,0.19209050713654435,139.74100410589682,3.834005289322445,379.59117875319197,-3.6015997174210916,16.16981591958104,735.2284539032723,755.564025
10/01/2016,1.3427838977379343,33.06455902444716,0.0,0.0,0.0,3.4685332831680333,0.0,53.52972283986805,-18.334465198668198,-23.35038637826706,0.0,0.0,0.0,0.0,0.0,0.0,0.0,-3.533739640545427,7.382343608360447,117.65111178082135,1.8090521384659242,24.753104317496998,0.8064438779686313,139.6060038089143,10.123116300659772,401.2369166611251,-3.604434738196477,16.16981591958104,762.1204815029377,830.712206
10/08/2016,1.9109603471109724,33.61125604801138,0.0,0.0,0.0,3.3605153730296577,0.0,55.22646002645348,-18.310434519306238,-23.27100076170657,0.0,0.0,0.0,0.0,0.0,0.0,0.0,50.577676677638706,57.58686015515888,119.48456016619927,1.463301213652898,54.21768415223493,9.34289602421365,139.24014852332516,0.0,420.95974479283257,-3.596341553648947,16.16981591958104,917.974102584781,995.201786
10/15/2016,2.2483281878225836,33.64459621437075,0.0,0.0,0.0,3.3012194662088032,0.0,55.192388436259314,-18.301933670441272,-23.220320975497792,0.0,0.0,0.0,0.0,0.0,0.0,0.0,71.4927892735394,76.80208414739131,118.12902439302263,1.340317814812866,39.13887026974481,48.05015106029886,139.91298547496223,112.93655313007231,437.99775753162345,-3.6026013276446727,16.16981591958104,1111.2320253461266,1106.682205
10/22/2016,2.4655436778040993,33.646629699663265,0.0,0.0,0.0,3.2686692891823474,0.0,64.34937712989095,-18.241801103027516,-23.142458746545547,0.0,0.0,0.0,0.0,0.0,0.0,0.0,61.61653023566524,68.40762516677007,121.82941267264223,1.4623836014429032,47.28181926661283,8.138360284823317,139.2743076957645,1.8513114527065768,416.91079980230603,-3.596743864672905,16.16981591958104,941.6915821806094,1031.226788
10/29/2016,2.6102705295006716,33.64675369695266,0.0,0.0,0.0,3.2508010015238704,0.0,55.02860032651669,-18.178217909832817,-23.18412016209353,0.0,0.0,0.0,0.0,0.0,0.0,0.0,65.41807195064837,67.78063642923749,120.23517802116906,1.4876657415023866,53.237827516734725,5.4843549556499855,139.52315176786266,1.3055794067340059,443.1842753397603,-3.597949022097132,16.16981591958104,963.4026955093505,1056.729642
11/05/2016,2.412263043261934,33.11338655763108,0.0,0.0,0.0,3.5315412016262258,0.0,54.63303608994401,-18.160709013843608,-23.124240335653244,0.0,0.0,0.0,0.0,0.0,0.0,0.0,16.548405401914238,44.30351415536178,119.96974815376562,1.8294137562120671,59.450895149537295,0.0,139.06951419346242,7.439697871480904,394.38159972413376,-3.606208573957848,16.16981591958104,847.9616732944578,892.040962
11/12/2016,2.1359406125304496,32.79957189928806,0.0,0.0,0.0,3.751710669108373,0.0,55.715863999831036,-18.165778847826722,-22.931116018897566,0.0,0.0,0.0,0.0,0.0,0.0,0.0,6.263900767816845,38.00036384037786,119.98548510336923,1.9491467717207933,56.79147033831344,0.0,138.6290141140178,2.863144272846016,399.40782331239626,-3.6036132293770637,16.16981591958104,829.7627435250959,871.973552
11/19/2016,1.92742769930748,32.77012588009623,0.0,0.0,0.0,3.8445804924055182,0.0,54.53555947674498,-18.177390635803512,-22.97773333887006,0.0,0.0,0.0,0.0,0.0,0.0,0.0,7.235625215005408,44.36055847464732,119.15599761249398,2.0039332599911766,65.22095727205328,0.01441476284791326,138.77494804306858,1.338362413178448,432.00732656586814,-3.610534232813806,16.16981591958104,874.5939748798022,931.786777
11/26/2016,1.7720528835008205,32.76736281301885,0.0,0.0,0.0,3.8837539601777027,0.0,56.64295715373896,-18.17186087039341,-23.058490656320323,0.0,0.0,0.0,0.0,0.0,232.79713803640388,0.0,0.3651912417915565,25.327532488621877,118.09241801130887,1.9733385889549429,60.688967348726685,0.0,140.04404578762416,0.3764343139226141,585.7688874838329,-3.6117247139666673,16.16981591958104,1231.8278197905245,1255.078576
12/03/2016,1.6961353589551165,33.464029815990415,0.0,0.0,0.0,3.959191294470576,0.0,55.07948253579809,-18.143220719228992,-23.083734600209514,0.0,0.0,0.0,0.0,0.0,0.0,0.0,8.371179279194147,11.931555434303357,118.47350071759891,1.9188212532963829,35.06621048270078,2.7570938448323026,139.03640989739554,10.96331471285504,404.9330380430444,-3.605355683284107,16.16981591958104,798.9874675872936,924.454887
12/10/2016,1.6931117897140289,34.11303373624356,0.0,0.0,0.0,4.060309264870416,0.0,61.73562105054353,-18.128304526996807,-23.151832373708977,0.0,0.0,0.0,0.0,0.0,0.0,0.0,1.6860204891622048,13.325717629147562,120.02425440129731,1.815291727963483,48.88894877601191,0.0,139.5375126946697,32.76264746027443,419.63294143466345,-3.609507691047756,16.16981591958104,850.5555817823891,933.622615
12/17/2016,1.690993147777614,34.13994044550628,0.0,0.0,0.0,4.09750848726154,0.0,57.88892602886976,-18.08064312176529,-23.443034597656286,0.0,0.0,0.0,0.0,0.0,0.0,0.0,1.4678832629178804,9.10629266876519,119.89929111960028,1.9196480117772092,36.63171476810973,0.1348244175287504,140.1057722086467,8.351345712655847,455.60475742468566,-3.607398584020518,16.16981591958104,842.0776373202415,1041.985053
12/24/2016,1.6895090449193335,34.14105606984365,0.0,0.0,0.0,4.111193285495081,0.0,54.5966143434119,-18.042073964393264,-23.388314861550683,244.40067353312105,0.0,0.0,0.0,0.0,0.0,0.0,0.36081144962843675,3.2452164583564906,121.45314159785069,1.7976800358680773,37.38000351063557,0.08125679176904194,140.17408493500943,1.2378331917831082,580.977527812691,-3.6163196552239065,16.16981591958104,1196.769709498796,1354.815439
12/31/2016,1.6884696555994274,34.141102437102,0.0,0.0,0.0,4.1162276457608975,0.0,62.53365239834335,-17.99466670898545,-23.249463545746345,0.0,0.0,0.0,0.0,0.0,0.0,0.0,0.5971116649053262,3.581836051804285,124.94120612623207,2.0378326427448963,39.60286439147738,0.0,140.1484125309355,2.1517968456746406,430.0593173977629,-3.615657338651678,16.16981591958104,816.9098581145404,822.536107
01/07/2017,2.156541481247705,32.709597639520034,0.0,0.0,0.0,3.339756483381589,0.0,65.89529558800614,-17.924952851591133,-23.15374383893976,0.0,0.0,0.0,0.0,0.0,0.0,0.0,40.261534165990334,46.71962678294801,104.5678765344191,1.4443033716359337,64.66867641035961,47.74740713790741,139.84947236586277,112.69625800455793,394.4944724841196,-3.5869092771118365,16.16981591958104,1028.0550284018946,922.311925
01/14/2017,2.4752693261710803,32.57903973434322,0.0,0.0,0.0,2.770777888757681,0.0,74.37036806549817,-17.871827008483564,-23.128796645862963,0.0,0.0,0.0,0.0,0.0,0.0,0.0,73.74944318098932,67.23261388139841,104.24287572761178,1.5079120337213783,63.13439153032634,40.92634897094628,139.79530846732936,96.59679257036795,393.31784329088663,-3.60333963468864,16.16981591958104,1064.2648372988933,1054.705241
01/21/2017,2.709494354638874,32.58082206365299,0.0,0.0,0.0,2.3465711037037487,5.005371948789739e-05,67.76674665139967,-17.844416406267808,-23.04027923597616,0.0,0.0,0.0,0.0,0.0,0.0,0.0,96.27902152493591,77.82975353947766,117.77476749442437,1.3408968927300426,61.60010663675465,34.10529081939541,139.85202036285295,80.49732713617797,392.1412182367355,-3.6001952526079464,16.16981591958104,1078.5090118953283,1190.513306
01/28/2017,2.891151655647424,32.59589142261813,0.0,0.0,0.0,2.023664681963929,2.459923305736635,65.54262075848337,-17.817412120833687,-23.02159362345011,0.0,0.0,0.0,0.0,0.0,0.0,0.0,85.6970809431315,78.37596984528845,112.48114752105357,1.3330556681189272,60.06582175672139,27.284232652434273,139.34747903380813,64.39786170198798,390.9645931825843,-3.5791881813405633,16.16981591958104,1037.2121161235345,1127.981517
02/04/2017,3.0385187221105108,32.612191621532304,103.98422656112524,0.0,0.0,1.771781843907524,6.207213422049756,64.74383251653283,-17.817709892849347,-23.066415122998993,0.0,0.0,0.0,0.0,0.0,0.0,0.0,33.3514462980988,41.71507732182519,110.70084421266135,1.5304760146223144,58.53153687668812,20.46317448547314,139.108637324757,48.298396302569955,389.7879639893513,-3.595591831727251,16.16981591958104,1027.5354165853107,1035.994407
02/11/2017,3.1628620498228144,32.628508681267704,35.08009660005797,0.0,0.0,1.5697301219252089,14.172433278514017,64.4090128200253,-17.788533458525194,-23.084830705893104,0.0,0.0,0.0,0.0,0.0,0.0,0.0,22.91452852388191,28.548381628247906,110.7227829969821,1.5633202266237873,56.997251996654846,13.642116318512004,139.6093763231224,32.19893086837997,388.61133893520014,-3.601591636412414,16.16981591958104,917.5255314879685,950.411799
02/18/2017,3.2714232875964924,32.64472281974024,11.72991729027314,0.0,0.0,1.4025985991827878,5.82579406880808,64.2252389202332,-17.7440960458985,-23.09259763995632,0.0,0.0,0.0,0.0,0.0,0.0,30.092932852158835,22.251393532393404,21.45968067499407,111.82980083433456,1.5104480287344806,55.462967103083166,6.8210581669611345,139.64993919913306,16.099465434189984,387.4347097419672,-3.598619745817402,16.16981591958104,883.4465930416927,901.365335
02/25/2017,3.3689780679693357,32.660822796402435,3.8799316242926163,0.0,0.0,1.2598383919841603,2.365507459057448,64.09062529552963,-17.716975983163742,-22.998553746243655,0.0,0.0,0.0,0.0,0.0,0.0,0.0,21.8389132302899,16.438603857188607,110.28757435565957,1.746648429541815,53.9286822230499,0.0,138.72935799989804,0.0,386.258084687816,-3.5905023182438383,16.16981591958104,808.7173522906094,814.05407
03/04/2017,3.330617855715643,33.86602762311397,2.024802465305025,0.0,0.0,1.1598747377796004,1.0953982021787216,63.97198970634754,-17.681003780339445,-22.875171906098128,0.0,0.0,0.0,0.0,0.0,0.0,0.0,22.19354944500512,17.909727458349035,108.47872405434222,1.6286682770185623,71.29832255896858,0.0,138.83473467145413,0.0,400.4176971791052,-3.586888549143389,16.16981591958104,838.2368859186835,898.345347
03/11/2017,3.222499212652585,34.40052022225196,0.9192946071592621,0.0,0.0,1.0904078105052286,0.5775898906586432,63.85852748868553,-17.643188452206395,-22.762545307502442,0.0,0.0,0.0,0.0,0.0,0.0,0.0,39.42351579632807,30.71049207591186,109.53840239461263,1.79560698521898,62.076052867662405,0.0,138.97754330099926,1.7700632846347872,399.14288068802165,-3.5893622437415194,16.16981591958104,859.6781165414335,865.502091
03/18/2017,3.145355632709123,34.41666059463166,0.3381895863536665,0.0,0.0,1.038817609522543,0.39900564685194284,67.86622146515657,-17.65408149028495,-22.650665252143206,0.0,0.0,0.0,0.0,0.0,0.0,0.0,55.61499987457242,48.06675404797724,113.03378460038319,1.723209547905577,59.0126687012648,0.0,138.65780479445237,1.8958126105848085,387.09877358699936,-3.590949310360621,16.16981591958104,884.5821781661575,855.876695
03/25/2017,3.0905964489022724,34.4171481533786,0.1244129960377948,0.0,0.0,1.0005036979681086,0.48431720634711517,64.53400253560258,-17.698846345343227,-22.563615182838365,0.0,0.0,0.0,0.0,0.0,0.0,0.0,52.77184373664958,56.27349944686803,111.03606861322162,1.7812701003916263,56.34935565601702,0.0,139.21803966300214,0.5020167344516202,384.6454694549662,-3.599808704986567,16.16981591958104,878.5360901302172,881.346088
04/01/2017,2.987296918014469,34.18823616028755,0.04530335094755472,0.0,0.0,0.9892558881776236,0.25237149951242366,65.97506466254933,-17.74738928151085,-22.750770438734445,0.0,0.0,0.0,0.0,0.0,0.0,0.0,64.41111874040863,49.65540444277604,114.1039317071532,1.672453927920136,51.93170716060084,0.0,139.075548479609,0.0,424.76943430047584,-3.602703373027799,16.16981591958104,922.1260800647406,935.69958
04/08/2017,2.4964894466508123,30.05357078311535,0.009602510865251703,0.0,0.0,1.0828338657820782,0.0928422223239321,64.76279649947884,-17.79857938727074,-22.957952192986,0.0,0.0,0.0,0.0,0.0,0.0,0.0,31.404116345655797,16.561186191517482,108.09445195442912,1.9964280843645206,42.820919583048195,0.0,139.24726858768204,0.0,383.97763688884226,-3.602903151506909,16.16981591958104,794.4105241515731,787.487583
04/15/2017,2.110631843226438,29.16948556554028,0.003532566330949928,0.0,0.0,1.1502453690108934,0.03415472061520616,70.66752834610813,-17.84775016109808,-23.143580110475323,0.0,0.0,0.0,0.0,0.0,0.0,0.0,8.352109500893855,12.400282504358008,113.33385859642766,1.7678311875547723,21.351350375924646,0.6338473573647042,139.68554794869144,7.552758908237484,418.97216600296474,-3.6088264221547273,16.16981591958104,798.7549900191021,960.599661
04/22/2017,1.8098630758319276,28.980448009565468,0.0012995585277342779,0.0,0.0,1.1988071863436385,0.012564775300352255,64.86084456776166,-17.899521758518087,-23.359061359420892,0.0,0.0,0.0,0.0,0.0,0.0,0.0,12.870468132014917,3.4314191888460983,125.0270927192703,2.3825717144335745,23.543209630403698,0.0,126.3136934551522,2.129115094397901,400.19123973706826,-3.596366412716001,16.16981591958104,764.0675032338439,672.64426
04/29/2017,1.5778003932199285,28.94002770336224,0.0004780808649506567,0.0,0.0,1.2337900091247154,0.004622380262901698,63.716764998728536,-17.914931302987405,-23.510359787105486,0.0,0.0,0.0,0.0,0.0,0.0,0.0,15.054488219119925,6.897631538478835,102.54304658462141,2.0125448930275995,25.01919924122074,0.0,138.6490061984509,0.0,387.74807548401964,-3.606347110712,16.16981591958104,744.5356534432785,767.351239
05/06/2017,1.4509362612619499,30.852848177557807,0.000386103309465806,0.0,0.0,1.4321640661873147,0.001700534753698501,59.490442146825266,-17.91891574605678,-23.46761804862774,0.0,0.0,0.0,0.0,0.0,0.0,0.0,7.435563180646459,4.666113940702859,112.43267242046682,2.137486488115272,37.59679692662418,0.0,139.44053429985257,1.3101310566529467,368.19386940471645,-3.6044176339987373,16.16981591958104,737.6205094985709,724.094617
05/13/2017,1.3661629069077117,31.37451882469241,0.00015770159792918937,0.0,0.0,1.5953036712832651,0.0006255100299874661,60.96925815400936,-17.909029652716224,-23.42396608179813,0.0,0.0,0.0,0.0,0.0,0.0,0.0,6.844681158010415,9.318126603157884,115.26432462756026,1.9985985235395904,37.35250833487237,0.0,139.09546330944764,0.8498476318477197,382.1158820458322,-3.605582422617282,16.16981591958104,759.3766967652381,734.3954
05/20/2017,1.3046752791689686,31.44685139645796,5.801517573227571e-05,0.0,0.0,1.706392207586358,0.000230247109644328,64.94547668722316,-17.864577566091782,-23.409840555078603,0.0,0.0,0.0,34.79803371353616,0.0,0.0,0.0,10.204280987581614,10.29315348293922,110.85894092165974,2.1428544399978318,20.850772737550518,0.780238720578342,139.21444240815543,11.724243481656801,372.4643049391506,-3.602316354316227,16.16981591958104,784.0280311096226,746.453525
05/27/2017,1.2604598768733255,31.45688042367972,2.134259042126311e-05,0.0,0.0,1.782037102646935,8.460693229567172e-05,60.19998121499497,-17.816027993222413,-23.331679154610374,0.0,0.0,0.0,0.0,0.0,0.0,0.0,13.850444361539793,8.30777873315,114.77846230157834,1.9693526826923484,34.7379742143746,0.0,138.22629434055207,0.0,390.6289674587495,-3.596659177151468,16.16981591958104,768.6241882549513,764.756297
06/03/2017,1.1831619732660446,32.193237799802546,9.142921371612206e-06,0.0,0.0,1.8382375608907666,3.100101336024613e-05,59.48547313672586,-17.756677235980607,-23.220217688251065,0.0,0.0,11.533859315132787,0.0,0.0,0.0,0.0,8.343449663387066,6.843240893808616,111.8181456541699,2.2485717575464146,29.84550356946701,0.0,139.27424589208889,0.0,365.54142990943876,-3.5981680790364066,16.16981591958104,741.7433501859724,733.684104
06/10/2017,1.061949836119128,33.010018834273744,4.012291133650738e-06,0.0,0.0,1.8826153953112532,1.1302452787589733e-05,57.91311636592641,-17.66918520738705,-23.162284332342754,0.0,0.0,0.0,0.0,0.0,0.0,0.0,49.63554076425606,35.54444609356181,109.14033941719696,1.9374106951121601,63.16906767322591,0.0,139.24355615325806,0.0,380.945237964845,-3.578885016683165,16.16981591958104,845.2427758709985,770.718637
06/17/2017,0.9713085302798461,33.07723520060043,1.476039442904546e-06,0.0,0.0,1.9127275475712768,4.19805389253333e-06,55.902604924693904,-17.584602236299325,-23.10785379001588,0.0,0.0,0.0,0.0,0.0,0.0,0.0,67.18285615560531,40.908064847980285,107.55921817839888,2.0844948472955416,54.39222551541968,0.0,138.43068611896263,0.0,396.73314866982685,-3.6035872831787974,16.16981591958104,871.028348820815,763.238451
06/24/2017,0.9043553698329635,33.08276695502894,5.430045746531625e-07,0.0,0.0,1.9331598966582677,1.614636112512819e-06,48.381113111913855,-17.491032866683447,-23.00946659048962,0.0,0.0,0.0,0.0,0.0,0.0,0.0,66.22480609057406,34.20233078697576,99.10146020296814,2.1171472063259964,80.39094428549998,0.0,138.95975086556652,0.0,390.8127964975927,-3.594052019078177,16.16981591958104,868.1858978699078,765.750178
07/01/2017,0.8727700924091171,33.01073822931245,1.9433277495312499e-07,0.0,0.0,1.9429481189959803,6.458544450051277e-07,45.67033834032858,-17.411268938086142,-22.920622508258788,0.0,0.0,0.0,0.0,0.0,0.0,0.0,68.9579142829656,39.5372482102902,107.82389777853506,2.058896874142841,53.809632132905776,0.0,138.48403954656806,79.02471664255532,414.6064984750669,-3.5984986031626467,16.16981591958104,958.0390654343366,869.929138
07/08/2017,0.9512727412946884,32.51096908640807,6.00438636621608e-08,0.0,0.0,1.9250803741735576,3.2292722250256384e-07,49.48840005628103,-17.325866570344594,-22.89598202621146,0.0,0.0,0.0,0.0,0.0,0.0,0.0,64.02068248540355,39.57915011986387,108.67259801344939,2.0315207004263223,82.88846584795877,0.0,139.00464421275734,46.69493143729179,401.41961573064384,-3.5937609215772355,16.16981591958104,941.5415375903711,822.973323
07/15/2017,1.0037399273281364,32.45847572967729,2.2088905927293372e-08,0.0,0.0,1.9128401120294631,0.0,46.633554267579086,-17.264687080641206,-22.78923441727746,0.0,0.0,0.0,0.0,0.0,0.0,0.0,68.00244856734737,61.72773537843338,109.22137058510384,1.7182257174754558,69.98038045509901,0.05255825333450178,139.36008276974704,0.0,395.25137809002706,-3.6023055554795183,16.16981591958104,899.8363787414534,900.97943
07/22/2017,1.0394025335333716,32.45296188987133,8.126039343321049e-09,0.0,0.0,1.904454972846135,0.0,48.67650240764022,-17.1981048488523,-22.784250918583997,0.0,0.0,0.0,0.0,0.0,0.0,0.0,52.88821200337694,63.706369407301935,109.39463489068035,2.0149566129970276,61.29294601837218,0.0,139.43752698918217,12.845232447140315,412.73775272294006,-3.603729153802,16.16981591958104,910.9746839023509,895.325359
07/29/2017,1.0638879778354648,32.452382650409014,2.9893868807496683e-09,0.0,0.0,1.898710731067382,0.0,56.0110489341367,-17.221237512567356,-22.798847405013905,0.0,0.0,0.0,0.0,0.0,0.0,0.0,44.72343609730274,60.60351193861916,107.77101652537179,1.6855432713741998,84.91023110999423,0.0,139.77673224891944,1.674687268113298,394.2452583704874,-3.6020791422857075,16.16981591958104,899.3640989863344,880.13183
08/05/2017,1.3013935744515543,32.56087500961583,3.7782572155495747e-10,0.0,0.0,1.6243474728395297,0.0,53.33601470434791,-17.24149366776194,-22.90465650804042,0.0,0.0,0.0,0.0,0.0,0.0,0.0,43.5234637235347,53.7267756665,105.06019373162613,1.5384901987806763,69.16352638801129,0.0,139.07800658034378,8.067762970761866,418.48919310704576,-3.583252675041624,16.16981591958104,899.9104561969739,920.575882
08/12/2017,1.5275982619420925,32.613805693896985,2.920391681429447e-11,0.0,0.0,1.297788504684693,0.0,50.83167524342694,-17.229366628753684,-22.933885502371336,0.0,0.0,0.0,0.0,0.0,0.0,0.0,9.11552631750025,20.242936966566127,103.32495046769338,1.7504582762393985,65.32042674635895,15.706432854537884,139.13742379130466,0.0,409.1219295274426,-3.586873075642468,16.16981591958104,822.4106433644369,840.323397
08/19/2017,1.6733994152530698,32.61905186816608,1.0744051366393711e-11,0.0,0.0,1.0457334889015841,0.0,60.289389336547444,-17.19926284110457,-22.98587056174243,0.0,0.0,0.0,0.0,0.0,0.0,0.0,12.772607434241857,15.223739027867865,104.51269195096042,1.8714296608763423,48.33284195702309,0.028508992162325778,139.22680314327886,0.0,406.59690338642395,-3.5981353926246245,16.16981591958104,796.5796467858231,798.846362
08/26/2017,1.7705965756487878,32.61957174348703,3.953064926156952e-12,0.0,0.0,0.8511843533756341,0.0,61.91622734831491,-17.21171567433127,-22.883500747078177,0.0,0.0,0.0,0.0,0.0,0.0,0.0,15.88790009930214,13.837692815971245,104.17685716023483,1.9891933664373804,42.28802303011308,0.0,139.17909491958943,5.854816151462706,381.1833469220766,-3.5865440372622173,16.16981591958104,774.0425599469271,748.669784
09/02/2017,1.7514598265821248,32.6612232409064,6.73060513142655e-12,0.0,0.0,0.8348508606378278,0.0,58.62872950965555,-17.22388009605169,-22.758212288949117,0.0,0.0,0.0,0.0,0.0,0.0,0.0,11.617602740260383,15.139693085124248,101.23049936933971,1.9659970682767614,47.69288764576278,0.0,138.83025250034288,0.0,400.29205535184553,-3.5951391865281646,16.16981591958104,783.237835546793,794.475397
09/09/2017,1.5106031297649511,32.76612143505654,7.496454136842107e-12,0.0,0.0,1.139942686139822,0.0,57.92333065249023,-17.273918302015396,-22.613620778275905,0.0,0.0,0.0,0.0,0.0,0.0,0.0,28.777737250075695,18.25006122776389,105.43717558781815,1.7421181335287292,81.26371067046865,37.46999097369253,139.54753753178056,21.20955505628011,388.5101590812268,-3.600082082248748,16.16981591958104,888.2302381731353,884.666212
09/16/2017,1.32552792699242,32.775927056397144,2.742381468494034e-12,0.0,0.0,1.3503890222620507,0.0,57.9747124119111,-17.260703638364788,-22.464483145372274,0.0,0.0,0.0,0.0,0.0,0.0,0.0,20.418065126689005,32.865900542430545,104.90273946448185,1.7300161820962794,76.20354504101802,0.0,139.3250962708318,5.432816657602887,397.34357631082264,-3.5932390623576334,16.16981591958104,844.4997020870248,897.635427
09/23/2017,1.185009075360399,32.77684351228386,1.0058455999270202e-12,0.0,0.0,1.4955507361652705,0.0,59.29864895350641,-17.2525430977955,-22.393547229769837,0.0,0.0,0.0,0.0,0.0,0.0,0.0,26.916479734925318,30.93846112676121,101.74251078995673,1.6753879212031622,90.01442503286133,0.19209050713654435,139.30174993236747,0.0,379.59117875319197,-3.5990555042449914,16.16981591958104,838.0530061634913,875.448717
09/30/2017,1.0796531000127363,32.776929221458396,3.653451343199967e-13,0.0,0.0,1.5956803995050073,0.0,68.73485968380527,-17.222579078104985,-22.376111453665768,0.0,0.0,0.0,0.0,0.0,0.0,0.0,49.70024924640104,24.30740766779587,102.12921912847108,1.4232111625375632,54.51879619748682,0.8064438779686313,139.41310330028153,66.8376583372079,401.2369166611251,-3.5972832267050245,16.16981591958104,917.5339701451627,903.731332
10/07/2017,1.229192970091143,33.49807251656728,2.0865945955932868e-13,0.0,0.0,1.7703756024342776,0.0,73.2212740727166,-17.21669447484579,-22.358913835082987,0.0,0.0,0.0,0.0,0.0,0.0,0.0,27.020932790674753,20.92334301191185,102.22119642540831,1.5157085032632032,63.23592715695557,9.34289602421365,138.93305167769995,2.0384819735902666,420.95974479283257,-3.5939167437176622,16.16981591958104,868.9104883842942,844.136649
10/14/2017,1.3269945593923982,33.5447952572356,6.955315318644289e-14,0.0,0.0,1.8869846333642533,0.0,64.59872076995894,-17.214995265111813,-22.29982436982624,0.0,0.0,0.0,0.0,0.0,0.0,0.0,36.72723231609891,21.65547634236862,101.51598757974774,1.5782590483228338,77.75907015755847,48.05015106029886,139.14168824492222,9.87740370335493,437.99775753162345,-3.6000772626337065,16.16981591958104,948.7154402262566,889.25102
10/21/2017,1.3926816643697189,33.547822477178755,0.0,0.0,0.0,1.9648211056225724,0.0,70.87590130579827,-17.23180762210008,-22.330078045944585,0.0,0.0,0.0,0.0,0.0,0.0,0.0,26.10960957660946,22.897090986607303,102.77140452132159,1.6598772801846822,40.068350447017195,8.138360284823317,139.35396701511894,125.53933459001013,416.91079980230603,-3.585262055898989,16.16981591958104,964.2526892526054,850.403372
10/28/2017,1.4374577088397338,33.54801848422544,0.0,0.0,0.0,2.0167769807109837,0.0,71.49016253827673,-17.226661157812977,-22.314700489861703,0.0,0.0,0.0,0.0,0.0,0.0,0.0,24.609499023116573,17.200029300324346,102.54602973051969,1.4389622375541047,52.5072565035512,5.4843549556499855,139.36017828451844,4.561333910556046,443.1842753397603,-3.5897710413150445,16.16981591958104,872.4230182281949,917.043663
11/04/2017,1.5149777223646796,33.3015807212778,0.0,0.0,0.0,2.008896333617107,0.0,68.63691758070354,-17.203874069453438,-22.272538330313036,0.0,0.0,0.0,0.0,0.0,0.0,0.0,10.519689498574978,18.787004199836833,104.2093575965151,1.6563124517360275,54.53100243633073,0.0,138.66994781208214,0.0,394.38159972413376,-3.601165589690321,16.16981591958104,801.3095240072969,821.500614
11/11/2017,1.6013594478803184,33.07122712797246,0.0,0.0,0.0,1.9711666123546534,0.0,75.52939629400781,-17.20725241115754,-22.229974462448972,0.0,0.0,0.0,0.0,0.0,0.0,0.0,7.1327409046891415,17.430075771629852,101.90025654131604,1.7117707205938317,50.43384623339921,0.0,139.04779581999898,0.0,399.40782331239626,-3.5998164236181736,16.16981591958104,802.3702314085949,874.599672
11/18/2017,1.6600193796103315,33.05198963349496,0.0,0.0,0.0,1.945327912258397,0.0,64.0340928714132,-17.206229108097553,-22.214866822116917,0.0,0.0,0.0,0.0,0.0,0.0,0.0,18.151273315225907,15.461969276727917,104.71363292558989,1.587945061312486,58.52316819756468,0.01441476284791326,138.99144070023917,4.096331930410862,432.00732656586814,-3.6056820763117408,16.16981591958104,847.3819704456188,934.15859
11/25/2017,1.7002712717570367,33.05038293773957,0.0,0.0,0.0,1.9276325919063395,0.0,60.99202931453343,-17.194435335723195,-22.14247131860808,0.0,0.0,0.0,0.0,0.0,232.79713803640388,0.0,15.96350818844519,17.45124221641738,102.18439696985824,1.451447449204112,80.33335997283505,0.0,139.67993224198423,11.025080150219551,585.7688874838329,-3.608917922365094,16.16981591958104,1257.5493001680218,1328.608633
12/02/2017,1.6731799175268103,33.35049853010866,0.0,0.0,0.0,1.9255204661674656,0.0,58.75669003477438,-17.191277008549008,-22.123837501546873,0.0,0.0,0.0,0.0,0.0,0.0,0.0,6.740128355441531,15.366175497092385,103.07835921305649,1.5906178932059507,67.14962559374916,2.7570938448323026,138.7663081701431,1.7868477110356487,404.9330380430444,-3.6000184850728294,16.16981591958104,811.1287661945906,855.869346
12/09/2017,1.5100227504424977,33.93917162190073,0.0,0.0,0.0,1.9489622983399584,0.0,56.95681466674263,-17.180150140870754,-22.086018493050293,0.0,0.0,0.0,0.0,0.0,0.0,0.0,13.214975510609628,16.74525339188783,101.6289403800764,1.829415755154003,50.19688463417437,0.0,138.9188227860181,27.807966153132877,419.63294143466345,-3.609210143234955,16.16981591958104,837.6246085255676,915.567062
12/16/2017,1.3884545999462714,33.9676312830512,0.0,0.0,0.0,1.9648306792766226,0.0,59.05313519784099,-17.275345187731933,-22.118220236956184,0.0,0.0,0.0,0.0,0.0,0.0,0.0,15.583418398984882,15.426963047176546,101.40669552140645,1.8145093071698766,53.13898622508473,0.1348244175287504,139.9380215821031,14.601783347065396,455.60475742468566,-3.6110436624998807,16.16981591958104,867.1892178637136,999.334326
12/23/2017,1.2989598493429455,33.96900719631615,0.0,0.0,0.0,1.9755724178182255,0.0,59.73252717198797,-17.484842136850897,-22.113312226838495,244.40067353312105,0.0,0.0,0.0,0.0,0.0,0.0,10.428865485519475,10.864642649730582,100.86571949321355,1.839146066793218,57.181604259694595,0.08125679176904194,139.81709707224235,5.700091348985157,580.977527812691,-3.615413205219107,16.16981591958104,1222.0889394998978,1287.423445
12/30/2017,1.2337895021203402,33.969073585799705,0.0,0.0,0.0,1.9828437561154235,0.0,54.224634928575306,-17.5189075659979,-22.111650009397096,0.0,0.0,0.0,0.0,0.0,0.0,0.0,3.9579719315586663,8.69279883349584,104.31618296357095,1.7863381345128093,42.3290457944442,0.0,140.06917881416544,3.462098284944874,430.0593173977629,-3.613613205833227,16.16981591958104,799.0089190654194,946.599181
01/06/2018,1.8970599768553265,33.6265136861468,0.0,0.0,0.0,1.8830249404399195,0.0,55.4076491327209,-17.57334798160626,-22.011107224420645,0.0,0.0,0.0,0.0,0.0,0.0,0.0,-1.530025531435188,12.731454316889314,103.7850810869664,1.9951794670492364,45.999592866707445,47.74740713790741,140.02015023922422,0.0,394.4944724841196,-3.6123483286677383,16.16981591958104,811.0305721884779,791.449418
01/13/2018,2.3604417562281363,33.55778897885516,0.0,0.0,0.0,1.9083319079465413,0.0,63.43546150314685,-17.61976062937069,-22.00996616197887,0.0,0.0,0.0,0.0,0.0,0.0,0.0,1.6305703254407198,36.28381407707568,105.7655545423859,1.749608815756827,43.690863397129995,40.92634897094628,139.59499854076748,2.51269751546709,393.31784329088663,-3.5899397278414833,16.16981591958104,839.6844730224233,923.158215
01/20/2018,2.7245275757982848,33.5044806824321,0.0,0.0,0.0,2.0173759262738975,1.7355591173239067,69.9416895624029,-17.665144051857016,-22.159694753162487,0.0,0.0,0.0,0.0,0.0,0.0,0.0,20.372625916483223,23.329993449355133,103.90419620034685,1.797594108370346,41.38213394109095,34.10529081939541,139.89322655894165,5.025395065706143,392.1412182367355,-3.5931547372132675,16.16981591958104,844.6271295380046,938.090016
01/27/2018,3.029209105725723,33.450433320012245,0.0,0.0,0.0,2.1760692599458578,2.762350462300291,71.81103267558672,-17.69990412417295,-22.340594110883202,0.0,0.0,0.0,0.0,0.0,0.0,0.0,13.159888062595234,17.766462926425206,107.0091908773987,1.5883834640920116,39.07340447151349,27.284232652434273,139.05420795134427,7.538092581173233,390.9645931825843,-3.5909981587897595,16.16981591958104,829.2058705188668,900.52277
02/03/2018,3.295163565948768,33.39454110273726,0.0,336.73321035094534,0.0,2.358538714102346,3.8490590158486917,72.19910744453813,-17.60720052300412,-22.6001676143898,0.0,0.0,0.0,0.0,0.0,0.0,0.0,16.520539767716997,13.986947485667248,103.6996172635788,1.806998571885694,36.764675001936034,20.46317448547314,139.61714392144427,10.050790131412286,389.7879639893513,-3.5933608572911155,16.16981591958104,1156.8965577374822,867.208377
02/10/2018,3.53446088784181,33.336659308558346,0.0,123.87722605868794,0.0,2.546713868677726,3.4128473090561156,72.1134762247977,-17.41560583309356,-22.935825551760722,0.0,0.0,0.0,0.0,0.0,0.0,0.0,16.6045809970499,13.558190178887877,100.3131438800972,1.7502954763760379,34.45594553235858,13.642116318512004,139.82000465425435,12.563487646879375,388.61133893520014,-3.597176724083928,16.16981591958104,932.3616950878779,934.860356
02/17/2018,3.754630741131488,33.2767032821023,0.0,45.57188286580069,0.0,2.7291234134733036,2.936854197723449,71.87605745207411,-17.39089388456134,-23.215999304175064,0.0,0.0,0.0,0.0,0.0,0.0,30.092932852158835,14.421621853388135,7.71372364718456,107.02229016155572,1.702628348687279,32.14721607631954,6.8210581669611345,139.76845055638677,15.076185197118429,387.4347097419672,-3.5899311757426133,16.16981591958104,874.3190601091349,897.931765
02/24/2018,3.9605769089136458,33.21458871926301,0.0,16.764957675326112,0.0,2.899369828193241,2.503556909113959,71.58978494639302,-17.367553429918992,-23.313748687724622,0.0,0.0,0.0,0.0,0.0,0.0,0.0,21.445711268018268,10.527112671560745,103.54668736795395,1.9929667971508915,29.838486606742077,0.0,139.5609124090357,17.58888271258552,386.258084687816,-3.581030071515823,16.16981591958104,813.5991632384878,845.429643
03/03/2018,3.966616038127356,33.721226890478896,0.0,6.1674814984510835,0.0,2.798221508323088,2.0172042924834104,71.28757981883953,-17.35446786082169,-23.382008814806525,0.0,0.0,0.0,0.0,0.0,0.0,0.0,14.092230651886428,7.598225849283083,107.8476207297769,1.9330543196143946,45.08403018447891,0.0,139.56918707842343,1.4625330920213653,400.4176971791052,-3.5931758637964926,16.16981591958104,809.8030725114494,798.71875
03/10/2018,3.7875062342499546,34.216558827265615,0.0,2.268892935888296,0.0,2.432187502293491,1.5044559276127243,70.97998938940373,-17.312749932816466,-23.31735606460522,0.0,0.0,0.0,0.0,0.0,0.0,0.0,13.284190735415205,30.15477484018272,105.80696518108452,1.8699493162973804,38.10889575982547,0.0,139.5189828290165,27.553699653000994,399.14288068802165,-3.5950421781863224,16.16981591958104,842.5745975635313,864.429036
03/17/2018,3.658697459058623,34.23519354738451,0.0,0.8346765426295298,0.0,2.173285448612783,1.5539461390973548,64.7695707021277,-17.272861098383686,-23.2956733874272,0.0,0.0,0.0,0.0,0.0,0.0,0.0,17.87363257723336,27.816751914871418,107.0687082978807,1.983300397642613,59.833763001278335,0.0,139.35784098187693,1.6494915039325146,387.09877358699936,-3.595612740884234,16.16981591958104,821.9133007935117,800.193458
03/24/2018,3.5667040806851658,34.23589432526646,0.0,0.30706130710297813,0.0,1.990159705666545,0.7345299373771091,55.81652335293379,-17.258872785666576,-23.30537340661193,0.0,0.0,0.0,0.0,0.0,0.0,0.0,10.960543236865645,11.736432870526485,108.77804833203146,1.8035396536695971,42.735795417836364,0.0,139.26840684937207,0.0,384.6454694549662,-3.601481328832074,16.16981591958104,768.5831969227703,773.429293
03/31/2018,3.501356750650412,34.23592102156672,0.0,0.11296057562710879,0.0,1.8606318181757637,0.27021839539125037,55.79954243266264,-17.272504269266136,-23.32095514276493,0.0,0.0,0.0,0.0,0.0,0.0,0.0,22.098925984917845,16.9807621715256,106.2536538161075,1.885130363715985,52.691389836812384,0.0,139.38896615569507,18.043679121674863,424.76943430047584,-3.603200663082003,16.16981591958104,849.8657285894669,971.813873
04/07/2018,2.928929039804775,30.684401899497598,0.0,0.041559280705295625,0.0,2.1253889015390506,0.09940765568463174,66.67942657472818,-17.258307678122076,-23.29755373975473,0.0,0.0,0.0,0.0,0.0,0.0,0.0,34.21885370792808,13.061923970991385,121.11647034873798,1.8123813415002212,41.68453715893022,0.0,139.37977847746302,28.747803624478067,383.97763688884226,-3.5831309163458487,16.16981591958104,838.5893224561893,867.006602
04/14/2018,2.479228923067233,30.018095966536134,0.0,0.01528477845349862,0.0,2.2915757908493806,0.03657021623952535,68.21673157740831,-17.27835374417668,-23.27097213082751,0.0,0.0,0.0,0.0,0.0,0.0,0.0,26.21851496766343,13.487122060905316,108.22581281764249,1.7207264994525548,54.233400903204206,0.6338473573647042,139.4349270209193,6.631899974140252,418.97216600296474,-3.5978677409201607,16.16981591958104,844.6385271604678,906.675082
04/21/2018,2.129004902071082,29.893089486745918,0.0,0.005622500967654398,0.0,2.3958905721222163,0.01345347101667931,65.61964609173025,-17.269747610860936,-23.20414851174705,0.0,0.0,0.0,0.0,0.0,0.0,0.0,33.17275440500058,43.767191019695346,101.93363355429231,1.743673306343961,71.74396806101932,0.0,139.3878129552932,0.0,400.19123973706826,-3.5889077504193723,16.16981591958104,864.1039921099206,978.131552
04/28/2018,1.8590614398673302,29.869636786963486,0.0,0.0020677529097843646,0.0,2.4613684439765855,0.004949182612074293,73.98224409842696,-17.25777022393141,-23.184972950565538,0.0,0.0,0.0,0.0,0.0,0.0,0.0,32.08597653552286,43.61152975964155,105.86243771662873,1.8008384962127508,32.662966410744815,0.0,139.0614024610377,117.27072528543013,387.74807548401964,-3.5930353702061595,16.16981591958104,940.4173172288723,933.622326
05/05/2018,1.8189666650377392,31.17927964791271,0.0,0.0007594524576059857,0.0,2.360635689780429,0.0018206636804694548,69.70343820611355,-17.251692196798455,-23.159998662544652,0.0,0.0,0.0,0.0,0.0,0.0,0.0,33.67709245992479,25.457828880728503,108.96955784068317,1.8141283108690356,61.545166769993834,0.0,138.62611636440874,5.045328336734274,368.19386940471645,-3.594042778462873,16.16981591958104,820.5580709748164,853.106974
05/12/2018,1.8546517587717986,31.77221220466541,0.0,0.0002808059507114569,0.0,2.2331628315453464,0.0006697510594703175,51.96537400918311,-17.219940275967236,-23.215570296513587,0.0,0.0,0.0,0.0,0.0,0.0,0.0,34.436601014787286,11.153307243697503,104.93429562889469,1.655578440845489,63.862743786123914,0.0,138.79457351933496,1.9532593701805476,382.1158820458322,-3.597963227278306,16.16981591958104,798.8689345306944,851.045082
05/19/2018,1.8793611977515752,31.84660917322905,0.0,0.00010211125480416615,0.0,2.1465414953727437,0.0002463934707694562,49.331987880037055,-17.162138521817578,-23.18805465516248,0.0,0.0,0.0,34.79803371353616,0.0,0.0,0.0,24.277686694270038,15.884039129777802,105.59290505406948,2.079390795053528,69.94134106919581,0.780238720578342,138.82043554832273,0.0,372.4643049391506,-3.5903663906045957,16.16981591958104,822.072480267067,859.646991
05/26/2018,1.8965296631395334,31.855944096643935,0.0,3.82917205515623e-05,0.0,2.0876799560928605,9.074254952322045e-05,52.7404676797457,-17.12070091127663,-23.135201748732605,0.0,0.0,0.0,0.0,0.0,0.0,0.0,20.614983484068524,16.30513564597061,106.54906926744249,1.9834792192555362,52.14297283998789,0.0,138.9344197863375,6.527698833482574,390.6289674587495,-3.5953637515989145,16.16981591958104,794.5860264731597,875.103821
06/02/2018,1.9119756915427257,32.21060268932332,0.0,1.276390685052077e-05,0.0,2.131850673884234,3.3261503917764076e-05,51.900163793628785,-17.078572377008612,-23.03480859185456,0.0,0.0,11.533859315132787,0.0,0.0,0.0,0.0,23.677210841181445,26.187095467805218,106.86730037811597,1.9627730784122042,57.35544839428522,0.0,138.9085423064308,0.0,365.54142990943876,-3.599945429855364,16.16981591958104,792.6447880854548,800.704036
06/09/2018,1.9314100699535162,32.96585331815708,0.0,6.381953425260385e-06,0.0,2.358755503082974,1.2271234455097426e-05,43.81722682220671,-17.050886520618718,-22.97047181793303,0.0,0.0,0.0,0.0,0.0,0.0,0.0,13.94048853582505,28.729320591754206,96.54324018908254,2.0186929282572166,62.55277581122401,0.0,138.5849326423839,0.0,380.945237964845,-3.593035950009473,16.16981591958104,776.9433746609799,787.341185
06/16/2018,1.9449369000623853,33.02934590186397,0.0,0.0,0.0,2.497776211400419,4.520981115035894e-06,42.24666389054445,-17.068745771523623,-22.86846465036345,0.0,0.0,0.0,0.0,0.0,0.0,0.0,9.050627409609053,30.25306249286002,98.80362376323974,1.9467012066376395,42.83360778961931,0.0,138.97963479356733,0.0,396.73314866982685,-3.5982014177269166,16.16981591958104,770.9535376301793,797.205009
06/23/2018,1.9543684753536166,33.03468375684845,0.0,0.0,0.0,2.5829517777652695,1.614636112512819e-06,44.12294015414875,-17.0871482801866,-22.988381394935168,0.0,0.0,0.0,0.0,0.0,0.0,0.0,7.2999891172286455,28.919310135289763,112.06486130897635,2.1346723834871497,49.63298374719262,0.0,138.68200233808545,0.0,390.8127964975927,-3.58642390926326,16.16981591958104,783.749423641801,785.647615
06/30/2018,1.9609525610357408,33.03513232494632,0.0,0.0,0.0,2.6351373712021493,6.458544450051277e-07,38.705129668082705,-17.10754676464753,-22.955977982183644,0.0,0.0,0.0,0.0,0.0,0.0,0.0,10.73086258324316,39.348643613725415,99.10093613518428,1.9049294533724062,49.48246089369397,0.0,138.63790682016167,116.33719544812081,414.6064984750669,-3.581033876475066,16.16981591958104,919.0110432899648,818.69547
07/07/2018,1.8727386393207335,32.19938673054112,0.0,0.0,0.0,2.2197811332250805,3.2292722250256384e-07,48.45884614119164,-17.144001096899288,-22.928416508065812,0.0,0.0,0.0,0.0,0.0,0.0,0.0,15.261390326337116,31.811781568685653,95.90379946372373,1.9668679377055407,55.17584276311764,0.0,138.43941869740152,0.0,401.41961573064384,-3.594865809265983,16.16981591958104,797.2320019601708,845.09583
07/14/2018,1.8093054044737664,32.10105090851654,0.0,0.0,0.0,1.9151015670320242,0.0,39.385619138748204,-17.199875891274544,-22.801315585350913,0.0,0.0,0.0,0.0,0.0,0.0,0.0,30.48679925453084,22.4043743106324,102.57451803759025,2.0599120938640207,54.69612105968034,0.05255825333450178,138.40960544706127,24.61970055173767,395.25137809002706,-3.598929831876852,16.16981591958104,818.3357387283077,757.117914
07/21/2018,1.7640061093865302,32.0894805212216,0.0,0.0,0.0,1.6916074754604395,0.0,46.87456450304778,-17.22736348232578,-22.624668484036345,0.0,0.0,0.0,0.0,0.0,0.0,0.0,30.780490162562145,36.403747579261164,99.85937445901993,1.732838339711724,36.534263872122196,0.0,138.7589788160665,149.83413983095625,412.73775272294006,-3.6004320297859813,16.16981591958104,961.7785963151892,886.848833
07/28/2018,1.7318299049416765,32.088119361175224,0.0,0.0,0.0,1.5276661015121653,0.0,49.020915737508,-17.255772148531737,-22.451445685497976,0.0,0.0,0.0,0.0,0.0,0.0,0.0,14.454855680050317,19.719029928917355,102.10234783267894,2.1075645182599696,53.4917229708242,0.0,139.174809396537,0.0,394.2452583704874,-3.60171350382131,16.16981591958104,782.5250043846223,806.077294
08/04/2018,1.8456972232552618,32.26433812655062,0.0,0.0,0.0,1.4057872675149679,0.0,42.7995447918712,-17.254649555461256,-22.469901845107582,0.0,0.0,0.0,0.0,0.0,0.0,0.0,16.142118470509306,60.10166236059225,103.89372999941432,1.7531002106296105,24.174271907865567,0.0,138.80552822083808,135.09727436314904,418.48919310704576,-3.5875001329257112,16.16981591958104,949.6300104353226,904.657304
08/11/2018,2.018346783759431,32.40854556903903,0.0,0.0,0.0,1.3150959440015277,0.0,56.04815566987521,-17.249685091047905,-22.480762096720937,0.0,0.0,0.0,0.0,0.0,0.0,0.0,18.671879169613135,31.544230152315084,103.219649226456,1.852943555748964,41.62390264039625,15.706432854537884,138.65673587179,118.01716457737,409.1219295274426,-3.5885790019407784,16.16981591958104,943.0558012722166,863.855411
08/18/2018,2.133543797550645,32.42382744460496,0.0,0.0,0.0,1.2485169045364755,0.0,60.6690133823062,-17.26812879988071,-22.495127027813904,0.0,0.0,0.0,0.0,0.0,0.0,0.0,17.72714077103212,15.837866159965609,102.68080615104088,1.8107835275315558,47.05257592023284,0.028508992162325778,138.74743697964502,11.956137700980078,406.59690338642395,-3.5911208596659185,16.16981591958104,811.7285003502332,790.179409
08/25/2018,2.2117693496066355,32.42544678597627,0.0,0.0,0.0,1.199639304666276,0.0,70.98497353738615,-17.250041107666018,-22.590637143737638,0.0,0.0,0.0,0.0,0.0,0.0,0.0,13.481163500150789,15.213245391204726,99.51094844994256,2.082322120139447,43.98477687530042,0.0,138.5761368556404,2.0321882483394775,381.1833469220766,-3.5975669679514297,16.16981591958104,775.6175280406557,807.859587
09/01/2018,2.2299945482925083,32.43381748117765,0.0,0.0,0.0,1.366030793820376,0.0,73.49520541927038,-17.24346313028464,-22.595059097597805,0.0,0.0,0.0,0.0,0.0,0.0,0.0,15.311055174530505,12.513920793039992,102.07048575721123,2.092931144033131,42.37922323790825,0.0,138.62782439326216,2.53885051700936,400.29205535184553,-3.5898384796879124,16.16981591958104,798.0928498234117,816.023982
09/08/2018,2.022371407082259,32.48336089672919,0.0,0.0,0.0,2.4541880553928634,0.0,71.89805658056447,-17.224357706434663,-22.545350504095097,0.0,0.0,0.0,0.0,0.0,0.0,0.0,12.798922458791283,11.821471520014885,96.603186083127,2.172023766235505,37.88481325888393,37.46999097369253,138.87653081171916,1.3485262578790318,388.5101590812268,-3.5911044439846136,16.16981591958104,809.1526044164056,796.872936
09/15/2018,1.868162910980738,32.488500637064334,0.0,0.0,0.0,2.9972704092987503,0.0,65.50061691758978,-17.202854292383066,-22.52257168327312,0.0,0.0,0.0,0.0,0.0,0.0,0.0,12.130718515296188,15.855608977101623,98.88752055020845,1.993188610988779,59.14233291214276,0.0,138.56720622451374,1.8550459615017965,397.34357631082264,-3.5964957450925557,16.16981591958104,801.477643136342,784.622882
09/22/2018,1.7549715455002366,32.48903386053541,0.0,0.0,0.0,3.268314373100245,0.0,64.87756435955082,-17.176845403877493,-22.576169859807045,0.0,0.0,0.0,0.0,0.0,0.0,0.0,9.67901423635827,12.538690036940292,96.6744528937822,2.03048547444077,64.37518514133359,0.19209050713654435,138.80906648126717,2.128819532714853,379.59117875319197,-3.568677869255648,16.16981591958104,781.2569899824932,756.6844
09/29/2018,1.6727554124962185,32.489089009471485,0.0,0.0,0.0,3.403588180226675,0.0,64.87306083935411,-17.17489125503465,-22.738180373940846,0.0,0.0,0.0,0.0,0.0,0.0,0.0,12.223192884818951,13.835499176188872,96.36652001696339,1.7747637516114663,60.31159609522281,0.8064438779686313,139.16171965896712,6.955828624368437,401.2369166611251,-3.576164035971948,16.16981591958104,807.7915544434169,789.409214
10/06/2018,1.9192591463910647,33.65612444961263,0.0,0.0,0.0,3.172338195156257,0.0,65.83669684285826,-17.125236244440043,-22.912312127698673,0.0,0.0,0.0,0.0,0.0,0.0,0.0,16.356102601907445,11.90233111623135,94.44109433464826,1.8705056197525032,49.95964685119575,9.34289602421365,138.97459498474655,7.613797611581324,420.95974479283257,-3.5801406169956422,16.16981591958104,828.5572595015742,808.57446
10/13/2018,2.1252246210281025,33.85315789878379,0.0,0.0,0.0,2.9735847943891076,0.0,66.13353180641249,-17.13025963440776,-23.089994408302985,0.0,0.0,0.0,0.0,0.0,0.0,0.0,13.997226340306707,5.174011766165045,96.50183894155259,1.9140712974684477,36.722321993139424,48.05015106029886,137.95618418552567,26.935551517485365,437.99775753162345,-3.5908861842748947,16.16981591958104,882.6932894467744,759.15185
10/20/2018,2.2617864220566544,33.86404928675752,0.0,0.0,0.0,2.850388694682851,0.0,60.954922578794935,-17.116333623631558,-23.20871922645717,0.0,0.0,0.0,0.0,0.0,0.0,0.0,10.89076580271408,1.8191036337460713,91.54603370842628,1.9249055705138227,36.98968546675189,8.138360284823317,138.35163219470346,0.0,416.91079980230603,-3.5859147694788422,16.16981591958104,778.7612817462905,740.814148
10/27/2018,2.3541898829172894,33.86407387545514,0.0,0.0,0.0,2.7740263184045757,0.0,54.71011062131068,-17.10973841868276,-23.300711858576474,0.0,0.0,0.0,0.0,0.0,0.0,0.0,11.297832572889254,14.8540114538636,93.36564322229857,1.7326105755723598,37.102019147079616,5.4843549556499855,138.71582299493792,34.267442395775404,443.1842753397603,-3.582602425625852,16.16981591958104,845.8831765726106,813.935922
11/03/2018,2.328769804336287,33.76654105004115,0.0,0.0,0.0,2.678239688941032,0.0,51.86694749382494,-17.104345083535165,-23.256213877740883,0.0,0.0,0.0,0.0,0.0,0.0,0.0,13.373037947867063,13.805500062608742,91.96774516404224,1.819361863853117,40.319729108958185,0.0,138.54061097919254,126.47134489254897,394.38159972413376,-3.592977389874837,16.16981591958104,883.5357073487783,767.189995
11/10/2018,2.1883230150215445,33.619603910850685,0.0,0.0,0.0,2.546137426136703,0.0,46.944758866584515,-17.099925465767665,-23.223294563120934,0.0,0.0,0.0,0.0,0.0,0.0,0.0,18.46532164231768,8.482199729444215,94.26110929350344,1.8514008530586654,51.984303919594396,0.0,138.37456135835737,27.0464601697501,399.40782331239626,-3.5937882448083704,16.16981591958104,797.4248111428997,765.774209
11/17/2018,2.086328775928716,33.60940768048516,0.0,0.0,0.0,2.4598786057509643,0.0,42.792952243818526,-17.080511328242952,-23.169269043341757,0.0,0.0,0.0,0.0,0.0,0.0,0.0,14.106929705916277,5.566314944287238,92.27722038817195,1.8737306574840278,40.08423507438584,0.01441476284791326,139.0521024124863,0.0,432.00732656586814,-3.602055587776108,16.16981591958104,778.2488217776513,851.458829
11/24/2018,2.0129109873829836,33.60877118448411,0.0,0.0,0.0,2.4035541834918046,0.0,41.187844663117914,-17.08792358262497,-23.153295056845547,0.0,0.0,0.0,0.0,0.0,232.79713803640388,0.0,19.773328889442677,7.948297829740659,95.87003594508874,1.700398854628357,52.43001982142552,0.0,139.3430474293406,8.048753138747465,585.7688874838329,-3.6064942358027285,16.16981591958104,1195.2150914914353,1100.905
12/01/2018,2.040781541453015,33.74059470505374,0.0,0.0,0.0,2.3938474359109816,0.0,41.78674851327851,-17.03545810552757,-23.15157334674428,0.0,0.0,0.0,0.0,0.0,0.0,0.0,14.616989601119844,8.457459540375469,94.59499099560044,1.9157744740729503,44.248789590135296,2.7570938448323026,138.4418458962985,8.71831857552465,404.9330380430444,-3.5906919501649672,16.16981591958104,771.0383652738444,766.77779
12/08/2018,2.501974914486027,34.327540265204995,0.0,0.0,0.0,2.5445033415668123,0.0,46.52995816517157,-16.998245752571485,-23.164908766322746,0.0,0.0,0.0,0.0,0.0,0.0,0.0,21.38745912545951,6.385743516149817,94.49365613294924,1.801163537914885,55.7604154625337,0.0,138.10570413239125,29.523121031449868,419.63294143466345,-3.586764434996654,16.16981591958104,825.4140780256313,790.377407
12/15/2018,2.7933689154736165,34.347299040071874,0.0,0.0,0.0,2.6358436502576343,0.0,50.06536532948333,-16.996941298912876,-23.140944323424677,0.0,0.0,0.0,0.0,0.0,0.0,0.0,20.081111302694456,8.488223764519871,94.8408642494505,1.8443509936774367,53.723702431745394,0.1348244175287504,138.27232122333888,13.560672534322839,455.60475742468566,-3.6016564294326656,16.16981591958104,848.8229791450611,824.516924
12/22/2018,2.9857819559442107,34.3475976171143,0.0,0.0,0.0,2.6912218599252715,0.0,51.71638989383669,-16.993540962978,-23.177845099771375,244.40067353312105,0.0,0.0,0.0,0.0,0.0,0.0,30.25963040717996,9.694590055610892,93.82798985905735,1.8745882177456332,71.8494404704441,0.08125679176904194,138.4987024686082,0.0,580.977527812691,-3.6087798567011347,16.16981591958104,1235.595040943178,1012.214812
12/29/2018,3.115681810112075,34.34760745259335,0.0,0.0,0.0,2.7247967633762067,0.0,48.44674718819257,-17.004724672085075,-23.1131737927892,0.0,0.0,0.0,0.0,0.0,0.0,0.0,27.576486303440166,10.16061018385904,86.88946182451994,1.7587523248356711,74.71716469338564,0.0,139.1403692982994,46.367828106868046,430.0593173977629,-3.6108579442511157,16.16981591958104,877.7458828577006,936.015565
01/05/2019,3.16389874476175,34.371862446452155,0.0,0.0,0.0,2.46287905801847,0.0,42.60305128587644,-17.00336476211573,-23.036177428196414,0.0,0.0,0.0,0.0,0.0,0.0,0.0,29.10798083348907,24.848103555611278,107.79389330487032,1.781175839423682,80.73080193295617,47.74740713790741,139.182557330053,49.301124814484595,394.4944724841196,-3.6076414853710483,16.16981591958104,930.1118410119219,767.680204
01/12/2019,3.264310625040003,34.18765235435282,0.0,0.0,0.0,2.3018854812404266,2.3569802428200455,45.56214032148475,-17.03537845478917,-22.93782524273143,0.0,0.0,0.0,0.0,0.0,0.0,0.0,34.14645565279279,38.757101770689445,106.13842065625816,1.665075340719395,79.38718460949191,40.92634897094628,138.42281457809543,47.05547047867204,393.31784329088663,-3.589645368946904,16.16981591958104,940.0966512266036,738.562561
01/19/2019,3.398535177141655,33.94813385091323,0.0,0.0,0.0,2.211356070917389,3.7953119777170325,54.42053048819101,-17.089706469483446,-22.839959890251542,0.0,0.0,0.0,0.0,0.0,0.0,0.0,25.96219284535514,39.94328463879387,94.46788723148464,1.6224973999468262,78.04356727248924,34.10529081939541,136.95795790490973,44.80981617763145,392.1412182367355,-3.5722249247373705,16.16981591958104,918.4955047267309,799.705112
01/26/2019,3.553630815359512,33.644191203394364,0.0,0.0,0.0,2.169437777310581,17.698246665618758,57.823715813315445,-17.149750923267845,-22.6869926020608,0.0,0.0,0.0,0.0,0.0,0.0,0.0,23.151300269578016,58.195176320945706,96.65651252780357,1.647943128644244,76.69994994902498,27.284232652434273,138.60036530111128,42.5641618418189,390.9645931825843,-3.5615332791662473,16.16981591958104,943.4249965640302,873.519527
02/02/2019,3.7208328068077994,33.2570881754829,0.0,0.0,332.1117545799858,2.160590289855115,8.861505331301794,59.42489132890313,-17.15531037972878,-22.65662515871358,0.0,0.0,0.0,0.0,0.0,0.0,0.0,28.645309745416895,40.9684504728946,101.74638945001567,1.5584938527109005,75.35633261202231,20.46317448547314,138.62288150384177,40.318507540778306,389.7879639893513,-3.585663098603199,16.16981591958104,1249.776383447377,982.499787
02/09/2019,3.89436270189233,32.761300293989024,0.0,0.0,122.17708609337407,2.173861644410145,5.938233452556803,60.430750672604574,-17.163700702876767,-22.576815057615697,0.0,0.0,0.0,0.0,0.0,0.0,0.0,19.53525136720104,35.94508800834018,105.11092404917652,1.6236298695377347,74.01271528855806,13.642116318512004,138.73832796063647,38.072853204965746,388.61133893520014,-3.5797118162078116,16.16981591958104,1015.5174282038357,881.100801
02/16/2019,4.0704889185560775,32.12179252875368,0.0,0.0,44.94643976452625,2.2016055510110903,5.602178592605065,61.23928392674548,-17.14198075385633,-22.489176818658052,0.0,0.0,0.0,0.0,0.0,0.0,30.092932852158835,15.407174836909531,27.048522798679976,97.29475993036556,1.7023882946379192,72.66909795155539,6.8210581669611345,139.02897941003158,35.82719890392516,387.4347097419672,-3.598060453046391,16.16981591958104,936.4492100634101,894.917765
02/23/2019,4.246848430611229,31.289490054548395,0.0,0.0,16.534871990672062,2.238535576067972,4.518677675157783,61.98155866693333,-17.151304017230167,-22.415589744975147,0.0,0.0,0.0,0.0,0.0,0.0,0.0,19.365772453062927,21.617772855954595,102.31258920264233,1.8314029684128368,71.32548062809113,0.0,138.33937821138338,33.581544568112605,386.258084687816,-3.598149525330384,16.16981591958104,868.4467806015119,770.149478
03/02/2019,4.360803851500146,32.26791332318342,0.0,0.0,6.082840053427787,2.469640821306799,3.937359266788125,62.7006724461095,-17.135898261845522,-22.492224723925556,0.0,0.0,0.0,0.0,0.0,0.0,0.0,16.241411895325378,24.72979228152093,99.82050613020385,1.7428437604140066,77.44654928635963,0.0,135.51629165637038,0.0,400.4176971791052,-3.583967826190769,16.16981591958104,840.6920470592344,821.635604
03/09/2019,4.422968662426569,33.992392804080815,0.0,0.0,2.237749876191716,3.0333668355710284,3.9899037239431845,63.4107905383045,-17.106852113740512,-22.448879287083653,0.0,0.0,0.0,0.0,0.0,0.0,0.0,22.68107562690568,17.63544016352972,100.8014833505587,1.7122557872771158,65.3710590807116,0.0,138.277463570076,0.0,399.14288068802165,-3.5984662066525215,16.16981591958104,829.7244490197027,780.749771
03/16/2019,4.466139534566629,33.990062146814296,0.0,0.0,0.8232219067282359,3.310575739093423,3.9161536048680494,61.72438874134701,-17.087236545998387,-22.432379391781485,0.0,0.0,0.0,0.0,0.0,0.0,0.0,20.80224453574676,15.981944227172969,96.04435802799193,1.7664532285892407,57.27580999657511,0.0,138.25292189234008,1.1576281825926646,387.09877358699936,-3.5950394965959984,16.16981591958104,799.665835836631,778.851119
03/23/2019,4.496194302629858,33.98995114640793,0.0,0.0,0.30284600853459875,3.4468915940493403,2.3845294870989617,55.11003456819145,-17.089074788572425,-22.496146059346266,0.0,0.0,0.0,0.0,0.0,0.0,0.0,35.12282286103211,15.690563006455694,96.33273398100276,1.6711038990611742,58.8667137104391,0.0,138.0070654661064,5.755295316986001,384.6454694549662,-3.590884299914127,16.16981591958104,808.8159255747098,764.71416
03/30/2019,4.517153178967107,33.989945877401304,0.0,0.0,0.11141075810230901,3.5139240990147314,0.8772195286937595,53.02149490896237,-17.062426063209116,-22.69907937366887,0.0,0.0,0.0,0.0,0.0,0.0,0.0,20.87949391346439,14.863304157489146,95.78926540299514,1.7846585601825902,55.1550044281259,0.0,137.8538864607185,11.44659631379768,424.76943430047584,-3.5959485194780005,16.16981591958104,831.3851538516159,764.363091
04/06/2019,3.887694968841014,30.53743314626735,0.0,0.0,0.040987387384420176,2.9260285561727417,0.3227108612634871,49.992972188438785,-17.070523876242554,-22.7201649575871,0.0,0.0,0.0,0.0,0.0,0.0,0.0,25.728957577803165,9.629976952705377,86.93592861115586,1.773392693754998,53.18604577058321,0.0,138.3633468004909,0.0,383.97763688884226,-3.5969525213902482,16.16981591958104,760.0852869680647,760.794584
04/13/2019,3.278076282978402,29.056769219350812,0.0,0.0,0.015077990038065033,2.3533548271779137,0.11871870359028504,46.49663590018662,-17.04269493999159,-22.85760832034832,0.0,0.0,0.0,0.0,0.0,0.0,0.0,32.94673718001972,7.763509101053375,94.58717951218567,1.7538810466547778,44.42461981083772,0.6338473573647042,138.03187683260867,20.011615737315953,418.97216600296474,-3.588094068944687,16.16981591958104,813.1254840946239,768.135922
04/20/2019,2.801963895174431,28.730115748183184,0.0,0.0,0.005546771022347985,1.9198761555714516,0.043674292207359244,46.87029183556703,-17.03084989245439,-22.95258447986765,0.0,0.0,0.0,0.0,0.0,0.0,0.0,20.84134528897113,10.642184331932757,89.18612467655898,1.8031374297070095,35.76972496490654,0.0,138.51688539090054,152.33689009627847,400.19123973706826,-3.6022492783204294,16.16981591958104,902.2431328829881,866.49945
04/27/2019,2.4337720150931794,28.654284556014535,0.0,0.0,0.002041155814146959,1.591759544032928,0.01606692102839256,43.52130770057485,-17.022418431041288,-22.97426413481621,0.0,0.0,0.0,0.0,0.0,0.0,0.0,16.52786662500023,17.274462936295315,107.74136662500571,1.895851347609514,32.24448303934242,0.0,138.23510838747245,4.630025922892697,387.74807548401964,-3.595829007520064,16.16981591958104,755.0937766063995,738.031944
05/04/2019,2.1233770070732016,31.00821151215283,0.0,0.0,0.0007514529110301305,1.782957653897705,0.0059105369534644256,48.4662788417516,-17.00638222768128,-22.80343282206732,0.0,0.0,0.0,0.0,0.0,0.0,0.0,17.09202556791637,16.026427174283068,94.74462067703871,1.8022034248897127,56.72990979189911,0.0,138.54179929531915,0.0,368.19386940471645,-3.6009911051307504,16.16981591958104,749.2773521055041,738.804429
05/11/2019,1.863143594301837,31.75074802798558,0.0,0.0,0.0002761152556808386,1.840614788019108,0.002174268989109762,53.566114310634134,-16.982131783987644,-22.80551332190566,0.0,0.0,0.0,0.0,0.0,0.0,0.0,13.851296743451455,37.72231394487222,95.94823065786802,1.888105512047673,63.085038766135725,0.0,138.28376614035994,25.98639168293721,382.1158820458322,-3.599013251078541,16.16981591958104,820.6872541612992,818.137502
05/18/2019,1.6655546572067819,31.84391600830631,0.0,0.0,0.00010135876474359897,1.8797943750340873,0.0007998907301388506,56.283682207222014,-16.990838509892342,-22.705536088041562,0.0,0.0,0.0,0.0,0.0,0.0,0.0,14.841184179672585,32.51255020847923,99.69500493859377,1.9727621688070065,72.66614426107756,0.780238720578342,138.5338224072776,1.1315561649515504,372.4643049391506,-3.5938631481488965,16.16981591958104,799.1509946593505,736.767305
05/25/2019,1.5174049981661621,31.855606177685324,0.0,0.0,3.844642800619272e-05,1.9064179667162497,0.0002941866996998356,56.40035365608302,-16.980427258185927,-22.689998482278693,0.0,0.0,0.0,0.0,0.0,0.0,0.0,17.882918099334884,26.959334150751193,94.81931934530213,1.8280566976336787,65.53555629061519,0.0,138.20953711668588,108.66008156963805,390.6289674587495,-3.601091701005593,16.16981591958104,909.1021846386,817.266704
06/01/2019,1.3860082126668924,32.210564752475584,0.0,0.0,1.398051927497917e-05,2.012268974022991,0.00010818061953835889,50.926082650844855,-16.986461196262162,-22.69007313864636,0.0,0.0,0.0,0.0,0.0,0.0,0.0,11.159855517911966,27.007603910907243,97.46140489396998,1.8379470981581536,63.25934591466653,0.0,138.37265808607418,0.0,365.54142990943876,-3.5960577761648347,16.16981591958104,764.0725158907837,764.933557
