Period,TAS_SPD__APL_0.70|0.6|0,DEP_ALL__PVAL_3|3,LTV_30B_17__PVAL_3|5,LTV_30B_18__PVAL_4|5,LTV_30B_19__PVAL_3|5,MAS_SPD__PVAL_5|3,SUP_VID__PVAL_5|5,IRI_pctTD__PVAL_4|3#LAG_2,IRI_BAS_PRC_1500ML__RA_5,IRI_BAS_PRC_750ML__RA_5,HOL_CHR_NEW,HOL_LAB,HOL_MEM,HOL_MOT,HOL_NWY,HOL_THK,HOL_VAT,IRI_BAV_1500ML,IRI_BAV_750ML,IRI_TRD_DESEA,IRI_WBR,IRI_pctAT,IRI_pctFD,IRI_pctTA,IRI_pctTF,SEA_IRI_CORE_1,WBR_TRD,Intercept,Predicted,IRI_EVO
06/11/2016,3.044128218715329,45.18413445716003,0.0,0.0,0.0,7.053269060034368,0.0,0.0,-69.11204304417699,-77.98293527368114,0.0,0.0,0.0,0.0,0.0,0.0,0.0,49.789180956544605,27.582268720679284,221.8336220232954,4.610056458630333,107.02251982581548,4.994356786906812,351.91897836937494,20.664157787349424,925.727466272868,-9.116562602690205,-27.371752367830446,1585.8408456489951,1795.904755
06/18/2016,4.185354934905279,66.25777131413223,0.0,0.0,0.0,7.399029768933487,0.0,0.0,-69.3474714674905,-77.90768355980441,0.0,0.0,0.0,0.0,0.0,0.0,0.0,68.91176655838149,24.344906773026242,220.08246382563613,4.541242023823125,136.8319626559334,19.45505345900334,351.80057698126535,42.50645202804727,955.6160653016163,-9.122376150480992,-27.371752367830446,1718.1833620790976,1831.221966
06/25/2016,4.8722482677322105,76.08640217879497,0.0,0.0,0.0,7.4159794217661155,0.0,74.56919700626634,-69.6023369166763,-77.83281135418451,0.0,0.0,0.0,0.0,0.0,0.0,0.0,65.49454885267697,17.120701397429784,220.37004598954056,4.468745079478784,137.6836879975855,13.142128467234237,352.69323560397976,41.6524436608089,943.0480992121177,-9.128793909829891,-27.371752367830446,1774.6817685868905,1813.85966
07/02/2016,5.541029429986237,79.36044226915601,0.0,0.0,0.0,7.340013351393121,0.0,109.68143114485054,-69.67475157085477,-77.5169403641286,0.0,0.0,0.0,0.0,0.0,0.0,0.0,24.72805283266519,17.042772643090636,226.4287346492643,5.217973637697951,149.58763692092603,9.592534822112079,352.9983660131984,31.01294515084322,1007.719894825235,-9.144199676586057,-27.371752367830446,1842.5441837110188,1749.847425
07/09/2016,6.490037873109887,77.60325108441907,0.0,0.0,0.0,6.802096736954155,0.0,135.18616653827002,-69.83889360580334,-77.34544608573025,0.0,0.0,0.0,0.0,0.0,0.0,0.0,37.960331586147355,47.58702719291564,218.03119343639145,5.239928570091303,131.07154432573458,16.481870180236413,351.18047522391885,18.8970325587717,918.6126267549926,-9.116074582084531,-27.371752367830446,1787.4714154205044,1642.23265
07/16/2016,7.102349977950695,76.6600271499702,0.0,0.0,0.0,6.634362669031525,0.0,157.5414931694127,-69.84677367241582,-77.12646528490404,0.0,0.0,0.0,0.0,0.0,0.0,0.0,29.196122061073666,71.48763466725991,221.66308684247844,4.765700193827974,174.1859681529603,4.991309867915056,352.3051838352077,49.680981740819604,942.5471409429214,-9.128775583474702,-27.371752367830446,1915.2875943622041,1754.112184
07/23/2016,7.510750592569824,76.15372487032909,0.0,0.0,0.0,6.582059558385947,0.0,160.60950014769853,-69.81462104080288,-76.97468743393237,0.0,0.0,0.0,0.0,0.0,0.0,0.0,26.607712491109744,56.13454960515409,223.09149535286622,4.789564083971636,144.20731269879485,1.3302173047491217,352.085174482404,58.093834912144615,974.8948332995454,-9.13603170380308,-27.371752367830446,1908.7936368533544,1820.062798
07/30/2016,7.788019422958175,75.88195151799032,0.0,0.0,0.0,6.565750307565461,0.0,164.20622652215405,-69.7633259742335,-77.2110301120567,0.0,0.0,0.0,0.0,0.0,0.0,0.0,51.43403376652925,43.01919817182064,225.51072392917746,4.584173583383041,140.6786188581773,29.415072136686437,352.3507716511449,88.67428696784472,968.3631230081496,-9.129886700156781,-27.371752367830446,1974.9959546893042,1876.705448
08/06/2016,6.81244124699207,79.61024968976531,0.0,0.0,0.0,6.633462959904687,0.0,167.24675328234375,-69.88227274749747,-77.64668608791118,0.0,0.0,0.0,0.0,0.0,0.0,0.0,56.473395531523735,29.631926945869903,223.10493531029582,4.940235333765659,133.6734406756106,15.728380372935431,351.29199985479124,42.35610284697588,924.3036978200706,-9.124754762540945,-27.371752367830446,1857.7815559050648,1843.743408
08/13/2016,5.845767396477681,81.97356587276278,0.0,0.0,0.0,6.66432178615311,0.0,165.59629007178484,-69.90398648674879,-77.85855475878756,0.0,0.0,0.0,0.0,0.0,0.0,0.0,34.232931133768844,55.51715864534766,226.19466943909285,4.78518553190086,101.37851931271476,19.177756491866198,351.4324198478773,54.937225624930974,934.9324168091035,-9.13190892507599,-27.371752367830446,1858.4020254253385,1862.567431
08/20/2016,5.1002888359697485,83.08817498799381,0.0,0.0,0.0,6.6731040552138285,0.0,159.79607257500365,-70.1727429990801,-78.37865916636436,0.0,0.0,0.0,0.0,0.0,0.0,0.0,36.41685129275298,20.18537998619264,220.99417954653302,4.94764103508536,103.90526716894297,1.6527669651218375,351.61214950569456,15.040983464252717,882.1816330213996,-9.11634631448811,-27.371752367830446,1706.554991592394,1711.934091
08/27/2016,4.532048754923306,83.6138581107372,0.0,0.0,0.0,6.675603414500752,0.0,155.79405299063018,-70.16604637398095,-78.7961103098224,0.0,0.0,0.0,0.0,0.0,0.0,0.0,29.53924474917798,91.10649055571446,218.92957887889088,5.096441009430627,123.73219837661269,19.094027048617185,351.78486176991794,30.176247055857733,890.6580212224386,-9.126665633921268,-27.371752367830446,1825.2720992518946,1854.013164
09/03/2016,4.088221999848944,83.66537402723621,0.0,0.0,0.0,6.910703739598074,0.0,155.16564664387002,-69.97595492757716,-78.97114856666217,0.0,0.0,0.0,0.0,0.0,0.0,0.0,86.04727520981878,12.209832031749634,223.86105764086906,4.971664115061277,114.3629498676666,27.533953014395525,351.8249864043059,116.39582246721756,967.6221876009887,-9.125435907579975,-27.371752367830446,1969.2153829929766,1818.175415
09/10/2016,3.7347114414363847,83.42609281718082,0.0,0.0,0.0,7.157542660675352,0.0,151.09176399369156,-69.73527271237114,-78.88502911330657,0.0,40.96417353737677,0.0,0.0,0.0,0.0,0.0,82.86182154335339,40.61496269007679,232.4576171233419,5.180961954314124,136.74225525499946,2.9357590759152856,350.97481077949976,8.156225004263531,1005.0347922755129,-9.100229633994132,-27.371752367830446,1966.2412063241359,1696.782233
09/17/2016,3.4733820839092457,83.31143540696216,0.0,0.0,0.0,7.190659152409453,0.0,149.12133660173924,-69.62995677865636,-78.94154088492014,0.0,0.0,0.0,0.0,0.0,0.0,0.0,128.25263198202992,61.84603318441526,198.8798355263237,4.711340612775107,131.5279600888307,38.77331269447055,352.70661769423,189.82349886955564,1000.1543085694626,-9.131597190983422,-27.371752367830446,2164.697505244723,1999.154471
09/24/2016,3.282378255902282,83.25649523363235,0.0,0.0,0.0,7.195102148362751,0.0,149.80777539761678,-69.29996403390977,-78.64281902915808,0.0,0.0,0.0,0.0,0.0,0.0,0.0,82.40664587407848,59.902789915954116,227.78026147197178,4.619768381509965,161.52958762061752,1.8188083303123475,351.9251086721034,11.202062072708948,909.4245940753689,-9.11297110220921,-27.371752367830446,1869.7238709170322,1819.638904
10/01/2016,3.409400912199108,83.60002591538118,0.0,0.0,0.0,7.178227239206435,0.0,156.68914206489035,-69.21225865590644,-78.6706427296588,0.0,0.0,0.0,0.0,0.0,0.0,0.0,77.29825930931058,93.42089005052001,230.81869029371913,4.368235531757317,130.86548272816788,7.475261024211114,352.8547690808748,69.63609116739832,978.5244171504877,-9.133255307505639,-27.371752367830446,2011.750983407223,2066.455261
10/08/2016,4.85203163486849,85.8741661151424,0.0,0.0,0.0,7.049020638505305,0.0,160.73939828603076,-69.13519714253363,-78.30327576820395,0.0,0.0,0.0,0.0,0.0,0.0,0.0,75.45082483845255,73.2781444139049,237.7584753031206,4.282714184021232,140.80189496143797,20.15510394326093,350.47897386451956,45.93785174453772,996.5938867509412,-9.100180422613956,-27.371752367830446,2019.3420809775619,2092.795303
10/15/2016,5.708626821783142,86.87149105471747,0.0,0.0,0.0,7.02418240409317,0.0,162.69004516777355,-68.97964998419418,-78.21513046950687,0.0,0.0,0.0,0.0,0.0,0.0,0.0,63.14245732501415,84.00469988719004,239.170718235919,4.67863911019216,81.16150049428337,20.124293017251873,352.04310257538464,47.58520476514074,934.607756573718,-9.140537289391084,-27.371752367830446,1905.1056473215388,1771.971731
10/22/2016,6.260148694315524,87.3088677752356,0.0,0.0,0.0,7.019407540195403,0.0,157.65288052789896,-68.55724233942261,-78.14740894398555,0.0,0.0,0.0,0.0,0.0,0.0,0.0,66.54754463691235,70.0653945451171,213.6278381356718,4.530902544056692,92.0888523714407,0.024982275232542914,352.18446735630295,1.980153147402266,977.140759549349,-9.133045438179218,-27.371752367830446,1853.2227500097133,1846.733911
10/29/2016,6.627617995239699,87.50067909857366,0.0,0.0,0.0,7.018489615590554,0.0,156.74870133853585,-68.17674298853322,-78.14361334993535,0.0,0.0,0.0,0.0,0.0,0.0,0.0,95.65473089827798,71.77037921678553,229.62496038364588,4.003971157055737,81.69950568693733,21.15447560228024,352.5258314607072,101.63094122631081,1028.8288246682741,-9.12029169037589,-27.371752367830446,2061.9767079515395,2091.205036
11/05/2016,6.12486628266565,85.58081994476954,0.0,0.0,0.0,7.287389437576911,0.0,155.3315956802526,-67.57959008858884,-78.0174291506382,0.0,0.0,0.0,0.0,0.0,0.0,0.0,98.53647544574044,25.93125590713974,227.64450662402035,4.417537132274025,124.01723333020283,22.05875987731366,351.5442257514632,58.143206378103365,1014.0002347455938,-9.11611002544152,-27.371752367830446,1998.5332249046173,1935.811306
11/12/2016,5.423268692030211,83.79732844005153,0.0,0.0,0.0,7.3677190181809635,0.0,151.35871693240531,-67.06275306354162,-78.09246732093072,0.0,0.0,0.0,0.0,0.0,0.0,0.0,108.98605411297345,62.10413716887324,223.69535336175187,4.2554523639836965,174.50915757201818,16.874024647724532,352.22717753601825,72.67863184610808,1049.8389992595944,-9.133868728754939,-27.371752367830446,2131.4551794706563,2023.007953
11/19/2016,4.893843132381126,82.92621777749908,0.0,0.0,0.0,7.373102595180773,0.0,146.86127689298812,-66.58039501676718,-78.10837378834466,0.0,0.0,0.0,0.0,0.0,0.0,0.0,156.53662603071345,33.19002454163647,227.10322103750048,4.583085737721933,167.82333122204062,17.301577506513915,353.22985706240644,48.05966174684689,1147.8951776245717,-9.15168892303678,-27.371752367830446,2216.5647928120216,2189.767311
11/26/2016,4.499338074913287,82.500740349468,0.0,0.0,0.0,7.373463367024237,0.0,152.0035956695641,-66.21020275022335,-78.04883410102495,0.0,0.0,0.0,0.0,0.0,15.777962351923998,0.0,113.02604705355651,33.7837909442605,223.17635175380357,4.1417610007827514,178.48705007014482,15.61668598184732,352.4284137382311,48.86643200394517,1148.0968472313914,-9.117812795011913,-27.371752367830446,2199.0298775767656,2252.448283
12/03/2016,4.306579375710791,84.8358830088299,0.0,0.0,0.0,7.405590728193983,0.0,152.24974496822992,-65.89145866362622,-77.88092844451972,0.0,0.0,0.0,0.0,0.0,0.0,0.0,89.83896266506316,62.47347027826467,224.52843071315948,4.696775692452496,154.648708558394,18.455691368594593,350.6445064624297,51.93090128145028,1039.3554527838282,-9.112578713548377,-27.371752367830446,2065.113979695076,1927.551537
12/10/2016,4.298902369942382,88.82804157102379,0.0,0.0,0.0,7.439452850197509,0.0,153.31207379651497,-65.52671194803042,-77.66066108946518,0.0,0.0,0.0,0.0,0.0,0.0,0.0,91.67608425903198,86.03442726610822,220.91869321987343,3.8016667229144674,146.08450578327808,33.85536946456605,351.6197618992591,137.5920040342516,1179.9789910285604,-9.127737865240562,-27.371752367830446,2325.753110994955,2268.351981
12/17/2016,4.293523023524239,90.41777983833259,0.0,0.0,0.0,7.440765794755311,0.0,155.9809106034544,-65.26340201302105,-77.58505615304016,0.0,0.0,0.0,0.0,0.0,0.0,0.0,138.50542870529358,72.85069945163721,216.66434276387187,3.8557153653400857,161.536657126725,26.563818928420034,353.01047155805685,128.19467984223235,1160.291922079625,-9.1231538577367,-27.371752367830446,2340.26335068964,2399.518354
12/24/2016,4.289754806130999,91.05083819352781,0.0,0.0,0.0,7.440816752931406,0.0,159.32180992033656,-65.40690319355718,-77.07780841465237,167.79640612852972,0.0,0.0,0.0,0.0,0.0,0.0,56.40624951328263,66.26345505688931,231.58672862043258,4.122687485070645,160.37955864112604,0.0,353.9879988129562,0.778691778375597,1255.9379886375023,-9.163243550442251,-27.371752367830446,2380.34327682061,2407.771963
12/31/2016,4.287115740454543,91.30293108029163,0.0,0.0,0.0,7.440818709966234,0.0,155.99050703665685,-65.73655188697005,-76.61780313299734,0.0,0.0,0.0,0.0,0.0,0.0,0.0,37.09933910589702,59.53642886701208,227.13956894670918,4.171410351316567,153.4174744169553,0.1289124223219208,354.27136304142834,11.306025133602702,1095.806973404133,-9.139299748766362,-27.371752367830446,2023.0334611201813,1904.798948
01/07/2017,5.4755754114621515,86.06427657406778,0.0,0.0,0.0,6.272701353238095,0.0,160.82704378544594,-66.01882543019143,-76.14889138820763,0.0,0.0,0.0,0.0,0.0,0.0,0.0,44.86246439733415,84.75054462897526,209.7169986670195,3.635467074091051,96.50813856838975,37.54218381986653,350.2650371174775,145.0700247429325,1126.9558016050983,-9.079669975206777,-27.371752367830446,2179.3271185839617,2296.962548
01/14/2017,6.284842641323656,83.49647481185718,0.0,0.0,0.0,5.574013048088422,0.0,170.49258284995759,-66.72133608588584,-75.60604910885264,0.0,0.0,0.0,0.0,0.0,0.0,0.0,6.738495024031703,79.55790874005156,235.75288858257753,4.25086172110958,93.81560631506056,35.32832368779627,351.59423459748575,131.0939316657385,1134.381531494783,-9.120781757579607,-27.371752367830446,2159.5417758597123,2068.658903
01/21/2017,6.879552651670989,82.26332333186491,0.0,0.0,0.0,5.122636589009241,0.00020018747457141705,164.2794799951754,-67.02763973218174,-74.9356111410223,0.0,0.0,0.0,0.0,0.0,0.0,0.0,42.50228594046712,73.5603382301843,220.58474707794883,3.715939493409208,91.12307408717955,33.11446355572602,351.6191668992884,117.11783855473531,1141.8072613844677,-9.104835688940527,-27.371752367830446,2155.2504690486267,2184.228708
01/28/2017,7.340790359994367,81.69602422462448,0.0,0.0,0.0,4.80167256516745,8.770183232852595,160.0771971736845,-67.25700154030105,-74.60863294912723,0.0,0.0,0.0,0.0,0.0,0.0,0.0,91.27132936805309,52.610673433859105,225.43325343827175,3.580223555326969,88.43054183385037,30.900603423655767,350.9328578724745,103.14174547754129,1149.2329912741525,-9.102167948393644,-27.371752367830446,2179.880532427856,2296.705206
02/04/2017,7.7149633089504555,81.46032496743815,225.62762502446986,0.0,0.0,4.548247544459197,18.42457355349061,157.0309644970882,-67.35701060238698,-74.31799392651214,0.0,0.0,0.0,0.0,0.0,0.0,0.0,98.236054194419,77.25196015195513,225.46407420841547,3.525560127017453,85.73800958052118,28.686743277916072,351.7594174075344,89.16565236653813,1156.658721163837,-9.103665593023987,-27.371752367830446,2433.1424688842967,2456.292977
02/11/2017,8.030677740470201,81.38942144943525,76.11768768455809,0.0,0.0,4.327669772655071,28.897073578172893,154.64762288962666,-67.580164242146,-74.25921364487695,0.0,0.0,0.0,0.0,0.0,0.0,0.0,12.438738614548857,74.50957445703648,232.67127818513788,4.172975808957303,83.045477327192,26.47288314584582,352.1181266625997,75.18955928934409,1164.084451053522,-9.12481802102586,-27.371752367830446,2199.777269383223,2195.191291
02/18/2017,8.306320592397876,81.40019659444957,25.451873495275187,0.0,0.0,4.120155358868238,12.523301880713804,152.6410501568697,-67.45120098880007,-74.37460073363806,0.0,0.0,0.0,0.0,0.0,0.0,178.49597779462195,13.284619156387258,82.44673250605811,228.57810299114135,3.6832260171940594,80.352945099311,24.259023013775565,351.2320202516839,61.213466178340944,1171.5101809432065,-9.103402977284409,-27.371752367830446,2301.1982349627415,2304.59377
02/25/2017,8.55401745393521,81.45129349004691,8.418774525690944,0.0,0.0,3.913890361277871,5.414546179360617,150.8442610155472,-67.72289327619855,-74.49522627279505,0.0,0.0,0.0,0.0,0.0,0.0,0.0,13.16615381216079,73.63700409621748,221.58536791680586,3.977469692074143,77.66041284598181,22.045162881705313,351.4690249672871,47.2373731011469,1178.935910832891,-9.103410419459104,-27.371752367830446,2069.617380835846,2127.767491
03/04/2017,8.456618801128743,86.28436054426545,4.3934679950897415,0.0,0.0,3.8046764520255953,2.851037078777724,149.15913206733458,-67.71569874091678,-74.61322757756979,0.0,0.0,0.0,0.0,0.0,0.0,0.0,52.1194418596637,65.97546904612388,223.78770043436958,4.278146560324304,119.79021835875551,8.86605993631584,351.56991171989546,84.59629110719591,1130.445320613593,-9.123544478881044,-27.371752367830446,2117.553629409661,2093.445949
03/11/2017,8.182099721099632,91.17488865562544,1.9947088685534464,0.0,0.0,3.7531300364232787,1.727457755571672,147.52755740763885,-67.74136879500553,-74.72676672764642,0.0,0.0,0.0,0.0,0.0,0.0,0.0,22.162780865702235,65.37378347923531,225.24420142225028,4.014967546101009,139.68853172852548,0.0634576583016163,351.57895211338973,2.057687614897436,1082.829267876744,-9.114082963108759,-27.371752367830446,1968.4195018964683,2067.641246
03/18/2017,7.98622800095716,92.97401234333621,0.7338123838631544,0.0,0.0,3.7199347364020694,1.3652485484558785,145.0270726804974,-67.69636578935749,-74.70084454909143,0.0,0.0,0.0,0.0,0.0,0.0,0.0,22.11546416124219,70.402139438974,224.39705810911238,3.8712933778203715,128.00516513775855,22.05443896617281,351.02540741337214,36.99558823892877,1131.5421355910453,-9.120832085285986,-27.371752367830446,2063.3252043363727,2127.52547
03/25/2017,7.847191472788432,93.63587387991977,0.26995448970027575,0.0,0.0,3.6985574428124846,1.8163771571800134,145.81940541465184,-67.78600028571519,-75.23854222381209,0.0,0.0,0.0,0.0,0.0,0.0,0.0,21.84467456213118,63.364642129244544,225.96813605696371,4.275756229226825,141.29030927377647,0.15704960515113195,351.529581540063,0.4552094465624729,1074.176925627888,-9.12591936985365,-27.371752367830446,1956.627430080849,2010.444578
04/01/2017,7.584908379111245,92.52093135020785,0.09830036552647921,0.0,0.0,3.7510887738272207,0.9594314059519135,142.72348010882624,-67.5564570579069,-75.77315954483946,0.0,0.0,0.0,0.0,0.0,0.0,0.0,43.098370224664045,63.49745430018906,220.17788394224849,3.8998777548141934,132.64803400842618,24.794596504983396,350.90026629832164,77.91426906823092,1094.4910601961676,-9.118913399622233,-27.371752367830446,2079.2396703112972,2138.163706
04/08/2017,6.3387216744595545,81.36756252573174,0.020835772813339315,0.0,0.0,4.1554832999578535,0.3529550567791944,144.4637295212315,-67.5175777878613,-76.41342752358089,0.0,0.0,0.0,0.0,0.0,0.0,0.0,16.957698316636414,-2.2088960965525652,219.3740443910931,4.810787343778975,131.14396731864764,7.035789777494801,351.1914628900445,41.91715558977597,1026.4277503113788,-9.134365679970248,-27.371752367830446,1852.911924334028,1833.535922
04/15/2017,5.359008358482056,74.6743805882045,0.007665052458942988,0.0,0.0,4.386034798680031,0.12984482483725612,146.085487381298,-67.4931977777199,-77.3663939274408,0.0,0.0,0.0,0.0,0.0,0.0,0.0,58.89924965586747,11.287458293751543,226.87262162060662,4.453657636252054,114.26295122026089,18.393663534099787,352.6976205734609,50.19337594224247,1136.6718215139888,-9.147067797686624,-27.371752367830446,2022.9964291238136,2081.846558
04/22/2017,4.595340197400207,70.65777350807882,0.0028198152151530397,0.0,0.0,4.517475806260617,0.04776731449692813,149.97249143137356,-67.8434870014271,-78.3529203873344,0.0,0.0,0.0,0.0,0.0,0.0,0.0,24.87909053063088,-7.892254298653684,226.60013411368288,4.898812736171403,51.2263716176781,9.578751922069962,351.32090242912574,42.678794045252445,1015.448405356326,-9.13348508464937,-27.371752367830446,1765.8310316838674,1721.958518
04/29/2017,4.0061205000851166,68.24739181606213,0.0010373520455532995,0.0,0.0,4.592412325773001,0.017572585671088388,149.5734681709783,-68.21407019758185,-78.60144907102753,0.0,0.0,0.0,0.0,0.0,0.0,0.0,8.733230051329242,-3.023914833142298,216.97648747220674,5.066883258490312,80.8069996270087,4.497762302080808,350.7370307609044,46.87166993341699,971.8428227800896,-9.12734231365548,-27.371752367830446,1725.6323601529045,1684.566722
05/06/2017,3.684005610301641,70.86417284135626,0.0008377768014425574,0.0,0.0,5.142781176468968,0.00646444101353926,148.50895666570457,-68.73856449047868,-78.89778585455016,0.0,0.0,0.0,0.0,0.0,0.0,0.0,30.292064340552663,18.357724231630662,225.99910766250164,5.447192868957272,43.76772966160658,16.252674618393534,350.72027700415356,91.70218153339052,955.1877297724164,-9.128705906114114,-27.371752367830446,1781.7970915862759,1636.226208
05/13/2017,3.4687614804365046,72.91464148604938,0.0003421849465063888,0.0,0.0,5.4687689087139475,0.002378033468094333,142.38155011682485,-69.20884762650988,-79.29844938116052,0.0,0.0,0.0,0.0,0.0,0.0,0.0,9.108189917790574,34.952817213355665,227.13148754760985,5.09366678355446,64.9543854473141,0.11729339521114082,351.83742010066345,37.49781603631561,960.2975791697088,-9.123054039568594,-27.371752367830446,1730.2249944068935,1642.539559
05/20/2017,3.3126410693602444,74.01884829475657,0.00012588280692895292,0.0,0.0,5.6171445150131,0.0008750129936911939,140.90936334549656,-69.84198333695484,-79.09802084219353,0.0,0.0,0.0,26.233845464895047,0.0,0.0,0.0,11.374163818043803,58.38566225364912,225.11856056318203,5.26336555645699,65.46728600434884,0.21877534494105907,351.4210174848024,65.83817010234101,931.0597599462511,-9.119641151280296,-27.371752367830446,1778.8082069610793,1651.264329
05/27/2017,3.2003757724841293,74.61347950462843,4.630969665181771e-05,0.0,0.0,5.6846786255595685,0.0003219143744317787,133.24276551451115,-70.091300273685,-79.11724243337298,0.0,0.0,0.0,0.0,0.0,0.0,0.0,56.27879869216259,6.767258203053177,229.6329255828349,5.513102769868664,82.12144170264321,15.218704230527054,351.6100796270086,36.50196486398012,978.827771101884,-9.126080865044548,-27.371752367830446,1793.5073384752839,1634.727003
06/03/2017,3.004112216215914,76.98346623004433,1.983854381654409e-05,0.0,0.0,5.726352703702033,0.0001184980696253388,124.5523269010343,-70.02970622572185,-79.05532790344661,0.0,0.0,0.0,0.0,0.0,0.0,0.0,49.93258099915075,66.22274827367353,225.7062680673278,5.3165408263332115,88.13017070902508,2.676259724423126,350.4962865606368,61.773031852117526,906.257244009758,-9.110846547387936,-27.371752367830446,1781.2098943656692,1648.657702
06/10/2017,2.6963480468253787,80.66443418873587,8.705971562525392e-06,0.0,0.0,5.759533476503174,4.3589208172808546e-05,109.87157326679706,-70.07123306504475,-79.08619937848404,0.0,0.0,0.0,0.0,0.0,0.0,0.0,9.930544847398515,82.16384552552054,217.1697660862545,5.532313684971019,119.08264172262955,4.994356786906812,350.78083357692947,10.78708886639677,925.727466272868,-9.122034554662457,-27.371752367830446,1739.5095792778948,1618.376578
06/17/2017,2.4662048708966497,82.40430809567121,3.2027480028350797e-06,0.0,0.0,5.7744241028851535,1.6144151175114277e-05,119.79735196423651,-70.05163314823325,-78.94075391482295,0.0,0.0,0.0,0.0,0.0,0.0,0.0,131.66292678621872,88.79485422254078,223.49454334726045,5.014845120934817,130.51567196159735,19.45505345900334,350.6915150661758,80.63359112630641,955.6160653016163,-9.112601040072464,-27.371752367830446,2010.8446343012836,1789.26839
06/24/2017,2.296207176787597,83.22669180880132,1.1782251655677432e-06,0.0,0.0,5.781106548846118,5.8118944230411395e-06,120.48917662051991,-69.84273475068572,-78.98298080484356,0.0,0.0,0.0,0.0,0.0,0.0,0.0,64.47283886526196,93.39831948282608,223.53097517268773,4.97656817037257,129.04092667188007,13.142128467234237,346.90999455539855,83.09311710226164,943.0480992121177,-9.12289291648643,-27.371752367830446,1928.0857960052688,1687.833578
07/01/2017,2.2160104497920363,83.36137886867965,4.2166820802685693e-07,0.0,0.0,5.774575246190323,2.260181164515999e-06,119.91818359815443,-69.8772953418891,-78.74516778379505,0.0,0.0,0.0,0.0,0.0,0.0,0.0,137.9662592486021,95.21100099033154,219.94251477024983,5.088461704463106,66.18639830324842,9.592534822112079,348.203419915956,103.85782660974247,1007.719894825235,-9.153679890822266,-27.371752367830446,2019.8905666502694,1950.667383
07/08/2017,2.4153329194547974,81.85751059980497,1.3028470570411686e-07,0.0,0.0,5.713243204825143,6.457660470045711e-07,117.55714884458034,-70.09224673086784,-78.8082390183285,0.0,0.0,0.0,0.0,0.0,0.0,0.0,56.883174120947686,102.72637333596036,226.49891576051468,4.673342706011976,149.78671044658088,16.481870180236413,345.55692134929313,8.695274320225787,918.6126267549926,-9.11562516776009,-27.371752367830446,1852.0705820346927,1725.527771
07/15/2017,2.5485499413630164,81.10197198449309,4.7929071058046134e-08,0.0,0.0,5.684648216249166,3.2288302350228556e-07,114.49981652094203,-70.08169540194693,-78.53666068144081,0.0,0.0,0.0,0.0,0.0,0.0,0.0,58.267836110248055,99.51161993760444,216.20632494271678,4.627946983402533,123.18254554916611,4.991309867915056,346.4576936079717,99.18656850040193,942.5471409429214,-9.131852922711404,-27.371752367830446,1913.6920121022779,1836.553109
07/22/2017,2.6390992265699325,80.72239086199757,1.7632087274421046e-08,0.0,0.0,5.671316292837029,0.0,112.65097368153234,-70.02609265494193,-78.82053221265815,0.0,0.0,0.0,0.0,0.0,0.0,0.0,19.251976469104413,124.46520089250568,219.9650975333194,4.685895451561064,69.62481215874408,1.3302173047491217,347.4881434057198,106.11097830277038,974.8948332995454,-9.13595597967555,-27.371752367830446,1884.1466016834822,1791.48029
07/29/2017,2.701269093426237,80.53169129572925,6.486447843956124e-09,0.0,0.0,5.665100524411946,0.0,108.92658956074972,-69.89592456828987,-79.23090378308463,0.0,0.0,0.0,0.0,0.0,0.0,0.0,38.11169602872735,92.2113564016258,216.42318433488728,4.591538118806228,121.46356892750276,29.415072136686437,347.8896421738298,20.99916226913087,968.3631230081496,-9.143669235584616,-27.371752367830446,1851.6507439253603,1833.230105
08/05/2017,3.3043086436616873,80.7677690234074,8.198158802238171e-10,0.0,0.0,4.90475463268053,0.0,115.02893467540774,-69.64547059295037,-79.7112544922713,0.0,0.0,0.0,0.0,0.0,0.0,0.0,47.651270523563255,8.122014511733289,218.12858585138977,5.4623499056532525,77.96391045861073,15.728380372935431,347.3425234734959,38.756330304613236,924.3036978200706,-9.131934042415589,-27.371752367830446,1701.6044187025748,1646.206471
08/12/2017,3.8786545746585985,81.01646130774614,6.336740301999646e-11,0.0,0.0,3.9503829639017907,0.0,122.59518445652247,-69.56780854280932,-80.12061758769345,0.0,0.0,0.0,0.0,0.0,0.0,0.0,44.484216663191305,7.158117386050895,217.16311842514713,5.5778384051671095,72.84572545700671,19.177756491866198,346.4154558221726,34.94123420380503,934.9324168091035,-9.13510096683019,-27.371752367830446,1707.9412835012397,1651.422424
08/19/2017,4.248851585462449,81.13960501762377,2.3312716487008036e-11,0.0,0.0,3.2332928860771952,0.0,126.1970369738095,-69.40791381590347,-80.30632190457803,0.0,0.0,0.0,0.0,0.0,0.0,0.0,51.691916953374935,4.912872895248269,225.00830854890788,5.327317078974029,90.17560429684563,1.6527669651218375,348.1430364340806,80.249269273167,882.1816330213996,-9.147674148869962,-27.371752367830446,1717.9278496929342,1749.218246
08/26/2017,4.49564043054361,81.20058044361787,8.577461028014908e-12,0.0,0.0,2.694490035943477,0.0,120.54592097540483,-69.24014841100528,-79.62694593965803,0.0,0.0,0.0,0.0,0.0,0.0,0.0,21.329337040746083,8.9497665807915,230.25215661536777,5.599980517065148,103.76890560837323,19.094027048617185,348.40556845145727,0.0,890.6580212224386,-9.137227940358242,-27.371752367830446,1651.6183203115231,1631.064273
09/02/2017,4.4470511900602245,81.36188546835436,1.4604238556206358e-11,0.0,0.0,2.921111507648974,0.0,116.13866589612995,-69.30014898648575,-79.01194285220818,0.0,0.0,0.0,0.0,0.0,0.0,0.0,93.52355957296682,74.37799668819554,221.97622518298124,4.762593327116196,78.81320549848722,27.533953014395525,346.9641287345513,97.07913413825277,967.6221876009887,-9.143442063202027,-27.371752367830446,1932.694411550417,1974.849223
09/09/2017,3.8355030152414042,81.76598494559863,1.626599724724869e-11,0.0,0.0,4.295068507974696,0.0,113.46100656189152,-69.26567993702993,-78.45054871128399,0.0,40.96417353737677,0.0,0.0,0.0,0.0,0.0,44.366751974346165,97.88302576534609,216.01118103682424,4.8392095048533665,121.11565150598044,2.9357590759152856,347.86222890245233,85.35621205909729,1005.0347922755129,-9.12929458213255,-27.371752367830446,1985.5092730701506,2170.88815
09/16/2017,3.3655870695549215,81.96317257744111,5.9504892050497865e-12,0.0,0.0,4.953539897952408,0.0,108.70620214673347,-69.01052131224381,-78.08596769024344,0.0,0.0,0.0,0.0,0.0,0.0,0.0,90.59813335487854,120.31996468387122,235.1596970199223,4.404084991786565,153.21572374211937,38.77331269447055,348.8023432804059,103.53794833070701,1000.1543085694626,-9.117187373255918,-27.371752367830446,2110.368589615738,1873.970708
09/23/2017,3.0088021082946215,82.0593930679865,2.182509418574559e-12,0.0,0.0,5.269113495172492,0.0,115.32866712009871,-68.96403680610315,-78.15649928476942,0.0,0.0,0.0,0.0,0.0,0.0,0.0,64.99383315278233,81.09510967964094,203.11722635419872,4.93236084383067,128.84742884380677,1.8188083303123475,346.4622011835074,79.95274295711016,909.4245940753689,-9.125694709205021,-27.371752367830446,1842.692298044205,1824.558694
09/30/2017,2.741297590954891,82.10634593697841,7.927351839503338e-13,0.0,0.0,5.420352695048267,0.0,122.8568590946339,-68.88686489811492,-78.52356259291827,0.0,0.0,0.0,0.0,0.0,0.0,0.0,48.556536899052844,68.20325149486122,221.36559529560475,4.912173110401818,151.92557196014786,7.475261024211114,347.191552147596,4.642926062176651,978.5244171504877,-9.12800076006169,-27.371752367830446,1862.011959843231,1800.461202
10/07/2017,3.1209874057600424,84.80107836678545,4.5275461342770113e-13,0.0,0.0,5.743200364911901,0.0,124.63298888344977,-68.68896098532457,-78.60782589052566,0.0,0.0,0.0,0.0,0.0,0.0,0.0,78.01385043619212,14.959965973718468,213.01954657105384,4.972696791819873,145.2712402853273,20.15510394326093,347.4041402280377,100.47777957396472,996.5938867509412,-9.136884204914482,-27.371752367830446,1955.361042126629,1848.261123
10/14/2017,3.3693109285100147,86.00086924988364,1.5091820447590037e-13,0.0,0.0,5.878882568046801,0.0,122.76303284163073,-68.50403933021292,-78.70333802590952,0.0,0.0,0.0,0.0,0.0,0.0,0.0,34.89209755006637,21.00515591858156,211.39718523057934,5.339938885322596,128.01115818559262,20.124293017251873,347.27694005248253,4.023607120466768,934.607756573718,-9.127453388112816,-27.371752367830446,1740.9836450100674,1790.065268
10/21/2017,3.536094039334228,86.53505894749092,0.0,0.0,0.0,5.935905293991541,0.0,116.0302902121424,-68.41574872461828,-78.20199033941746,0.0,0.0,0.0,0.0,0.0,0.0,0.0,101.79581423811712,3.2292908569757803,220.17321039682105,4.770639036070155,100.74435814876101,0.024982275232542914,346.7119893833296,110.0127643822575,977.140759549349,-9.132274614935103,-27.371752367830446,1893.5193907130715,1927.119242
10/28/2017,3.6497828370014544,86.77289949159677,0.0,0.0,0.0,5.959870088705875,0.0,115.74263332295469,-68.7100506244238,-78.02951384948504,0.0,0.0,0.0,0.0,0.0,0.0,0.0,28.548024118585953,8.441601216350401,214.39699228084336,5.140138564463836,105.23665010208558,21.15447560228024,347.5571273417172,46.47897355989275,1028.8288246682741,-9.13771679820857,-27.371752367830446,1834.6589595548046,1793.051357
11/04/2017,3.846610342358701,85.92740091845845,0.0,0.0,0.0,5.875949800816071,0.0,117.10490184530825,-69.13933058789755,-77.82449799848672,0.0,0.0,0.0,0.0,0.0,0.0,0.0,128.63422884846946,60.195836975344235,216.47015838916158,4.8027528862485065,128.45464118049648,22.05875987731366,346.07808723272314,39.51613968640049,1014.0002347455938,-9.118721856651002,-27.371752367830446,1989.5113999178272,1926.368069
11/11/2017,4.065938213557101,84.78975579123832,0.0,0.0,0.0,5.762672108743685,0.0,118.09442580365499,-69.26582965797145,-77.47735687793255,0.0,0.0,0.0,0.0,0.0,0.0,0.0,114.44969375965198,87.5286805078938,215.87919921172016,5.050259190416759,124.66767878846242,16.874024647724532,347.10537090941506,52.40942550095335,1049.8389992595944,-9.134821606197548,-27.371752367830446,2043.2663631830949,1856.906311
11/18/2017,4.214878951591537,84.25004785869217,0.0,0.0,0.0,5.709923019969061,0.0,116.6092190492803,-69.4902806559423,-77.46193194824323,0.0,0.0,0.0,0.0,0.0,0.0,0.0,176.41546204237528,68.11924568401214,216.5724906365944,5.441635436980788,139.5596595691344,17.301577506513915,348.2513408529904,99.19022664778038,1147.8951776245717,-9.153089540314525,-27.371752367830446,2246.053830368156,2068.288415
11/25/2017,4.317080681917544,83.99400468616992,0.0,0.0,0.0,5.685359748950244,0.0,113.11707490818061,-69.3899253169119,-77.63283522072707,0.0,0.0,0.0,0.0,0.0,15.777962351923998,0.0,86.40393737787865,60.8935020534866,217.60422931969896,5.2744353297502675,139.66555710608552,15.61668598184732,348.3666806957962,93.10297474450415,1148.0968472313914,-9.12957487303703,-27.371752367830446,2154.3922444390746,2022.028914
12/02/2017,4.248294268868622,84.97413399917292,0.0,0.0,0.0,5.698365299169545,0.0,110.71652635556462,-68.9000430203447,-77.30115259862455,0.0,0.0,0.0,0.0,0.0,0.0,0.0,192.82459699465878,74.70856007613372,218.11208546412314,4.723360900965413,119.78004926357715,18.455691368594593,346.4534023960618,106.18440158060548,1039.3554527838282,-9.126174171309797,-27.371752367830446,2143.535798593214,2003.025004
12/09/2017,3.8340294007642512,87.95267874743965,0.0,0.0,0.0,5.763855813732276,0.0,111.71850888725157,-68.25099440902333,-77.04750263830749,0.0,0.0,0.0,0.0,0.0,0.0,0.0,193.6480342658016,57.04945046272511,221.6178201892784,4.4138127248279275,121.04469941822579,33.85536946456605,347.1102463031144,136.22763001312,1179.9789910285604,-9.132809149132628,-27.371752367830446,2322.4120681551135,2221.446487
12/16/2017,3.5253612942324257,89.18523323528709,0.0,0.0,0.0,5.792967384232245,0.0,108.47727815709096,-67.98063864410376,-77.11794161018018,0.0,0.0,0.0,0.0,0.0,0.0,0.0,170.78456999624584,53.05142145264309,216.57806470460199,4.545689260883418,176.18187448093076,26.563818928420034,348.23549221740717,47.06944317481869,1160.291922079625,-9.147010213859915,-27.371752367830446,2228.665793530444,2180.584142
12/23/2017,3.298129284034787,89.69527854303637,0.0,0.0,0.0,5.805907975949374,0.0,102.68260917212585,-67.82267885887364,-76.49310765660591,167.79640612852972,0.0,0.0,0.0,0.0,0.0,0.0,161.92421586841087,66.92405958572186,215.57590012802183,4.416184134710766,180.79206024614902,0.0,350.8309578168857,91.8206520900337,1255.9379886375023,-9.169229384577244,-27.371752367830446,2516.643581343225,2468.437256
12/30/2017,3.132658249087623,89.90634004704498,0.0,0.0,0.0,5.8116602282025305,0.0,111.11140200499952,-67.74447863228146,-76.11121566180948,0.0,0.0,0.0,0.0,0.0,0.0,0.0,202.6037569779389,64.93692857477802,215.77450469600916,4.10575844557847,180.50518284388292,0.1289124223219208,354.09091577758585,58.45059556618139,1095.806973404133,-9.172867398650089,-27.371752367830446,2205.9652751771728,2279.373573
01/06/2018,4.8167378432842,88.47749679477316,0.0,0.0,0.0,5.557426726298648,0.0,121.37918152650607,-67.65167745914187,-75.66574409756475,0.0,0.0,0.0,0.0,0.0,0.0,0.0,172.8004004727049,64.86623531584601,225.18701086233662,3.808018914531992,155.82459798463282,37.54218381986653,351.0056425961635,91.72711914435483,1126.9558016050983,-9.117175186694851,-27.371752367830446,2270.1415044951655,2269.223719
01/13/2018,5.993289233237222,87.65632058273603,0.0,0.0,0.0,5.672294358627552,0.0,138.09989603056084,-67.38939919195654,-75.27278351779289,0.0,0.0,0.0,0.0,0.0,0.0,0.0,155.99994800170612,87.06659632351945,215.20508814812536,3.993597782498589,149.2079652527482,35.32832368779627,345.44829599100524,85.00351624240952,1134.381531494783,-9.11700178402444,-27.371752367830446,2269.9057262681486,2388.287758
01/20/2018,6.91772281294603,87.09639151248373,0.0,0.0,0.0,5.93438904362335,6.401481407020501,139.8550778917874,-67.10767872381369,-74.66616172414548,0.0,0.0,0.0,0.0,0.0,0.0,0.0,187.83682003564877,66.6652909232081,222.80530074630866,3.394783354700755,142.59133252086357,33.11446355572602,345.6226381945423,78.27991330665509,1141.8072613844677,-9.08911809506461,-27.371752367830446,2290.088155779127,2578.040319
01/27/2018,7.691325689637334,86.64735992833785,0.0,0.0,0.0,6.212460358789464,9.615625953485402,141.48592586695688,-66.75648324436854,-74.23058088049608,0.0,0.0,0.0,0.0,0.0,0.0,0.0,187.0014974291603,75.62386923593903,215.76924651644225,3.4234377401887444,135.97469978897897,30.900603423655767,345.96084699607155,71.55631040470979,1149.2329912741525,-9.113152412190237,-27.371752367830446,2289.6242317016204,2643.190469
02/03/2018,8.366598442621177,86.24342265273293,0.0,772.8374826494144,0.0,6.4523112353903445,12.622096982478986,143.02859579051324,-66.66812474684168,-73.97639476511068,0.0,0.0,0.0,0.0,0.0,0.0,0.0,163.89638509578248,68.55044132959456,215.519947145258,3.304042094817487,129.35806705709436,28.686743277916072,351.1113073788396,64.83270746895536,1156.658721163837,-9.109465186737216,-27.371752367830446,3034.343132698726,2751.72271
02/10/2018,8.974187280202077,85.85550166261396,0.0,284.3110186447695,0.0,6.643590238786158,11.130488808541536,144.50617104565723,-66.53525568705794,-73.93583837412257,0.0,0.0,0.0,0.0,0.0,0.0,0.0,97.80660966352117,50.09935831733001,213.89736997440727,3.8954344425170753,122.74143432520975,26.47288314584582,352.0291218791033,58.10910456701006,1164.084451053522,-9.125269295893974,-27.371752367830446,2453.588609324132,2424.070976
02/17/2018,9.533210440897644,85.47058478202383,0.0,104.59217977498761,0.0,6.793074430044739,9.725130762257132,145.93342667661963,-67.04956680594823,-73.43554272752745,0.0,0.0,0.0,0.0,0.0,0.0,178.49597779462195,89.40533171879444,63.30113688871571,216.84075015579657,3.861667950054572,116.12480159332515,24.259023013775565,351.26610834091457,51.385501631255636,1171.5101809432065,-9.11135494094684,-27.371752367830446,2451.529870055038,2454.966549
02/24/2018,10.056118895104797,85.08273475512208,0.0,38.47731075843778,0.0,6.910740321095242,8.46663573632972,147.3198646738486,-67.95975488480404,-73.79470256579702,0.0,0.0,0.0,0.0,0.0,0.0,0.0,74.355474783587,49.653986038357985,216.323958270338,4.027205598191134,109.50816886144052,22.045162881705313,350.9933639604044,44.66189872931033,1178.935910832891,-9.106934196150368,-27.371752367830446,2168.585391081582,2282.660378
03/03/2018,10.071452570675973,86.97282427610335,0.0,14.15501478567603,0.0,6.656364557813487,6.9834787026494185,148.67166054411243,-68.43894037745557,-74.04459274689778,0.0,0.0,0.0,0.0,0.0,0.0,0.0,50.29069309643663,47.64885174750346,213.99649052901034,4.483486202387262,78.8302634176515,8.86605993631584,351.18253428442347,98.91725514945514,1130.445320613593,-9.107751160877596,-27.371752367830446,2079.2087137607455,2215.605182
03/10/2018,9.616683095295656,90.22997061516556,0.0,5.207340178508135,0.0,5.932879718147626,5.339092614247438,149.9929015599452,-69.07349170599299,-74.04837719954358,0.0,0.0,0.0,0.0,0.0,0.0,0.0,22.24187348390412,57.23876026841045,217.88135947805375,4.760861225534295,75.03654707701801,0.0634576583016163,351.79541310273174,81.47394736867034,1082.829267876744,-9.127527902886957,-27.371752367830446,1980.0192061444243,2017.491466
03/17/2018,9.289630651208123,91.4958924583087,0.0,1.9156747740567426,0.0,5.54952030559398,5.610646600620542,143.25395194277044,-69.63648723922378,-74.01721397982702,0.0,0.0,0.0,0.0,0.0,0.0,0.0,39.24204860040108,37.17935576458864,220.03159092763642,4.439356606417284,91.55188800959952,22.05443896617281,351.4989769052063,60.555883048861695,1131.5421355910453,-9.120059866634117,-27.371752367830446,2035.065477698972,2073.41008
03/24/2018,9.056054490017102,91.98790522408287,0.0,0.7047329847219602,0.0,5.346386112104812,2.6799975462699526,133.67071449182558,-69.93067987882714,-74.67898222268728,0.0,0.0,0.0,0.0,0.0,0.0,0.0,20.862970368430986,38.64163799189146,214.36765474322564,5.0549131458318834,103.87480314532435,0.15704960515113195,352.4128932541468,46.309255130825896,1074.176925627888,-9.130668314554205,-27.371752367830446,1918.1918110778395,1985.008847
03/31/2018,8.89013408614155,92.1791308192788,0.0,0.2592572989488997,0.0,5.2387495729238145,0.9859158859546884,120.55099727344933,-69.58640145718206,-74.61157078846908,0.0,0.0,0.0,0.0,0.0,0.0,0.0,42.66955876145642,42.88906370390082,215.938410923156,4.754351759081368,126.64020077819616,24.794596504983396,352.7682596911949,99.24262403047084,1094.4910601961676,-9.144275307686403,-27.371752367830446,2051.5783113641364,2140.836648
04/07/2018,7.436709180754389,82.17491668001533,0.0,0.09537238498227625,0.0,6.0724473128510175,0.3626983748963994,121.51077438759634,-69.68813859798608,-74.95466069646446,0.0,0.0,0.0,0.0,0.0,0.0,0.0,75.11762701800797,8.229644879764752,231.11500541003795,4.671542742954562,108.33794929107192,7.035789777494801,351.95349557979665,11.92804542443955,1026.4277503113788,-9.12896024243434,-27.371752367830446,1861.3262568513276,1985.86056
04/14/2018,6.294896271913378,76.36445070705625,0.0,0.03508693040914659,0.0,6.346431661861368,0.13342914928115499,124.32094477636976,-69.72458525385989,-75.47889956579635,0.0,0.0,0.0,0.0,0.0,0.0,0.0,179.211027697813,85.98774787579129,223.34341023757946,3.8961225963094153,101.64443758888252,18.393663534099787,352.1976655374713,107.0356206949906,1136.6718215139888,-9.134206789540492,-27.371752367830446,2240.16731279679,2464.551521
04/21/2018,5.405658548203828,72.98972056986538,0.0,0.012912627068634042,0.0,6.4364731783399565,0.049085968764911454,122.5865954126994,-70.00357648577514,-75.90342586797706,0.0,0.0,0.0,0.0,0.0,0.0,0.0,96.95815600784506,5.82063321142012,225.68594922486625,4.676112673797871,92.29173294574088,9.578751922069962,351.60487968787066,84.45986790491546,1015.448405356326,-9.12083115501415,-27.371752367830446,1911.6053493631975,1976.257588
04/28/2018,4.720257503530833,71.02967145431023,0.0,0.0047452412263008,0.0,6.466064222372759,0.01805755597238882,114.73052442927718,-69.98935727468935,-76.19431224756033,0.0,0.0,0.0,0.0,0.0,0.0,0.0,96.57280157834093,43.22244722587565,217.7102942888142,5.055201934546727,152.23411594808675,4.497762302080808,351.6157627782439,42.07500701579446,971.8428227800896,-9.126653726441754,-27.371752367830446,1899.113460642041,1948.381365
05/05/2018,4.61845470256732,72.85448607945423,0.0,0.0017508646872724128,0.0,6.208300229639366,0.006642995325536023,112.05943148987356,-70.19640132792178,-76.63407791166793,0.0,0.0,0.0,0.0,0.0,0.0,0.0,76.69786608051243,86.71929254397654,220.6098184646729,4.602017377003367,127.9435245413096,16.252674618393534,351.8246871012904,94.45722969437543,955.1877297724164,-9.129535615565509,-27.371752367830446,1946.7121393325122,2006.523002
05/12/2018,4.709061084825679,74.93988890222322,0.0,0.000646626162913107,0.0,5.966779475436304,0.0024439016048887993,110.45723377358982,-70.27741593655915,-76.73337795775825,0.0,0.0,0.0,0.0,0.0,0.0,0.0,80.71084132579956,79.36912118141005,216.82991512883143,4.746840170853765,118.86244874730374,0.11729339521114082,351.9073704608556,72.29511803106799,960.2975791697088,-9.138947826930435,-27.371752367830446,1897.6910872858066,2047.028469
05/19/2018,4.771799686278599,76.03520728637385,0.0,0.00023875427553714717,0.0,5.857760291149404,0.000898906337430363,107.54220831683696,-70.13827763376636,-76.56314852897609,0.0,0.0,0.0,26.233845464895047,0.0,0.0,0.0,86.74293491522727,62.604563781664964,218.72866495794787,4.753743450200479,155.59434279651043,0.21877534494105907,352.0914598457309,0.1107992660686222,931.0597599462511,-9.128101322447266,-27.371752367830446,1849.1457231576694,1976.689601
05/26/2018,4.815391348089089,76.61050383555467,0.0,8.95328533264302e-05,0.0,5.808550424590445,0.0003306322160663404,116.96477765541144,-69.74794771692125,-76.55119760481615,0.0,0.0,0.0,0.0,0.0,0.0,0.0,128.30646315723783,89.46388117188006,216.44570370646943,4.596523816380966,144.0005589105654,15.218704230527054,352.14683090361063,41.54636414865923,978.827771101884,-9.13415562458946,-27.371752367830446,1991.9473912617723,2144.311174
06/02/2018,4.854609649273971,77.92013789410345,0.0,2.9844284442143397e-05,0.0,5.980617819245443,0.00012172689986036165,122.91035566813429,-69.52422964714722,-76.41750342068835,0.0,0.0,0.0,0.0,0.0,0.0,0.0,89.41729874029363,57.28766158251385,224.1732322811036,4.770316993075489,110.20729161013345,2.676259724423126,351.4877656633341,87.8973329785195,906.257244009758,-9.116816380847332,-27.371752367830446,1863.4099743685829,1929.392955
06/09/2018,4.903954586753035,80.93860226805566,0.0,9.9480948140478e-06,0.0,6.428000120782044,4.488074026681769e-05,126.17508690366053,-69.21623961452129,-76.10583231756063,0.0,0.0,0.0,0.0,0.0,0.0,0.0,89.71091961932967,48.25484822635374,211.06965039465467,4.499368895441941,170.64740805057937,4.994356786906812,351.622141899142,64.86636736096933,925.727466272868,-9.124861278666279,-27.371752367830446,1908.0195406357534,1968.368671
06/16/2018,4.938299939709704,82.37295924966523,0.0,0.0,0.0,6.5614574011293465,1.6467034198616564e-05,119.18941870788422,-68.94274136283197,-76.03946862012211,0.0,0.0,0.0,0.0,0.0,0.0,0.0,65.10186309088921,55.41727652436637,206.49603133130793,4.671295901167374,162.86695596713835,19.45505345900334,351.42649869665377,29.128978965471113,955.6160653016163,-9.127667071553768,-27.371752367830446,1881.7605415806981,1935.947162
06/23/2018,4.962247219279833,83.05455869823768,0.0,0.0,0.0,6.601268683197943,6.134777446543426e-06,126.52316092151213,-68.61058139179117,-75.78789992307017,0.0,0.0,0.0,0.0,0.0,0.0,0.0,102.52578212802835,69.03498213685329,206.1720173419762,4.366027654762735,165.57974533290326,13.142128467234237,351.93105506575006,37.32441241256992,943.0480992121177,-9.128892146535875,-27.371752367830446,1933.366365579973,1981.667743
06/30/2018,4.978964568786665,83.37845059122166,0.0,0.0,0.0,6.613144647968701,2.260181164515999e-06,133.83073986878466,-68.95967864967973,-75.72252225103968,0.0,0.0,0.0,0.0,0.0,0.0,0.0,106.98067946417238,78.46905213988359,203.7017890846904,4.505822343335046,154.13160905064748,9.592534822112079,352.7638639035325,140.83848473885314,1007.719894825235,-9.15216550129886,-27.371752367830446,2106.2989135395555,2158.880842
07/07/2018,4.754984652382794,80.98020473574942,0.0,0.0,0.0,5.656522690220171,9.686490705068565e-07,134.94110595468868,-69.13430643365922,-75.64977976601061,0.0,0.0,0.0,0.0,0.0,0.0,0.0,72.81865191170922,52.44207309731154,205.5429293072984,4.45236507546661,179.6783407386307,16.481870180236413,351.5595983870699,81.1685427762588,918.6126267549926,-9.11940095509199,-27.371752367830446,1927.8145777080722,1973.520286
07/14/2018,4.593924239672067,79.74064741740293,0.0,0.0,0.0,5.070179775859105,3.2288302350228556e-07,131.7410916165575,-69.51387829907692,-75.50815062252526,0.0,0.0,0.0,0.0,0.0,0.0,0.0,46.665298228338614,44.70856290917837,212.20362671900926,4.648208323297458,155.7532463603559,4.991309867915056,352.1095586630216,0.1528476754453906,942.5471409429214,-9.129617665541529,-27.371752367830446,1803.4022441068835,1889.782864
07/21/2018,4.4789068803988625,79.09997121715945,0.0,0.0,0.0,4.710792233453402,0.0,112.97796597789271,-69.94409926374597,-75.83988632752657,0.0,0.0,0.0,0.0,0.0,0.0,0.0,30.361803894169867,95.46972217584131,207.01644561801888,4.291996804474953,104.45160664255516,1.3302173047491217,352.0109545466645,157.95015204584314,974.8948332995454,-9.12859790155384,-27.371752367830446,1946.76103278011,2056.990982
07/28/2018,4.397209757749273,78.76883093841683,0.0,0.0,0.0,4.490512608378246,0.0,107.84387683799143,-70.32874288554291,-76.56502870212299,0.0,0.0,0.0,0.0,0.0,0.0,0.0,23.84774157709367,57.44056602154434,208.13913024013976,4.757605623043048,104.39249559580774,29.415072136686437,352.0083978498207,37.50092647586104,968.3631230081496,-9.129774509373243,-27.371752367830446,1797.9701902058127,1920.619812
08/04/2018,4.6863250350340255,79.10279284984405,0.0,0.0,0.0,4.349660446122058,0.0,111.37576563819914,-70.35209092535005,-77.36517148632394,0.0,0.0,0.0,0.0,0.0,0.0,0.0,33.77240502143457,36.45069769824559,208.83951734251892,5.1285046840770985,88.71868800633246,15.728380372935431,351.8107280413716,80.74463719899113,924.3036978200706,-9.121765333992837,-27.371752367830446,1760.8010200416793,1884.421609
08/11/2018,5.124691603225156,79.64485721176192,0.0,0.0,0.0,4.258665928952858,0.0,124.95577847724309,-70.48197116274214,-78.1552199913565,0.0,0.0,0.0,0.0,0.0,0.0,0.0,100.11546879440283,54.37027565091059,206.71525053306485,4.757888081810955,90.10820477587501,19.177756491866198,351.6541276551429,72.63726300015375,934.9324168091035,-9.129341467833134,-27.371752367830446,1863.3143600237513,1922.182418
08/18/2018,5.4171830492158435,79.917794135583,0.0,0.0,0.0,4.202712797812129,0.0,123.31400400008121,-70.25258874071343,-79.09609750444399,0.0,0.0,0.0,0.0,0.0,0.0,0.0,7.136245327341293,10.501533465203135,204.07055040876364,5.545952295826107,72.07088672011524,1.6527669651218375,352.00055827444913,30.181872894339918,882.1816330213996,-9.128878006403953,-27.371752367830446,1592.3443767358604,1668.300067
08/25/2018,5.615801955047424,80.05522172732626,0.0,0.0,0.0,4.168306996479301,0.0,131.93800213589668,-70.46774458337217,-79.40730800723675,0.0,0.0,0.0,0.0,0.0,0.0,0.0,20.04749749726199,8.688927920904044,200.8913030099459,5.496084483680148,99.67157459345462,19.094027048617185,351.7624392861735,0.0,890.6580212224386,-9.12504928660453,-27.371752367830446,1631.715353632182,1693.66102
09/01/2018,5.662076719832212,80.14912183330868,0.0,0.0,0.0,4.816026211300885,0.0,140.4855855898311,-70.41534670506188,-79.38932705924897,0.0,0.0,0.0,0.0,0.0,0.0,0.0,64.65718409234907,11.342797489595158,204.2357556803542,5.415781763801548,74.72795728234408,27.533953014395525,352.4674024635841,140.5608103911717,967.6221876009887,-9.137263755823966,-27.371752367830446,1893.3629502448916,1833.222576
09/08/2018,5.134910339427775,80.34397781658544,0.0,0.0,0.0,6.890172336677559,0.0,141.4657387282218,-70.38005743160842,-79.1604575503965,0.0,40.96417353737677,0.0,0.0,0.0,0.0,0.0,28.517003801764712,58.404558101234706,201.60424034403832,5.564903699443663,98.77742712552048,2.9357590759152856,352.9923871650079,49.459579301610226,1005.0347922755129,-9.144705465383819,-27.371752367830446,1892.0326508331184,1976.112746
09/15/2018,4.743366630746821,80.44156913626344,0.0,0.0,0.0,7.1626032516579885,0.0,126.40119859795229,-70.29042585231335,-78.91613624794951,0.0,0.0,0.0,0.0,0.0,0.0,0.0,81.77488516230636,59.45854758967691,216.0335059579585,4.826281769587749,85.19030972322294,38.77331269447055,348.43263914709405,108.55179430867729,1000.1543085694626,-9.054372441953724,-27.371752367830446,1976.3116356290304,1942.28036
09/22/2018,4.455967634249768,80.49044814972267,0.0,0.0,0.0,7.198385977533377,0.0,127.23262013875423,-70.39890989973344,-78.68553350572965,0.0,0.0,0.0,0.0,0.0,0.0,0.0,25.744657435481574,74.30001096145162,219.17555067803403,5.21885656889205,121.0129299026586,1.8188083303123475,351.3776221536057,34.95957227347292,909.4245940753689,-9.11744105838586,-27.371752367830446,1776.8363874478584,1643.659241
09/29/2018,4.247216427645644,80.51492820686212,0.0,0.0,0.0,7.203085871943122,0.0,117.55827428740261,-70.01466831399337,-78.4836630444269,0.0,0.0,0.0,0.0,0.0,0.0,0.0,21.504063723249388,91.1423167029207,197.88875291488057,4.999861531974281,121.67599002678384,7.475261024211114,352.02269227335927,5.2611394454828835,978.5244171504877,-9.12308362221301,-27.371752367830446,1805.0248322387395,1822.721869
10/06/2018,4.873102734904296,84.89095722379223,0.0,0.0,0.0,6.8473287796842905,0.0,116.02656759357644,-70.09754828696029,-78.28307764738427,0.0,0.0,0.0,0.0,0.0,0.0,0.0,16.694811852884072,83.91343009473142,199.29501663003003,5.326528391114819,111.38876436840961,20.15510394326093,351.6025393546526,101.20396578044829,996.5938867509412,-9.118878049292428,-27.371752367830446,1913.940747146963,1853.646973
10/13/2018,5.396060210259789,87.40340992937381,0.0,0.0,0.0,6.646554845468127,0.0,120.35896629641645,-69.96059905601977,-77.86985949261181,0.0,0.0,0.0,0.0,0.0,0.0,0.0,13.86263037910506,79.96025735801338,199.50513493080652,5.119147532338008,127.73145971663438,20.124293017251873,351.49356420850313,32.22299741865789,934.607756573718,-9.11520896414023,-27.371752367830446,1800.114812535944,1872.247534
10/20/2018,5.742798006105153,88.46736031871382,0.0,0.0,0.0,6.583812911050594,0.0,120.49826935903268,-69.89137253523955,-77.4763475578716,0.0,0.0,0.0,0.0,0.0,0.0,0.0,14.050079680028134,75.59515514392957,216.27198997171166,5.12818602664001,147.5166431749545,0.024982275232542914,351.80609064766054,34.04381153851993,977.140759549349,-9.12210609256672,-27.371752367830446,1859.0083600494197,1907.739899
10/27/2018,5.977415388901687,88.91418528472433,0.0,0.0,0.0,6.564206056545116,0.0,116.48680812263746,-69.65546850106679,-77.19522878747703,0.0,0.0,0.0,0.0,0.0,0.0,0.0,80.86835265143631,80.94201533259451,206.05108583971528,4.5093910020609815,158.35606902420713,21.15447560228024,351.7316399240536,99.19948696725315,1028.8288246682741,-9.127606789938733,-27.371752367830446,2066.2338994183706,2097.877332
11/03/2018,5.9128724350814625,88.66100091609569,0.0,0.0,0.0,6.4701895012488055,0.0,120.96367013525311,-69.39670022732943,-76.96393327673485,0.0,0.0,0.0,0.0,0.0,0.0,0.0,31.665331111428912,85.02839904709053,205.9583734910225,4.870188072349587,158.47631170368086,22.05875987731366,351.4763344517757,79.09382888576263,1014.0002347455938,-9.11576582486184,-27.371752367830446,1991.7873426769406,2033.733363
11/10/2018,5.556270443940685,87.95129327510351,0.0,0.0,0.0,6.297554039599729,0.0,116.72608408751692,-68.926405358224,-76.72552125509144,0.0,0.0,0.0,0.0,0.0,0.0,0.0,177.17583760295594,78.91580125197113,210.49848593073241,4.189633137846503,192.4930904229102,16.874024647724532,351.60197680922573,147.77744260792159,1049.8389992595944,-9.120505838952761,-27.371752367830446,2263.7523086969445,2224.383285
11/17/2018,5.297301556699821,87.63402011012539,0.0,0.0,0.0,6.231114890039464,0.0,127.79155334607553,-68.57568474416654,-76.95187425204246,0.0,0.0,0.0,0.0,0.0,0.0,0.0,136.64862074831248,88.55639622233133,206.39732672320997,4.750275397435494,231.95591076013804,17.301577506513915,352.7249292690859,69.84626897694373,1147.8951776245717,-9.152449885399422,-27.371752367830446,2300.9787118820436,2416.390305
11/24/2018,5.110889822346188,87.49404910656506,0.0,0.0,0.0,6.205545703119113,0.0,134.3278235656683,-68.1179237694065,-76.76937370047528,0.0,0.0,0.0,0.0,0.0,15.777962351923998,0.0,135.58708876102818,86.6893820314667,209.292457430702,4.359969771364635,225.39382367040875,15.61668598184732,352.09044293669007,77.53781459859395,1148.0968472313914,-9.125256272088256,-27.371752367830446,2322.1964768533153,2401.141402
12/01/2018,5.181654665914786,87.998528870564,0.0,0.0,0.0,6.250961255499648,0.0,126.29832158099381,-68.02998755451209,-76.54331938656301,0.0,0.0,0.0,0.0,0.0,0.0,0.0,147.05792814183155,63.979412358431055,207.43252222002224,4.524096017801834,172.29938214297573,18.455691368594593,350.62539073609827,85.25864906565953,1039.3554527838282,-9.123663274594627,-27.371752367830446,2133.649268624715,2112.764334
12/08/2018,6.352649573857756,91.32842264487648,0.0,0.0,0.0,6.550526232557037,0.0,131.35667287875327,-67.75263455578526,-76.19372252034991,0.0,0.0,0.0,0.0,0.0,0.0,0.0,159.90750726580086,46.84560730790172,207.536524988153,4.466223966514312,191.5625164213467,33.85536946456605,352.08715060351886,135.24827769402555,1179.9789910285604,-9.134683367802575,-27.371752367830446,2366.6236472586634,2371.199123
12/15/2018,7.092514696198037,92.58375407265015,0.0,0.0,0.0,6.636213647625855,0.0,118.49904479724351,-67.68087750476363,-75.98217156852458,0.0,0.0,0.0,0.0,0.0,0.0,0.0,141.48872956319187,42.34211912260568,216.83063103573065,4.674775440645565,181.07215570681097,26.563818928420034,351.9207092783807,38.04779922346259,1160.291922079625,-9.133168141034515,-27.371752367830446,2207.876218010437,2166.424522
12/22/2018,7.58106180851043,93.0538572267085,0.0,0.0,0.0,6.6607236270808965,0.0,111.98316634235348,-67.50545941288458,-75.23806424422058,167.79640612852972,0.0,0.0,0.0,0.0,0.0,0.0,125.7347584056806,31.851913670553106,202.9104097557501,4.918166302199744,220.71190455812155,0.0,353.50664744271734,2.3133454600572394,1255.9379886375023,-9.17010867751755,-27.371752367830446,2405.6749646633116,2426.452604
12/29/2018,7.910884561107129,93.23075838962899,0.0,0.0,0.0,6.667734478540095,0.0,112.24911976191741,-67.88140243075723,-74.98470190337206,0.0,0.0,0.0,0.0,0.0,0.0,0.0,114.81495339537592,31.9396986509193,207.15896486148617,4.506142824267433,199.69805722516205,0.1289124223219208,354.01834020540167,113.62211504987258,1095.806973404133,-9.152335648017843,-27.371752367830446,2162.362462880156,2187.406224
01/05/2019,8.033309964967705,93.44966076593998,0.0,0.0,0.0,6.134616739310822,0.0,123.44914633468785,-68.14101525895553,-74.7737461271485,0.0,0.0,0.0,0.0,0.0,0.0,0.0,83.19832765301788,63.91163418754366,215.16902908174802,4.261995699084036,161.21917064617932,37.54218381986653,350.47665877372447,158.3217041922835,1126.9558016050983,-9.088338062129308,-27.371752367830446,2252.748387647388,1986.507584
01/12/2019,8.288261157630217,92.4540445755795,0.0,0.0,0.0,5.931691873277668,8.443885721376773,130.7439073014718,-68.53709689948367,-74.57637877243249,0.0,0.0,0.0,0.0,0.0,0.0,0.0,100.93815046862508,72.12647573746625,199.11506177350165,4.576933427985832,157.11685069250683,35.32832368779627,350.4979345302526,147.54801148187207,1134.381531494783,-9.103672104926844,-27.371752367830446,2267.902163779452,2151.040862
01/19/2019,8.629064552089899,90.90116550441361,0.0,0.0,0.0,5.886021530016656,12.554999307131023,127.88568653803024,-68.61483762388481,-74.23856741054584,0.0,0.0,0.0,0.0,0.0,0.0,0.0,60.18047655319973,71.58237028100935,206.68299067994704,4.252049208697387,153.01453073883434,33.11446355572602,350.7888173947182,136.77431873765147,1141.8072613844677,-9.10601834352687,-27.371752367830446,2224.7230402201444,2175.351939
01/26/2019,9.0228607625664,88.99209163322628,0.0,0.0,0.0,5.911270139578085,30.91071514991256,129.18820952463952,-68.94676158294929,-74.06056509537063,0.0,0.0,0.0,0.0,0.0,0.0,0.0,49.883814365464694,78.83364704427741,208.87053844259088,4.505913112878714,148.91221078516188,30.900603423655767,350.8003567880894,126.00062602724003,1149.2329912741525,-9.102868257032517,-27.371752367830446,2232.483901170251,2257.051018
02/02/2019,9.447395658409002,86.77124818879614,0.0,0.0,843.2497058921094,5.965858841090924,18.01854298530811,133.09239690918088,-69.00571394978009,-73.49601472356395,0.0,0.0,0.0,0.0,0.0,0.0,0.0,161.27799670745546,69.14312525652778,209.08901704363143,3.490012305135857,144.80989085693756,28.686743277916072,351.36942197219133,115.22693328301948,1156.658721163837,-9.101847934881727,-27.371752367830446,3157.3216813654903,2729.794551
02/09/2019,9.887997443693802,84.2220297782943,0.0,0.0,310.21423260227505,6.030541401352019,14.865579282785495,138.46867924570608,-68.85322297637167,-72.88237497930328,0.0,0.0,0.0,0.0,0.0,0.0,0.0,65.03430864188023,61.91576740786678,203.50439034465936,4.36354273393162,140.70757090326506,26.47288314584582,350.75141533595377,104.45324057260802,1164.084451053522,-9.099138890265282,-27.371752367830446,2506.7701406798683,2179.527272
02/16/2019,10.335191429834937,81.29721995506495,0.0,0.0,114.12143394910679,6.09682873017198,15.72511164991487,144.53905548802808,-68.88552360029642,-72.56641304558812,0.0,0.0,0.0,0.0,0.0,0.0,178.49597779462195,50.87082815914745,64.25896645328896,204.65418535726658,4.01712635211821,136.60525094959257,24.259023013775565,351.51107523794394,93.67954782838744,1171.5101809432065,-9.117635857308521,-27.371752367830446,2474.0356784204473,2467.203465
02/23/2019,10.782977765587658,77.92708778378966,0.0,0.0,41.98292652595416,6.16122714403018,13.408318436239146,150.79681664855258,-69.10702835418635,-73.13714360556031,0.0,0.0,0.0,0.0,0.0,0.0,0.0,88.80538776384095,40.80077818826891,212.16371231706066,4.197871902012217,132.5029309959201,22.045162881705313,350.98084371859665,82.905855117976,1178.935910832891,-9.112260374525764,-27.371752367830446,2235.6696233203224,2444.504772
03/02/2019,11.072316740074324,78.94233938371416,0.0,0.0,15.444651135668128,6.555639211856605,12.198406004443004,156.9335467960112,-69.12560547320506,-73.39850412934463,0.0,0.0,0.0,0.0,0.0,0.0,0.0,78.73910095073424,29.892718128753373,212.2888474339249,4.470992341357448,111.21178750277319,8.86605993631584,351.19618322314534,2.434977169934108,1130.445320613593,-9.109310482530727,-27.371752367830446,2031.687714119388,2263.932514
03/09/2019,11.230156555875121,86.05467964373933,0.0,0.0,5.681777864721145,7.142164807891798,12.578665341221646,162.77836750692796,-68.96298105630632,-74.24035491656277,0.0,0.0,0.0,0.0,0.0,0.0,0.0,92.14008203289332,36.20372232352143,206.94747760390044,4.299576855474008,130.3743581840063,0.0634576583016163,351.3556323971127,58.716642955605465,1082.829267876744,-9.10962984485236,-27.371752367830446,2068.7113114223844,2210.987009
03/16/2019,11.339769734215066,88.50455180293737,0.0,0.0,2.0902029483633258,7.214769520406755,12.422889780766921,169.44222201737225,-69.09496321020104,-74.96643966272124,0.0,0.0,0.0,0.0,0.0,0.0,0.0,106.63941513606197,38.64724977376235,205.64438957435533,4.092108155203325,126.68646558058414,22.05443896617281,351.3043001269129,96.4439823830741,1131.5421355910453,-9.106026715973403,-27.371752367830446,2193.529709134508,2378.425551
03/23/2019,11.416080415199046,89.51395625904321,0.0,0.0,0.7689451142510575,7.22375705231269,7.809551993585346,169.80367804882843,-68.85409546981043,-75.93957363193249,0.0,0.0,0.0,0.0,0.0,0.0,0.0,127.26710896064996,66.28579773496412,209.73724770401515,4.352579654720688,116.34442198446295,0.15704960515113195,351.4815993000013,52.538566217602416,1074.176925627888,-9.119579381230322,-27.371752367830446,2107.5922648218716,2250.357233
03/30/2019,11.46929613533336,89.92985365274994,0.0,0.0,0.2828766787680034,7.224869626612344,2.8729737513944693,163.21181252786164,-68.72369546587372,-76.04208065677919,0.0,0.0,0.0,0.0,0.0,0.0,0.0,93.89545620866897,20.089609373756353,213.9567436388,4.437076580445703,129.49529894562983,24.794596504983396,351.13649931699314,15.652681829076274,1094.4910601961676,-9.108346627880442,-27.371752367830446,2041.6948298488771,2084.926977
04/06/2019,9.871067708994305,80.6916018369274,0.0,0.0,0.1040730470134033,6.201729635745872,1.0569078534491123,158.46342759658722,-68.52154843696773,-76.3729578398497,0.0,0.0,0.0,0.0,0.0,0.0,0.0,84.05539919789648,17.42675715591149,199.58398870307346,4.360713388171631,133.315636633776,7.035789777494801,350.99526435425025,80.83316301318438,1026.4277503113788,-9.116506135189702,-27.371752367830446,1979.0405054340172,2148.776185
04/13/2019,8.323212907357975,73.91927676339812,0.0,0.0,0.03827625116663097,5.120253221671154,0.38881476825238176,162.31513891405677,-68.46077589867059,-76.38089387776635,0.0,0.0,0.0,0.0,0.0,0.0,0.0,64.87779797162482,22.300072211440387,199.85700653911877,4.759555619241278,143.7916293024216,18.393663534099787,352.1877560834138,37.99777862229436,1136.6718215139888,-9.133055206033507,-27.371752367830446,2049.5955768732456,2062.789628
04/20/2019,7.114337814334659,69.82090541383444,0.0,0.0,0.014079907005345255,4.36866528660625,0.143036856528489,161.85178702092304,-68.42688364973618,-76.22660024875822,0.0,0.0,0.0,0.0,0.0,0.0,0.0,70.90564388106645,60.028157692673965,197.78695505875572,4.434286162062017,95.52002112834455,9.578751922069962,351.9790228815701,128.41759693026384,1015.448405356326,-9.131763151479136,-27.371752367830446,1996.2546538945608,2206.117047
04/27/2019,6.179478724999409,67.33322112386227,0.0,0.0,0.005178081577448198,3.8463382610651005,0.05262024634016747,163.26959312963416,-69.08406108829051,-75.85114908649895,0.0,0.0,0.0,0.0,0.0,0.0,0.0,45.578116788830854,34.24039628237511,215.3862566362839,4.622313098608002,110.37374310598567,4.497762302080808,351.1198789844782,54.101159760592225,971.8428227800896,-9.115233709371092,-27.371752367830446,1851.026683054812,2017.840078
05/04/2019,5.391369018539481,70.85639730026973,0.0,0.0,0.0019018262583837518,5.128299118742595,0.019357805908032526,152.60220008051786,-69.67731731112276,-75.5181474644415,0.0,0.0,0.0,0.0,0.0,0.0,0.0,30.841403723364593,43.56268642722575,203.46411237702995,4.959546175103118,146.01924645476117,16.252674618393534,351.54943650878243,100.08625975800767,955.1877297724164,-9.118226114789078,-27.371752367830446,1904.237177707137,1911.197761
05/11/2019,4.7306223143363475,73.89043077879938,0.0,0.0,0.0007031962636040763,5.47928142237423,0.00712150796636641,154.08846406905892,-70.1121914660925,-75.14002461119921,0.0,0.0,0.0,0.0,0.0,0.0,0.0,17.66350752662697,30.987632794629697,206.11163582776328,5.116577577150047,99.55236765515647,0.11729339521114082,351.6559739580822,85.84833092796146,960.2975791697088,-9.12638738961483,-27.371752367830446,1813.797166286352,1894.090181
05/18/2019,4.228933320666416,75.48399993343767,0.0,0.0,0.0002557077322196641,5.637710166043104,0.002619872852697545,146.01908887819414,-70.71562233862599,-75.02267369980494,0.0,0.0,0.0,0.0,0.0,0.0,0.0,10.900118647292377,32.51135976048845,206.2258129830746,5.328689615387432,128.98844233280144,0.21877534494105907,351.40836381875874,70.52974073427829,931.0597599462511,-9.115477626646747,-27.371752367830446,1786.3181450292918,1785.700781
05/25/2019,3.8527733268461333,76.32099193171209,0.0,0.0,9.589039958237403e-05,5.709222777853528,0.0009638058251543223,129.46416862934126,-71.08467085731638,-75.13171731544692,0.0,0.0,0.0,0.0,0.0,0.0,0.0,26.254971258421623,31.005816487155517,203.99440910800053,5.059894513422271,146.23841386818583,15.218704230527054,352.0695854831716,104.44692357417335,978.827771101884,-9.123663646703362,-27.371752367830446,1895.7529017996224,1912.364002
06/01/2019,3.519149784669377,77.77236544225029,0.0,0.0,3.1963466527458014e-05,5.940786665746287,0.0003545255598055095,123.09869288410945,-70.93462881202271,-74.95633328590014,0.0,0.0,0.0,0.0,0.0,0.0,0.0,7.977857767655244,28.18314717850011,200.19353815577313,5.253575501052173,152.73467159002885,2.676259724423126,350.8614975426548,31.218541823884202,906.257244009758,-9.11187803280077,-27.371752367830446,1713.313122060977,1691.389593
