Period,TAS_SPD__APL_0.70|0.6|0,DEP_ALL__PVAL_5|3,LTV_30B_17__PVAL_4|5,LTV_30B_18__PVAL_3|5,LTV_30B_19__PVAL_5|5,MAS_SPD__PVAL_5|4,SUP_VID__PVAL_3|5,IRI_pctTD__PVAL_3|3#LAG_2,IRI_BAS_PRC_1500ML__RA_7,IRI_BAS_PRC_750ML__RA_5,HOL_CHR_NEW,HOL_LAB,HOL_MEM,HOL_MOT,HOL_NWY,HOL_THK,HOL_VAT,IRI_BAV_1500ML,IRI_BAV_750ML,IRI_TRD_DESEA,IRI_WBR,IRI_pctAT,IRI_pctFD,IRI_pctTA,IRI_pctTF,SEA_IRI_CORE_1,WBR_TRD,Intercept,Predicted,IRI_EVO
06/11/2016,3.5801158054714546,88.71907240359144,0.0,0.0,0.0,9.503876966653493,0.0,0.0,-53.31194629886229,-89.42476359736698,0.0,0.0,0.0,0.0,0.0,0.0,0.0,28.53245665671415,31.241916734370967,333.4254211262864,6.519218615203082,166.91876344767127,0.0,0.0,10.449789501698659,1212.8285488767358,-10.7239492762736,402.8831288560487,2141.141649817943,2340.567435
06/18/2016,4.9222812829762645,97.60600562394093,0.0,0.0,0.0,9.866714671587708,0.0,0.0,-53.12782129662664,-89.64537047162993,0.0,0.0,0.0,0.0,0.0,0.0,0.0,29.737570576753,54.88501538328966,328.1304643529124,6.611703391925864,164.68954819135303,1.0609794080319146,0.0,17.62923263497979,1248.6548160643313,-10.734960662172824,402.8831288560487,2213.169308007701,2451.135916
06/25/2016,5.73011771457193,98.49620498530328,0.0,0.0,0.0,9.880566996491519,0.0,61.57772539848251,-53.14091814549679,-89.42475515880498,0.0,0.0,0.0,0.0,0.0,0.0,0.0,78.26674018143748,31.069193891799966,331.87274830766165,6.3434588107006045,149.04388670580815,35.45737441283761,0.0,118.51136079509192,1195.1833775101798,-10.734960662172824,402.8831288560487,2371.0152505999404,2444.715761
07/02/2016,6.5166529185317845,98.02269143730899,0.0,0.0,0.0,9.699157627055445,0.0,109.31474317550108,-53.202409571869296,-89.32560725545355,0.0,0.0,0.0,0.0,0.0,0.0,0.0,68.38371227091712,30.106849073449528,336.6385571601172,6.442543320166171,130.6996368598237,42.45266019320274,0.0,227.5372656071718,1272.9915460789211,-10.734960662172824,402.8831288560487,2588.42616708872,2572.418458
07/09/2016,7.632755750818744,96.06561410149294,0.0,0.0,0.0,8.436853718668244,0.0,117.34426095042113,-53.14993254568611,-89.35624400954953,0.0,0.0,0.0,0.0,0.0,0.0,0.0,75.98958078774359,49.028771789928825,335.38455328986686,6.211217162880689,157.05455773297106,12.292381659756494,0.0,137.34503865336637,1220.2949317097696,-10.734960662172824,402.8831288560487,2472.7225089463245,2551.543289
07/16/2016,8.352879243300015,95.72165027636129,0.0,0.0,0.0,8.13030698167838,0.0,122.88576066024369,-53.13615475981653,-89.31098918872888,0.0,0.0,0.0,0.0,0.0,0.0,0.0,75.51089381629812,47.479487689956926,333.3748258470641,6.341224625318383,165.88952805982376,11.369307337032138,0.0,53.967660756195784,1192.08333290589,-10.732242033385129,402.8831288560487,2370.810601073281,2467.679432
07/23/2016,8.833188018197557,95.66119794735593,0.0,0.0,0.0,8.055862956766802,0.0,141.45429623948536,-53.015467646366076,-89.1140136298858,0.0,0.0,0.0,0.0,0.0,0.0,0.0,79.42725317579323,37.28883997826778,342.2199478133806,6.4055079153434855,164.473119362004,3.616744042254572,0.0,23.669516712717638,1179.8332913100342,-10.733733441469925,402.8831288560487,2340.9586796099284,2458.209953
07/30/2016,9.159276293959095,95.65057259147383,0.0,0.0,0.0,8.037784546974338,0.0,146.70896767765763,-52.966192557702236,-89.41196376978588,0.0,0.0,0.0,0.0,0.0,0.0,0.0,76.35421461214327,31.90224332514011,340.94121212323915,6.289461157173342,156.02441753762636,0.711815825148909,0.0,17.050286239568187,1209.1448758842955,-10.731594500557986,402.8831288560487,2347.7485058424027,2473.720331
08/06/2016,8.01192552674232,97.85790271555447,0.0,0.0,0.0,8.192256327177159,0.0,160.17277186358203,-53.04176494977354,-89.65014985894538,0.0,0.0,0.0,0.0,0.0,0.0,0.0,69.94646454954227,24.81293374653829,339.72037134348074,6.691927443018887,170.96818725203312,2.0336613575621536,0.0,20.19086400370839,1148.4748634734729,-10.734960662172824,402.8831288560487,2306.5303829875697,2340.825268
08/13/2016,6.875046892759213,98.37109539055504,0.0,0.0,0.0,8.251781972220334,0.0,164.01660004863763,-52.96055727035795,-89.6799338408704,0.0,0.0,0.0,0.0,0.0,0.0,0.0,92.41613263601639,44.595828095977055,339.4090781080746,6.371868220270634,151.61941843666543,9.352148342874724,0.0,133.04445680443757,1145.2315844674783,-10.734471362665841,402.8831288560487,2449.0632057981215,2389.967544
08/20/2016,5.998309979804582,98.42484832882599,0.0,0.0,0.0,8.26497525182304,0.0,175.33009349095536,-52.856079895989495,-89.55346251897899,0.0,0.0,0.0,0.0,0.0,0.0,0.0,65.56349602559993,26.855361460995404,340.33358925253856,6.6401856844498965,138.90495951725674,40.07358861884673,0.0,103.13756192391865,1154.7569480324419,-10.734960662172824,402.8831288560487,2414.0225433463643,2327.852966
08/27/2016,5.3300183871740705,98.43047866784745,0.0,0.0,0.0,8.267899473756168,0.0,182.8571230472186,-52.578377779610975,-89.39435372962245,0.0,0.0,0.0,0.0,0.0,0.0,0.0,47.93718314134991,97.05568741632186,336.3715140890654,6.514185682645208,162.96088536831476,1.7950521195946978,0.0,14.610274200303575,1205.0201468616115,-10.734960662172824,402.8831288560487,2417.3258851398455,2359.36827
09/03/2016,4.808045898970734,98.33775319484528,0.0,0.0,0.0,8.784781664671355,0.0,157.59642023233226,-52.421688841511035,-89.18865856855744,0.0,0.0,0.0,0.0,0.0,0.0,0.0,46.02649339871944,160.25903489783101,332.1065720890304,6.432770720473668,140.27064279600913,7.579142461597059,0.0,241.13484646072573,1197.7214817907386,-10.719736448311338,402.8831288560487,2651.6110306036135,2514.528805
09/10/2016,4.392291815488682,98.19896788332736,0.0,0.0,0.0,9.312973511099973,0.0,165.2453345236024,-52.363438935131846,-88.84705388950486,0.0,20.48486675537798,0.0,0.0,0.0,0.0,0.0,42.71180207264868,141.99664281432098,340.8666551096365,6.031826111197855,175.20890478306515,1.05728588515209,0.0,21.61977416402299,1218.0688462191954,-10.724889336778787,402.8831288560487,2496.143918342769,2504.946287
09/17/2016,4.084949517104337,98.18347783307914,0.0,0.0,0.0,9.368162114720269,0.0,165.84648391522515,-52.203029474299576,-88.14204535165435,0.0,0.0,0.0,0.0,0.0,0.0,0.0,85.54571560517238,141.16270190824497,335.79804779920147,6.557207419392203,163.25200577556265,68.6513972620641,0.0,264.4227547865268,1207.8818802187607,-10.725881247143972,402.8831288560487,2802.5669569380048,2516.737547
09/24/2016,3.8603151474515816,98.18174902373765,0.0,0.0,0.0,9.37392850754796,0.0,181.22504944499508,-52.02885777596122,-87.8656838790551,0.0,0.0,0.0,0.0,0.0,0.0,0.0,53.53009670813041,126.31847100048108,341.6218393091471,6.062523310714773,208.661366081172,3.3291256095745263,0.0,30.124366156278555,1212.4503257069507,-10.732268763437178,402.8831288560487,2526.9954744437764,2487.499125
10/01/2016,4.009703013792228,98.36088645576874,0.0,0.0,0.0,9.334051195691496,0.0,172.68764246544018,-51.891671974904405,-87.36969394087454,0.0,0.0,0.0,0.0,0.0,0.0,0.0,52.54789079405108,235.89514769831683,339.79167089189315,5.923320094169826,211.6988245190462,27.99312612569668,0.0,148.88996993036042,1210.8141212403973,-10.727409798192658,402.8831288560487,2770.840707566701,2553.453991
10/08/2016,5.706341486486714,99.27955619146333,0.0,0.0,0.0,9.036229455788874,0.0,192.29747729861046,-51.6163153543515,-86.53849619232393,0.0,0.0,0.0,0.0,0.0,0.0,0.0,56.532272362560285,128.939942095185,337.9775453428085,5.540746246229756,216.0211770420318,6.636157106264554,0.0,21.810802282598797,1217.3729278468613,-10.73090327644095,402.8831288560487,2551.1485887898216,2602.200871
10/15/2016,6.713759619766961,99.35149420844357,0.0,0.0,0.0,8.991641359521754,0.0,217.43420139521862,-51.58106910591769,-86.02673080122447,0.0,0.0,0.0,0.0,0.0,0.0,0.0,46.19057765347474,118.68654107055438,341.8193926893289,5.588076684190357,216.48113115630636,0.9758129462423649,0.0,18.16238634385443,1261.781685630361,-10.726739614598518,402.8831288560487,2596.7252900915714,2834.039921
10/22/2016,7.362389385352087,99.3571276018985,0.0,0.0,0.0,8.984965914211172,0.0,236.92510611055442,-51.318653797564046,-85.79461430905633,0.0,0.0,0.0,0.0,0.0,0.0,0.0,42.29483752608702,93.49969818795086,352.6556660908865,5.644084711021495,204.63396113254976,0.7161700170597325,0.0,38.21600424382478,1210.7755510591285,-10.721360325810704,402.8831288560487,2556.1140624041427,2540.83219
10/29/2016,7.794559963508412,99.35756845846203,0.0,0.0,0.0,8.983966494020791,0.0,227.16540924532598,-51.260819736984025,-85.68915027109317,0.0,0.0,0.0,0.0,0.0,0.0,0.0,76.08917921537389,60.77188743278934,328.62460800736176,5.6081832357510635,208.06678391721113,48.84881251785826,0.0,137.48026943104654,1213.106754392741,-10.72532807462105,402.8831288560487,2677.1058130848005,2582.653708
11/05/2016,7.2032874470131025,98.47215539434016,0.0,0.0,0.0,9.596531250986873,0.0,242.95232184292897,-51.181324790687434,-85.72135818478633,0.0,0.0,0.0,0.0,0.0,0.0,0.0,25.25923568875255,122.17073490537743,337.5882471081317,5.909125923587118,194.67898524212757,20.265275682643875,0.0,123.90879984566297,1226.1223025201434,-10.734960662172824,402.8831288560487,2669.3724880700975,2534.350366
11/12/2016,6.378157740625556,97.92759979651551,0.0,0.0,0.0,9.77038614377585,0.0,228.52289997321697,-50.95084269183791,-85.89326982102595,0.0,0.0,0.0,0.0,0.0,0.0,0.0,65.53520497048724,76.23327218025761,334.0862976893404,5.817462064417241,127.86640358993078,76.3857993396743,0.0,248.81077956354707,1276.5182656509535,-10.734960662172824,402.8831288560487,2809.1565843837543,2607.443505
11/19/2016,5.755514843303658,97.86198954753137,0.0,0.0,0.0,9.779460238112462,0.0,230.2123853109558,-50.9716703037179,-86.06042315345208,0.0,0.0,0.0,0.0,0.0,0.0,0.0,36.695063764931525,33.288738135883335,337.9888215452182,5.794843963478809,199.06354187556602,33.914369922297425,0.0,78.31620239721421,1313.5559258680503,-10.734960662172824,402.8831288560487,2637.3429321492486,2743.199002
11/26/2016,5.291548252509043,97.85408467372257,0.0,0.0,0.0,9.779933882550159,0.0,219.73325271753467,-51.13339834356075,-86.25768759756143,0.0,0.0,0.0,0.0,0.0,133.17284821915817,0.0,56.04117906776622,33.93308189403116,329.3481287474281,5.814741202649003,209.4472307319584,95.18977326861156,0.0,214.33794357248865,1455.496632691381,-10.734960662172824,402.8831288560487,3120.1974611745422,2964.343044
12/03/2016,5.064850026917151,99.02313446574283,0.0,0.0,0.0,9.855700562089579,0.0,216.2682864183921,-51.20776210892025,-85.98010983657312,0.0,0.0,0.0,0.0,0.0,0.0,0.0,47.93428446767034,31.54097399893676,333.2971608268012,6.050525951424281,139.0355075033221,28.804942347363767,0.0,170.65423577513903,1222.527613118183,-10.734960662172824,402.8831288560487,2565.0175117103645,2505.85813
12/10/2016,5.055821310741137,100.12642841411709,0.0,0.0,0.0,9.934941175093673,0.0,191.95983774356856,-51.291044314813526,-85.83159723594797,0.0,0.0,0.0,0.0,0.0,0.0,0.0,20.676993011584834,43.32573415388628,327.77289987016655,6.295711791810458,135.71632235839624,5.683450820008544,0.0,32.52443555270194,1233.7519404497366,-10.734960662172824,402.8831288560487,2367.8500432949263,2535.440243
12/17/2016,5.049494808783598,100.18516211522584,0.0,0.0,0.0,9.937334043020572,0.0,206.45333956736846,-51.37062058285211,-86.0935210644711,0.0,0.0,0.0,0.0,0.0,0.0,0.0,15.187697366603645,45.64732018791252,334.71646791911263,6.042114338705203,141.87514748468595,6.192489127208204,0.0,20.6893972899462,1271.5758634974543,-10.734960662172824,402.8831288560487,2418.23585429258,2631.572587
12/24/2016,5.045063111536074,100.18828883695005,0.0,0.0,0.0,9.937406357471124,0.0,225.30921844327213,-51.592273403386514,-86.15699726959372,282.58341143099665,0.0,0.0,0.0,0.0,0.0,0.0,27.098869277250976,20.87927846128669,330.63932099698434,6.154551737896517,152.6703720144072,43.02147468533757,0.0,151.80626269730732,1516.3037617288119,-10.734960662172824,402.8831288560487,3126.0361773004042,3097.220017
12/31/2016,5.041959378690043,100.18845479450168,0.0,0.0,0.0,9.937408487349751,0.0,247.59352394906688,-51.91424986933384,-86.46303747434725,0.0,0.0,0.0,0.0,0.0,0.0,0.0,26.04261191290404,34.54122549144106,338.78376432357476,6.1396220430790365,226.79382072377916,6.005687352421592,0.0,28.993284399617973,1137.6940932265109,-10.734960662172824,402.8831288560487,2421.5263369331315,2300.231407
01/07/2017,6.439674240429785,97.82686458082223,0.0,0.0,0.0,7.16238779762534,0.0,219.44128097241224,-51.81171139092032,-86.77837253577032,0.0,0.0,0.0,0.0,0.0,0.0,0.0,26.898976740307294,72.80533664272912,316.6277430127609,5.997257770488752,135.95196570223578,6.12261380226656,0.0,33.158975357205705,1159.670293819251,-10.734960662172824,402.8831288560487,2341.6614547057197,2311.280315
01/14/2017,7.391431259948485,97.54367990907672,0.0,0.0,0.0,5.855967408952879,0.0,235.96956529771956,-51.858621342789995,-86.94966890535943,0.0,0.0,0.0,0.0,0.0,0.0,0.0,19.873905806412218,48.3862428155647,324.00994627049664,5.877541961406974,133.49776208144567,6.039374291817425,0.0,32.232994173172855,1171.9632456612737,-10.734960662172824,402.8831288560487,2341.9815348830143,2448.904252
01/21/2017,8.090853411297651,97.53212091469865,0.0,0.0,0.0,5.168591375146119,0.00014946600880471898,215.63954930541863,-51.93491569514385,-87.06348219073642,0.0,0.0,0.0,0.0,0.0,0.0,0.0,38.25225059009189,159.9636072008326,332.86423375071615,5.32503490646865,131.04355843255595,5.956134781368289,0.0,31.30701294915337,1184.256172983156,-10.71998925663493,402.8831288560487,2468.564011780446,2602.483404
01/28/2017,8.633302444651715,97.55568688702974,0.0,0.0,0.0,4.743680690329925,7.345606325281508,205.95141381023757,-52.09532862982879,-87.31510325765045,0.0,0.0,0.0,0.0,0.0,0.0,0.0,114.1532672346788,45.810204992077175,324.96112506209806,5.009627574297014,128.58935481176584,5.872895270919153,0.0,30.381031765120525,1196.5491248251788,-10.734960662172824,402.8831288560487,2428.2940580000623,2792.543781
02/04/2017,9.07335699961487,97.58360237261574,291.59013065450756,0.0,0.0,4.428414635929163,18.535434039366162,204.11225271679447,-52.272724805951924,-87.53072085149745,0.0,0.0,0.0,0.0,0.0,0.0,0.0,143.1862668623824,50.240792650941344,331.8136044876997,5.002290453033588,126.13515119097572,5.789655760470017,0.0,29.45505054110105,1208.8420521470607,-10.726866287134333,402.8831288560487,2778.1408724239573,2980.946146
02/11/2017,9.44466009366663,97.61188846279555,98.37078458212807,0.0,0.0,4.155741792903639,42.32047206207835,207.9031146453831,-52.26011124689089,-87.77961907574604,0.0,0.0,0.0,0.0,0.0,0.0,0.0,28.294591494568,106.49294515128149,332.6598811383634,5.513656805583475,123.68094757018564,5.706416250020882,0.0,28.5290693570682,1221.1350039890835,-10.734960662172824,402.8831288560487,2563.927611266349,2627.035479
02/18/2017,9.768836100703533,97.64003506718043,32.892759107331855,0.0,0.0,3.8953560168361046,17.396473159072443,215.5954740070485,-52.325432140612044,-88.11808484199624,0.0,0.0,0.0,0.0,0.0,0.0,0.0,0.34109659412151333,57.752150893344314,315.7758295658272,5.759193912964629,121.2267439212959,5.623176739571746,0.0,27.603088133048722,1233.4279313109657,-10.734960662172824,402.8831288560487,2396.40279574058,2535.107188
02/25/2017,10.060145594010528,97.66797906081212,10.880013312336327,0.0,0.0,3.632949695910364,7.063670039318413,225.86975540206402,-52.514141841678544,-87.87875506962851,0.0,0.0,0.0,0.0,0.0,0.0,0.0,4.758540010359636,41.96541043560266,321.14694668266867,6.305015038027402,118.7725403005058,5.53993722912261,0.0,26.677106949015872,1245.7208831529886,-10.734652139403392,402.8831288560487,2377.816472708081,2396.364832
03/04/2017,9.945597706638289,99.6950090318558,5.677903610321112,0.0,0.0,3.5444386340447367,3.2709816374606397,237.73961138992087,-52.49881363911913,-87.6297364603902,0.0,0.0,0.0,0.0,0.0,0.0,0.0,10.037469244168266,43.644849555008705,324.2462492539537,5.8735365164214235,164.50635558274018,0.0,0.0,16.042887122383217,1189.3763338964186,-10.734465565787085,402.8831288560487,2365.6213363720876,2413.834216
03/11/2017,9.622743336946048,100.6110010475456,2.5778643884414727,0.0,0.0,3.5333445019638794,1.7247480620011744,250.48433900983187,-52.484611663132505,-87.26902643831377,0.0,0.0,0.0,0.0,0.0,0.0,0.0,11.88433019237444,80.99507379880218,327.446067645407,6.043506789145704,155.6263331484253,2.8774530028382452,0.0,6.649868227624316,1151.9982728265152,-10.73228389973171,402.8831288560487,2364.472152832733,2321.134054
03/18/2017,9.392383972706495,100.64651799988283,0.9483433106355887,0.0,0.0,3.5277804476058248,1.19147552141305,227.38305474928552,-52.538802986994284,-87.0342292833871,0.0,0.0,0.0,0.0,0.0,0.0,0.0,8.154471497423359,100.19121989649145,330.39039877224343,6.027891601208503,152.0369983364742,2.3747772256545114,0.0,25.25212347558385,1118.030877502868,-10.716617942238976,402.8831288560487,2338.141792952905,2276.623104
03/25/2017,9.228866920772063,100.64789453123129,0.34887600715528505,0.0,0.0,3.5249897994894948,1.446225386819813,223.33437536582431,-52.36896783242322,-86.74653451237725,0.0,0.0,0.0,0.0,0.0,0.0,0.0,-3.723713506750376,87.50705926600492,331.8731509235386,6.0502552445181585,146.85781840327786,9.659637114780578,0.0,142.5281253851721,1136.4645062526347,-10.72806559693951,402.8831288560487,2448.7876280087776,2333.170722
04/01/2017,8.92040295942883,100.27159240085554,0.1270385947826188,0.0,0.0,3.637795169788528,0.7536095449870551,226.78933256046312,-52.19716706947282,-86.73350098566074,0.0,0.0,0.0,0.0,0.0,0.0,0.0,11.978343842048744,101.73970803866347,335.21527958625245,5.8945379628051,179.9716934300283,1.8370692337292145,0.0,21.151638712491255,1156.2621291273424,-10.724753217477591,402.8831288560487,2407.7778787471043,2332.732882
04/08/2017,7.454796914827095,93.45133569793236,0.026927135878295844,0.0,0.0,4.332901547363364,0.27723726750564076,225.14748025966213,-51.968344782734746,-86.29174616273414,0.0,0.0,0.0,0.0,0.0,0.0,0.0,18.768796128318794,102.1268300742065,324.11483779796487,5.901757636879117,195.20374549089973,1.038344312535077,0.0,5.837847774155933,1139.5950171317027,-10.725029535365035,402.8831288560487,2377.175863545046,2413.921671
04/15/2017,6.30258292272327,91.57880813487574,0.009905939699257984,0.0,0.0,4.641533131261432,0.10198981862735425,215.41032251534062,-51.769080836615544,-85.85788493068046,0.0,0.0,0.0,0.0,0.0,0.0,0.0,131.01574095537765,122.9809881073294,340.0808127724352,5.207993219449457,212.7664552163407,58.54241424452597,0.0,124.36932984052396,1241.1595975458736,-10.734960662172824,402.8831288560487,2808.6896767909634,2861.070383
04/22/2017,5.404453718829799,91.06469912983553,0.0036441915608526735,0.0,0.0,4.778567595138745,0.03751982539730846,227.11617014354903,-51.58478322898251,-85.54081525445656,0.0,0.0,0.0,0.0,0.0,0.0,0.0,112.66630561052898,41.53205917104341,350.60951583051457,5.441851086347762,169.3172676247259,50.5412119898973,0.0,125.77675118688033,1220.379746876336,-10.734960662172824,402.8831288560487,2659.692333691022,2504.722128
04/29/2017,4.711488574233133,90.92354866867079,0.0013406231549321235,0.0,0.0,4.839411736475298,0.013802944838908048,213.45658868672783,-51.35277724908113,-85.28254923287962,0.0,0.0,0.0,0.0,0.0,0.0,0.0,106.86770215944566,46.713489741677535,323.84071815260387,5.906491044601078,206.73943412875994,3.6711989690161575,0.0,18.86865816056448,1189.4945332345028,-10.73448918270054,402.8831288560487,2471.56172001666,2508.765498
05/06/2017,4.332658076555151,94.27459714989755,0.001082701849835111,0.0,0.0,5.792546925859067,0.005077987112036453,201.86423630715143,-50.98791897116422,-85.05113837997375,0.0,0.0,0.0,0.0,0.0,0.0,0.0,130.4307886068389,32.90569140427565,338.7196067702019,5.632688620119246,183.14495448135852,51.58080104118643,0.0,91.57438074984508,1183.351208151567,-10.72588382353453,402.8831288560487,2579.7285066551945,2509.162481
05/13/2017,4.079515351939455,95.32362705146764,0.00044222312426335346,0.0,0.0,6.268118903715265,0.0018678429616434881,217.48289836540434,-50.82021635552657,-85.07189513925461,0.0,0.0,0.0,0.0,0.0,0.0,0.0,127.90331907866783,42.12555714493577,335.2245940367115,5.562814484371014,230.4339933532445,4.1926846637563795,0.0,13.920520859674923,1226.1565448965846,-10.734960662172824,402.8831288560487,2564.932554955654,2610.843017
05/20/2017,3.8959064133229675,95.51039344015115,0.00016268479584565196,0.0,0.0,6.436697884297685,0.0006875436405017074,205.79695374324035,-50.61967473876874,-85.32731548160643,0.0,0.0,0.0,0.0,0.0,0.0,0.0,120.9733826149365,51.05130055938928,339.2102272747401,5.836932909538417,187.97906556277593,35.226508886157404,0.0,98.07072431741875,1235.071271138453,-10.734960662172824,402.8831288560487,2641.2613929463587,2586.624532
05/27/2017,3.76387427312562,95.54364400285694,5.9848391806294305e-05,0.0,0.0,6.496455280420118,0.000252645769721525,224.04820680869219,-50.36470549661339,-85.49044294901229,0.0,0.0,0.0,0.0,0.0,0.0,0.0,156.83177320899472,40.069279764760985,340.41121930054936,5.413186873179615,166.99910304752478,47.877573986537065,0.0,149.14245349771258,1280.6885653550664,-10.734960662172824,402.8831288560487,2773.578667641832,2737.790274
06/03/2017,3.5330540811527595,96.8047248933382,2.5638365855791074e-05,0.0,0.0,6.539516963670675,9.257249577582594e-05,214.6935500085901,-50.17187539082691,-85.5850497189427,0.0,0.0,5.0967862940037945,0.0,0.0,0.0,0.0,101.44324018243101,30.85683235079562,340.99379925490763,5.9065042967309935,199.4127160806165,0.0,0.0,24.72289645359179,1167.8233509315871,-10.734960662172824,402.8831288560487,2454.218333086384,2442.843236
06/10/2017,3.1711010725972133,98.22937375033224,1.1251172846617305e-05,0.0,0.0,6.583535368116264,3.3750389084936545e-05,227.3490495452232,-49.96878890738578,-85.49735853119658,0.0,0.0,0.0,0.0,0.0,0.0,0.0,96.45881619446749,45.767923713748274,312.31151150820136,5.715552467099519,203.96424622678614,0.0,0.0,13.672731722465501,1212.8285488767358,-10.734960662172824,402.8831288560487,2482.7344562026283,2565.710725
06/17/2017,2.9004359880589683,98.37991455811452,4.139075181193715e-06,0.0,0.0,6.598919887135772,1.253585880297643e-05,245.36557318494567,-49.85133359067688,-85.7493506496807,0.0,0.0,0.0,0.0,0.0,0.0,0.0,96.99263593929854,95.80950404653908,315.3892941390639,5.796394519087044,220.48966440570098,1.0609794080319146,0.0,18.20672751579019,1248.6548160643313,-10.734960662172824,402.8831288560487,2612.19236028455,2638.809001
06/24/2017,2.700506357029706,98.39582204760302,1.5226807081462326e-06,0.0,0.0,6.604296917865751,4.821484154990935e-06,251.4539210308806,-49.87700837614935,-85.58900007560715,0.0,0.0,0.0,0.0,0.0,0.0,0.0,80.90946097510853,71.94108566363421,315.188956376047,5.850272715418247,177.33872328286495,35.45737441283761,0.0,15.113397951450958,1195.1833775101798,-10.734590842778012,402.8831288560487,2512.819731146599,2479.494249
07/01/2017,2.606189183364448,98.27630104795222,5.449433317664242e-07,0.0,0.0,6.586841142592137,1.928593661996374e-06,269.75718484586974,-49.87707835704407,-85.65538474595274,0.0,0.0,0.0,0.0,0.0,0.0,0.0,70.07336848323419,50.49008663385949,311.3313727340346,6.084734444534705,176.4438883378489,42.45266019320274,0.0,26.47377894362661,1272.9915460789211,-10.734960662172824,402.8831288560487,2590.183659633457,2611.487738
07/08/2017,2.840606879583041,97.43716163268869,1.6837351166991383e-07,0.0,0.0,6.462250443886141,9.64296830998187e-07,271.10349410969087,-49.88104665474922,-85.88358197768635,0.0,0.0,0.0,0.0,0.0,0.0,0.0,55.45723159276968,85.08276283748393,313.82431282762394,6.114049708070615,169.05019767514463,12.292381659756494,0.0,25.98457053906922,1220.2949317097696,-10.734960662172824,402.8831288560487,2522.3274923096474,2475.475548
07/15/2017,2.997279769627313,97.32398774577926,6.194116796786741e-08,0.0,0.0,6.417011213295676,0.0,272.74298813806985,-50.04285763392958,-86.34070389938884,0.0,0.0,0.0,0.0,0.0,0.0,0.0,28.09694059860319,43.263362900688755,309.696569234343,5.88040583919105,128.82956274083116,11.369307337032138,0.0,168.49460597367434,1192.08333290589,-10.734960662172824,402.8831288560487,2522.9599611195245,2422.180133
07/22/2017,3.1037723034011466,97.30872474175199,2.278687458776376e-08,0.0,0.0,6.400584777936023,0.0,281.23568959127977,-50.20336697907539,-86.39816889359498,0.0,0.0,0.0,0.0,0.0,0.0,0.0,20.984658235935218,29.146350877194777,304.6773559671685,6.038596406824996,136.33785485995267,3.616744042254572,0.0,35.261484260383554,1179.8332913100342,-10.722604937149876,402.8831288560487,2359.504095443133,2412.053282
07/29/2017,3.1768885806945657,97.30666605359622,8.382843017028066e-09,0.0,0.0,6.394620204973156,0.0,271.7566745807856,-50.41167612157405,-86.59128788768037,0.0,0.0,0.0,0.0,0.0,0.0,0.0,99.86744387224776,55.831345530706784,309.18839613909205,5.612006670779763,141.95807224881722,0.711815825148909,0.0,104.6625119676811,1209.1448758842955,-10.722431030787149,402.8831288560487,2560.769051383209,2552.606163
08/05/2017,3.886106875722048,97.48937004577056,1.0595038816812742e-09,0.0,0.0,4.869388459664788,0.0,274.62780348814266,-50.5288101113302,-86.45830901517267,0.0,0.0,0.0,0.0,0.0,0.0,0.0,24.098973912782363,41.91437362147523,308.34211792250665,6.602868152912484,133.62560727825863,2.0336613575621536,0.0,16.37699539374155,1148.4748634734729,-10.733027939855205,402.8831288560487,2317.505111772762,2364.073828
08/12/2017,4.56157939121222,97.58371844108743,8.189781022455414e-11,0.0,0.0,3.2066004302153024,0.0,256.45909673410625,-50.5505983981628,-86.45487326885598,0.0,0.0,0.0,0.0,0.0,0.0,0.0,25.322078934125795,31.152387401041995,311.30346278898776,6.117343975473525,130.6885543729634,9.352148342874724,0.0,13.953377872011124,1145.2315844674783,-10.734051840403165,402.8831288560487,2290.0755385002867,2416.950611
08/19/2017,4.996957954233613,97.59572541904043,3.012667887892808e-11,0.0,0.0,2.2335856636795235,0.0,264.19786255998423,-50.566884173073554,-86.27536668167771,0.0,0.0,0.0,0.0,0.0,0.0,0.0,21.96833281134553,37.98638555575867,312.56938488955893,6.0616749816726525,139.33904231902557,40.07358861884673,0.0,16.80340479881737,1154.7569480324419,-10.729518359165922,402.8831288560487,2353.8942532465667,2440.492049
08/26/2017,5.287199554261215,97.59725365391769,1.1083520148055584e-11,0.0,0.0,1.6642059200788248,0.0,273.23123184916614,-50.66555407014838,-86.09692228235987,0.0,0.0,0.0,0.0,0.0,0.0,0.0,105.48511211225185,25.082827117316985,313.21183072779,5.822477458773952,127.4364767207346,1.7950521195946978,0.0,107.502698185304,1205.0201468616115,-10.727845315546721,402.8831288560487,2524.529319468806,2542.587963
09/02/2017,5.230055079609673,97.66742009948793,1.8868477562266417e-11,0.0,0.0,2.393377272157748,0.0,278.88942538400914,-50.663168673633265,-85.95901532836508,0.0,0.0,0.0,0.0,0.0,0.0,0.0,20.19867320547211,46.991820265134805,312.9091371865668,6.209360828664677,158.02441864126538,7.579142461597059,0.0,27.5332206573256,1197.7214817907386,-10.734591164826831,402.8831288560487,2416.8738865612722,2462.210978
09/09/2017,4.510830024299733,97.84573487077229,2.0980664025994897e-11,0.0,0.0,4.794317540477104,0.0,248.15827598098087,-50.67275443861401,-85.81665360072807,0.0,20.48486675537798,0.0,0.0,0.0,0.0,0.0,20.718791886044347,34.92978025102383,307.5816134169077,5.799239239759081,155.6226942487082,1.05728588515209,0.0,28.9497269655936,1218.0688462191954,-10.730826950870641,402.8831288560487,2404.1848971501495,2481.752954
09/16/2017,3.9581747537194354,97.86713830420977,7.748565504084564e-12,0.0,0.0,5.690448556844596,0.0,247.14825094322353,-50.60786034260922,-85.48570353519072,0.0,0.0,0.0,0.0,0.0,0.0,0.0,23.359444959157287,38.62471187293951,309.3179747706863,5.79848248635677,130.309982354137,68.6513972620641,0.0,140.55598088703076,1207.8818802187607,-10.725626291828245,402.8831288560487,2535.227806055558,2477.024411
09/23/2017,3.5385697347489873,97.86970708275429,2.8735052235699667e-12,0.0,0.0,6.024922059556123,0.0,249.9972812115915,-50.51962817951305,-85.31658350170338,0.0,0.0,0.0,0.0,0.0,0.0,0.0,26.472852384918166,32.09247723930817,309.91060742060574,5.44862426066544,156.90717245956625,3.3291256095745263,0.0,31.79893016786032,1212.4503257069507,-10.730177271051366,402.8831288560487,2392.157335241884,2522.826038
09/30/2017,3.2239650000748528,97.8700155805343,1.0451756588263608e-12,0.0,0.0,6.149761446947608,0.0,244.3577166735534,-50.66331952546467,-85.20510191745073,0.0,0.0,0.0,0.0,0.0,0.0,0.0,25.04013460755887,38.64075838218481,305.84686374457647,6.233388526208863,163.74381922959932,27.99312612569668,0.0,17.12212621567044,1210.8141212403973,-10.731844195742989,402.8831288560487,2403.3186599903943,2468.827659
10/07/2017,3.6705077898309666,99.08057003262873,5.298662114384335e-13,0.0,0.0,6.682008886551863,0.0,246.69477142041737,-50.67996696998365,-85.08619223095207,0.0,0.0,0.0,0.0,0.0,0.0,0.0,15.263545994552599,31.474049867123995,315.30256956560214,5.63822313018822,115.89723348199247,6.636157106264554,0.0,249.19046059498766,1217.3729278468613,-10.734240238962785,402.8831288560487,2569.2857551331526,2524.088451
10/14/2017,3.962554282223034,99.1812787765653,1.3246655285960838e-13,0.0,0.0,6.856215817851172,0.0,245.2630832076164,-50.69985970004618,-85.05717046794418,0.0,0.0,0.0,0.0,0.0,0.0,0.0,59.173640441847525,41.64982908711164,311.57702044243746,5.717080016686814,116.27922522356455,0.9758129462423649,0.0,133.37600193293267,1261.781685630361,-10.728187760791846,402.8831288560487,2542.1913387327063,2577.152319
10/21/2017,4.158703329913099,99.18965606941677,0.0,0.0,0.0,6.913234392903884,0.0,224.28200783407158,-50.669218887487446,-85.12585945924822,0.0,0.0,0.0,0.0,0.0,0.0,0.0,19.90252537787525,57.81579567902162,310.79601071369996,5.568994451950141,168.9985028194731,0.7161700170597325,0.0,51.74946653916875,1210.7755510591285,-10.734960662172824,402.8831288560487,2417.2197081308227,2504.033614
10/28/2017,4.292409610394691,99.1903534983914,0.0,0.0,0.0,6.931896896554314,0.0,222.56429099371744,-50.70897892572881,-84.95242010781227,0.0,0.0,0.0,0.0,0.0,0.0,0.0,41.238058400477755,35.34291418746647,317.52562148233943,5.815774148639762,174.55990772101876,48.84881251785826,0.0,17.74779698605448,1213.106754392741,-10.734099718327718,402.8831288560487,2443.652220939834,2517.066903
11/04/2017,4.523893047442023,98.78076822468623,0.0,0.0,0.0,6.744586140554664,0.0,240.07621887822202,-50.79287525220328,-84.74796768628629,0.0,0.0,0.0,0.0,0.0,0.0,0.0,36.816962655403366,50.58216303214804,316.4311270977241,5.407927637188099,160.29093613213487,20.265275682643875,0.0,145.81898489382147,1226.1223025201434,-10.734960662172824,402.8831288560487,2568.4684711974983,2645.057547
11/11/2017,4.781838548367466,98.38816865548289,0.0,0.0,0.0,6.523967328346118,0.0,234.62934823765534,-51.00543699144925,-84.87401990583572,0.0,0.0,0.0,0.0,0.0,0.0,0.0,69.22094585203517,153.84546165300372,318.2312633979985,5.213359698415136,176.84777810683028,76.3857993396743,0.0,100.98808872599957,1276.5182656509535,-10.734960662172824,402.8831288560487,2777.842996491353,2688.143354
11/18/2017,4.957003670203463,98.34606939902743,0.0,0.0,0.0,6.443958133425776,0.0,216.8433050673157,-51.027668738116,-84.55637230424324,0.0,0.0,0.0,0.0,0.0,0.0,0.0,32.06221024531838,147.71445342712903,312.98557522015506,5.753861015588096,189.41973546535016,33.914369922297425,0.0,13.621005020313728,1313.5559258680503,-10.734960662172824,402.8831288560487,2632.181599605691,2699.63262
11/25/2017,5.077200325468227,98.34155494636538,0.0,0.0,0.0,6.414942188342991,0.0,215.5512563991357,-51.09764275584244,-84.7549540414254,0.0,0.0,0.0,0.0,0.0,133.17284821915817,0.0,98.49353052160149,42.043669006485516,314.9416259977448,5.184687366249121,180.49405959188238,95.18977326861156,0.0,127.90992583517274,1455.496632691381,-10.734960662172824,402.8831288560487,3034.6072777542067,3121.0468
12/02/2017,4.996302509455056,98.843309786182,0.0,0.0,0.0,6.453723424088491,0.0,220.53794541509913,-51.207632285830606,-84.6910185411159,0.0,0.0,0.0,0.0,0.0,0.0,0.0,12.27205678375476,161.31654443073344,314.03104250916954,5.85138742298921,103.67248335570302,28.804942347363767,0.0,163.4722574896343,1222.527613118183,-10.734960662172824,402.8831288560487,2599.029125959285,2510.423089
12/09/2017,4.5090969466821775,99.83488273983194,0.0,0.0,0.0,6.5875856873067296,0.0,199.99749426900252,-51.38590345737968,-84.85397668245315,0.0,0.0,0.0,0.0,0.0,0.0,0.0,12.928857590564686,13.990804954747162,318.63871692926426,5.80931890980358,116.03613267265943,5.683450820008544,0.0,57.77648305369234,1233.7519404497366,-10.734960662172824,402.8831288560487,2331.4530530773427,2546.407276
12/16/2017,4.146080842417722,99.89643670117385,0.0,0.0,0.0,6.633927282221251,0.0,207.10058369753884,-51.333744222421316,-84.81310459782591,0.0,0.0,0.0,0.0,0.0,0.0,0.0,35.84103720096313,139.54369190500478,310.4229035877834,5.623745917200195,187.09533558430954,6.192489127208204,0.0,18.755679941439855,1271.5758634974543,-10.734960662172824,402.8831288560487,2548.829094658344,2648.505753
12/23/2017,3.8788395001457023,99.90025779743924,0.0,0.0,0.0,6.649970238005113,0.0,186.63800297788302,-51.369766854829564,-85.39463679362278,282.58341143099665,0.0,0.0,0.0,0.0,0.0,0.0,112.39767585839691,38.62206929304395,314.48418337295925,5.225498374899191,210.1486672893868,43.02147468533757,0.0,133.9574954765563,1516.3037617288119,-10.734960662172824,402.8831288560487,3209.195072569285,3282.027486
12/30/2017,3.6842335489508917,99.90049502510506,0.0,0.0,0.0,6.6555241500839895,0.0,198.06215225462353,-51.34670187852285,-85.38772986935147,0.0,0.0,0.0,0.0,0.0,0.0,0.0,13.077752795238997,11.08743744564259,317.7842103159383,5.840336109336423,174.65084087448872,6.005687352421592,0.0,30.588079086738873,1137.6940932265109,-10.734960662172824,402.8831288560487,2260.444578631081,2341.620347
01/06/2018,5.664833425062397,99.33414400821485,0.0,0.0,0.0,6.134997635413904,0.0,193.6125597827745,-51.35018288220704,-85.81881462096885,0.0,0.0,0.0,0.0,0.0,0.0,0.0,80.21101588976866,37.538165799497925,312.6739369599934,5.435898327551392,123.70925430413827,6.12261380226656,0.0,226.88533961675617,1159.670293819251,-10.734960662172824,402.8831288560487,2511.9722240613887,2477.610632
01/13/2018,7.048543283675986,99.21012891879175,0.0,0.0,0.0,6.419210972226989,0.0,247.05078923640326,-51.53464746459076,-85.84878083196246,0.0,0.0,0.0,0.0,0.0,0.0,0.0,18.92654194996142,52.74283823735329,317.7016587499075,5.601668704539061,125.4536553263034,6.039374291817425,0.0,225.6240751143107,1171.9632456612737,-10.730873111201488,402.8831288560487,2538.5505578948582,2477.986296
01/20/2018,8.135744292318373,99.11863234618721,0.0,0.0,0.0,6.9416328760302,5.182573782029685,246.49695437940844,-51.674539184737334,-86.02260851208544,0.0,0.0,0.0,0.0,0.0,0.0,0.0,28.364294934316245,63.785638369579374,315.1410130722776,5.1075407274728155,127.19805632036889,5.956134781368289,0.0,224.36281061186523,1184.256172983156,-10.728276538916523,402.8831288560487,2574.504904096688,2701.809573
01/27/2018,9.04555744308294,99.02683236652511,0.0,0.0,0.0,7.458216173977958,8.248687664854268,241.98930639077946,-51.84217931522344,-86.12675752790378,0.0,0.0,0.0,0.0,0.0,0.0,0.0,18.1708383972043,50.326819769950916,319.7370956697376,5.565796260608854,128.94245734253403,5.872895270919153,0.0,223.1015461094198,1196.5491248251788,-10.714481899766417,402.8831288560487,2568.2348837979284,2576.790437
02/03/2018,9.839727229065845,98.93190261070531,0.0,960.8060122655612,0.0,7.896429979280377,11.493721038889579,234.64635083968648,-51.93081922730185,-86.30844677365378,0.0,0.0,0.0,0.0,0.0,0.0,0.0,27.69657578997991,44.732478131058116,316.6552376405655,5.3542416719514065,130.68685836469913,5.789655760470017,0.0,221.84028156698764,1208.8420521470607,-10.73445203973665,402.8831288560487,3539.120935851318,2632.392458
02/10/2018,10.554295816314577,98.83347145598951,0.0,353.4607811802169,0.0,8.252158250777905,10.191144058093071,225.18405381213802,-52.08332816598785,-86.28991331739455,0.0,0.0,0.0,0.0,0.0,0.0,0.0,19.177026004859332,41.93545058401569,312.2892844671201,5.528214384052602,132.43125938686427,5.706416250020882,0.0,220.57901706454217,1221.1350039890835,-10.731845591287875,402.8831288560487,2919.0356184854672,2511.882969
02/17/2018,11.21174764141392,98.73136887224815,0.0,130.030949433498,0.0,8.539857488945097,8.769775350685899,214.05792104776265,-52.2379192506452,-86.59883738135014,0.0,0.0,0.0,0.0,0.0,0.0,0.0,15.681631361603696,55.08047078062484,292.60277514684407,5.565731237175716,134.17566038092977,5.623176739571746,0.0,219.31775256209673,1233.4279313109657,-10.734960662172824,402.8831288560487,2686.128160916246,2568.476014
02/24/2018,11.826725949558812,98.62543297450755,0.0,47.83570979839878,0.0,8.774791823947599,7.475901148789152,201.55302566718385,-52.387743484608926,-86.81819678067309,0.0,0.0,0.0,0.0,0.0,0.0,0.0,111.90953921075602,25.117690068951127,318.5662577288119,5.057678898604844,135.9200614030949,5.53993722912261,0.0,218.05648805965126,1245.7208831529886,-10.716659593886346,402.8831288560487,2694.9406521112473,2708.999958
03/03/2018,11.844759465338742,99.46855333472116,0.0,17.597769159960666,0.0,8.185687882911926,6.023597799043557,187.84133181115197,-52.3994645640695,-86.96530944451064,0.0,0.0,0.0,0.0,0.0,0.0,0.0,14.925753888425803,63.98367267018613,324.70105156070366,5.78189406504456,151.31556890531078,0.0,0.0,26.336116978955992,1189.3763338964186,-10.732303974108149,402.8831288560487,2360.168142291534,2369.765977
03/10/2018,11.309917543554604,100.30422698614578,0.0,6.473866868421923,0.0,6.619683161072722,4.492473790629002,173.0184647157219,-52.40660455998101,-86.93915696031483,0.0,0.0,0.0,0.0,0.0,0.0,0.0,10.52094868943064,37.60878317550207,321.10281239652267,5.800279219832987,140.17843392016732,2.8774530028382452,0.0,28.610184511472106,1151.9982728265152,-10.73437893465454,402.8831288560487,2253.7187892089255,2346.242792
03/17/2018,10.925280123521759,100.34459539697077,0.0,2.3815953277066866,0.0,5.97343964759372,4.640257101463629,183.14665520018033,-52.38389826559242,-87.04932916103361,0.0,0.0,0.0,0.0,0.0,0.0,0.0,12.601423411719583,26.952691180763065,319.30673479139256,5.686288575309851,131.55509581894393,2.3747772256545114,0.0,4.337869379662029,1118.030877502868,-10.729521794353335,402.8831288560487,2180.9779603188194,2309.67603
03/24/2018,10.650577599061661,100.34654514366626,0.0,0.8761427175275794,0.0,5.706754197659218,2.193388607491645,187.06763548731828,-52.5287875780362,-87.01289151492067,0.0,0.0,0.0,0.0,0.0,0.0,0.0,16.084991466362542,46.69524638890459,316.8232078013316,5.79708344651654,137.0903399819832,9.659637114780578,0.0,16.251633315884387,1136.4645062526347,-10.729090463633929,402.8831288560487,2244.3200488205807,2343.948102
03/31/2018,10.455443157380438,100.3466388129592,0.0,0.322312135765851,0.0,5.596701036238423,0.806902373649001,196.72257897582395,-52.43624926075415,-86.78991003705843,0.0,0.0,0.0,0.0,0.0,0.0,0.0,19.014565007364595,18.63257613707188,315.97837527848975,5.783327952834535,150.4634650398293,1.8370692337292145,0.0,15.487608812163042,1156.2621291273424,-10.733948892130416,402.8831288560487,2250.6327137467474,2440.875304
04/07/2018,8.746109942093481,94.49459679283055,0.0,0.11858173040153795,0.0,7.294888561286477,0.29684238637666494,175.41900307192336,-52.39793414192102,-86.5944236392478,0.0,0.0,0.0,0.0,0.0,0.0,0.0,12.387926432973082,18.672692410185142,331.8031081143138,5.714666369111085,122.57624986018956,1.038344312535077,0.0,11.46638554335403,1139.5950171317027,-10.734960662172824,402.8831288560487,2182.7802230719835,2267.588328
04/14/2018,7.403255059470249,93.08485153485933,0.0,0.043612291816904694,0.0,7.729528024560341,0.10920275892322069,185.9895187216976,-52.212096291655214,-86.31061401314055,0.0,0.0,0.0,0.0,0.0,0.0,0.0,21.92361593871524,24.428836350634775,311.39777390527036,5.583843808550407,138.85309325395374,58.54241424452597,0.0,7.789411154797667,1241.1595975458736,-10.729280257738436,402.8831288560487,2357.669692887164,2373.279546
04/21/2018,6.3574469328935255,92.74524638628299,0.0,0.016042767887554505,0.0,7.840771078174513,0.040173570276215466,205.23718254532113,-52.043124544161856,-86.6493344329981,0.0,0.0,0.0,0.0,0.0,0.0,0.0,37.793950956859454,34.171359820999164,305.5114567063904,5.938210670948594,111.37185845440692,50.5412119898973,0.0,160.3620935548514,1220.379746876336,-10.733273341055943,402.8831288560487,2491.764148849358,2328.129647
04/28/2018,5.551365540515124,92.66343644034212,0.0,0.005899950959781679,0.0,7.869242889979299,0.014778813231878215,229.63315158891004,-51.85002452974582,-87.04964768449085,0.0,0.0,0.0,0.0,0.0,0.0,0.0,77.52274727034585,48.88432136840908,309.0983039639447,5.225967090023713,117.27693565702931,3.6711989690161575,0.0,123.32921766286405,1189.4945332345028,-10.734960662172824,402.8831288560487,2463.489596419713,2471.224384
05/05/2018,5.4316380551450925,94.93409820604164,0.0,0.002166957296956851,0.0,7.300024205771977,0.005436705533167778,219.4750761004829,-51.56396152176813,-87.61731211010823,0.0,0.0,0.0,0.0,0.0,0.0,0.0,77.73091068952193,24.818664642697332,314.8081200344406,5.670109335131887,196.12127087237542,51.58080104118643,0.0,19.145537569740053,1183.351208151567,-10.722821353956824,402.8831288560487,2453.3540964371477,2418.993932
05/12/2018,5.53819773919698,96.04698612993114,0.0,0.0008012279081184997,0.0,6.830148841862716,0.00199995162749024,209.96022619180587,-51.37788419665078,-88.11094895399047,0.0,0.0,0.0,0.0,0.0,0.0,0.0,92.46778700098645,27.022639952215318,313.9857903288964,5.559858251575982,166.37197310331476,4.1926846637563795,0.0,1.041335768480744,1226.1565448965846,-10.734960662172824,402.8831288560487,2407.8363090913776,2471.323302
05/19/2018,5.611982889669243,96.22628442879142,0.0,0.0002913556029521817,0.0,6.664968741879038,0.0007357584820516167,203.51281103968418,-51.28515162647719,-88.8505872341133,0.0,0.0,0.0,0.0,0.0,0.0,0.0,134.56387213511042,29.566775787084197,310.61470777331294,5.36379694461041,143.9496153693301,35.226508886157404,0.0,129.24053686755005,1235.071271138453,-10.734960662172824,402.8831288560487,2587.626588449003,2554.286914
05/26/2018,5.663249848950072,96.25517122421945,0.0,0.00010925835110706812,0.0,6.606901252313548,0.00027096740951049056,228.3163681668784,-51.03727046690826,-88.83184920078959,0.0,0.0,0.0,0.0,0.0,0.0,0.0,112.87466227461704,21.799596707804184,312.3602128920815,5.362743213195394,202.94358965039513,47.877573986537065,0.0,94.26649648349456,1280.6885653550664,-10.718100332956816,402.8831288560487,2667.311420136707,2630.003881
06/02/2018,5.709373418605424,96.86035427190147,0.0,3.641945036902271e-05,0.0,6.983346650377756,9.932257359281327e-05,216.26586715616605,-50.92031235309781,-88.86122248022562,0.0,0.0,5.0967862940037945,0.0,0.0,0.0,0.0,86.07625018649988,41.68625211603352,313.43548262955443,5.465532615244056,191.70449241418365,0.0,0.0,16.74418060389081,1167.8233509315871,-10.7339356881288,402.8831288560487,2406.2190633646683,2417.594136
06/09/2018,5.767406647791595,98.15810261799199,0.0,1.8209725184511357e-05,0.0,7.879826865417411,3.6643279577931106e-05,213.28959182668248,-50.78270954829094,-88.89439749957246,0.0,0.0,0.0,0.0,0.0,0.0,0.0,81.14274623284093,30.532813849626013,293.81100173106637,5.408187311620855,194.8426008512588,0.0,0.0,6.818183941421054,1212.8285488767358,-10.724278624866715,402.8831288560487,2402.960808788777,2505.721748
06/16/2018,5.807799276528027,98.29819013631072,0.0,0.0,0.0,8.088098669798017,1.350015563397462e-05,233.1327329901551,-50.60206499286233,-88.79484113885403,0.0,0.0,0.0,0.0,0.0,0.0,0.0,80.13945729886548,23.928147056206836,296.02817569958654,5.480258985384944,164.05404737281322,1.0609794080319146,0.0,139.29022816548382,1248.6548160643313,-10.734344582780421,402.8831288560487,2556.7148227652033,2541.001279
06/23/2018,5.835963016005219,98.31331161825408,0.0,0.0,0.0,8.136484745349607,4.821484154990935e-06,218.53530454030906,-50.602554770732155,-88.56148695221987,0.0,0.0,0.0,0.0,0.0,0.0,0.0,43.646798254733284,35.36380012013497,292.48622968184554,5.717904495467594,176.74636660815187,35.45737441283761,0.0,12.954511901269557,1195.1833775101798,-10.72551486293657,402.8831288560487,2381.3710039961825,2379.954377
06/30/2018,5.855623832795734,98.31494370386916,0.0,0.0,0.0,8.14772583905578,1.928593661996374e-06,196.32150324795873,-50.51777412334936,-88.41174677308067,0.0,0.0,0.0,0.0,0.0,0.0,0.0,60.87263038341284,23.991123237332264,291.5780044714024,5.472318726746736,138.646681936181,42.45266019320274,0.0,169.64209424385757,1272.9915460789211,-10.717456342666692,402.8831288560487,2567.523009440282,2595.769905
07/07/2018,5.592207188944879,96.91678187574374,0.0,0.0,0.0,6.049441526587321,9.64296830998187e-07,190.90981694766538,-50.28104058353082,-88.1104456466707,0.0,0.0,0.0,0.0,0.0,0.0,0.0,35.80698744747369,32.250554458361634,290.33906824806337,5.800207437775986,199.02637451915098,12.292381659756494,0.0,11.211618739535545,1220.2949317097696,-10.73145236967882,402.8831288560487,2360.250562979294,2430.610678
07/14/2018,5.402788449735277,96.70554540242335,0.0,0.0,0.0,5.047823707154168,0.0,169.5382780721544,-50.375363798138565,-87.5973766009694,0.0,0.0,0.0,0.0,0.0,0.0,0.0,27.391751265835513,63.39998089638813,296.4765392841471,5.674913852714985,207.6774075976804,11.369307337032138,0.0,4.5226195976210875,1192.08333290589,-10.721055452927898,402.8831288560487,2339.4796213727896,2395.359444
07/21/2018,5.267519684344256,96.67363166343098,0.0,0.0,0.0,4.569700641815868,0.0,156.60257104592938,-50.43656742509828,-87.26916443589845,0.0,0.0,0.0,0.0,0.0,0.0,0.0,62.10800645666648,66.25495417126082,292.650630585005,5.585883984104448,179.11583264646055,3.616744042254572,0.0,124.48834204183373,1179.8332913100342,-10.72358858159535,402.8831288560487,2431.220916686597,2340.091688
07/28/2018,5.171437936452977,96.66881074927788,0.0,0.0,0.0,4.3414681220498155,0.0,164.588033852414,-50.53298906770441,-86.86584024355697,0.0,0.0,0.0,0.0,0.0,0.0,0.0,50.14204961347514,53.401541074210705,289.4183261032229,5.758638545682447,194.6246911723724,0.711815825148909,0.0,150.83415977677458,1209.1448758842955,-10.719455192341988,402.8831288560487,2479.5706930078222,2363.161243
08/04/2018,5.511458493881145,96.9667941511639,0.0,0.0,0.0,4.221646424436967,0.0,160.7042234625024,-50.63650536935089,-86.89404230478283,0.0,0.0,0.0,0.0,0.0,0.0,0.0,10.688743246495799,47.59114465012218,291.4854449255754,5.6893130392754845,191.57630479550235,2.0336613575621536,0.0,3.421591790664643,1148.4748634734729,-10.725566712796569,402.8831288560487,2222.992204279774,2313.814004
08/11/2018,6.027009405870543,97.21994050606484,0.0,0.0,0.0,4.156096671252141,0.0,152.0198513851995,-51.043129716097866,-86.66270256030981,0.0,0.0,0.0,0.0,0.0,0.0,0.0,5.889138692342144,58.78406242340307,288.83539346849176,6.1459722115909035,197.86292976583172,9.352148342874724,0.0,26.68294499672317,1145.2315844674783,-10.708058636054206,402.8831288560487,2252.67631028071,2191.974171
08/18/2018,6.371000582825099,97.25438637040016,0.0,0.0,0.0,4.124705607231024,0.0,164.55850801062454,-51.02781564761078,-86.9046919893521,0.0,0.0,0.0,0.0,0.0,0.0,0.0,8.094797468606451,68.12274874442726,286.6449602234567,5.810214790827195,188.03160340679892,40.07358861884673,0.0,25.433050971893472,1154.7569480324419,-10.706016631837048,402.8831288560487,2303.5211174156284,2288.759955
08/25/2018,6.604590836895662,97.25907390762525,0.0,0.0,0.0,4.109672822453471,0.0,164.19929839489504,-51.332565614039495,-87.13505932503847,0.0,0.0,0.0,0.0,0.0,0.0,0.0,47.614444813865724,59.61513788139954,289.96458954869877,5.385357197286714,200.19249716546668,1.7950521195946978,0.0,146.82947097869823,1205.0201468616115,-10.734960662172824,402.8831288560487,2482.269875783289,2462.323952
09/01/2018,6.659013320082133,97.27353766822905,0.0,0.0,0.0,5.297737174277361,0.0,172.45316377557174,-51.45698171829063,-87.59326771804733,0.0,0.0,0.0,0.0,0.0,0.0,0.0,16.915538773526354,68.83592693310752,294.532225089957,6.006503855613824,139.33291941363294,7.579142461597059,0.0,23.33021817702775,1197.7214817907386,-10.723405657865667,402.8831288560487,2289.0468821952063,2342.935852
09/08/2018,6.03902738158064,97.35754273368713,0.0,0.0,0.0,8.973685265616197,0.0,158.8009349784571,-51.68751635805694,-87.67843542738053,0.0,20.48486675537798,0.0,0.0,0.0,0.0,0.0,64.85563991304704,54.670584352005655,291.0996658390099,5.337976869231174,129.50641213800915,1.05728588515209,0.0,234.64674013854727,1218.0688462191954,-10.72007663921472,402.8831288560487,2543.6963089003134,2457.325884
09/15/2018,5.578543551969426,97.36873214161587,0.0,0.0,0.0,9.349706817833482,0.0,157.20964322518674,-51.846503059655674,-88.0839954257506,0.0,0.0,0.0,0.0,0.0,0.0,0.0,60.244507121539534,46.912924928012046,294.4319117956664,5.627997567317617,142.7094671059132,68.6513972620641,0.0,94.70712913219701,1207.8818802187607,-10.723247102496687,402.8831288560487,2442.9032241362215,2388.007256
09/22/2018,5.24054146535891,97.37022270514704,0.0,0.0,0.0,9.388170904509028,0.0,134.21185188541352,-52.08796359367494,-88.57556278327385,0.0,0.0,0.0,0.0,0.0,0.0,0.0,31.934262789101815,60.561563543752655,288.01548763580126,5.583244011471992,171.9352129095054,3.3291256095745263,0.0,16.793959957252547,1212.4503257069507,-10.716714664234543,402.8831288560487,2288.316856938705,2399.363333
09/29/2018,4.9950348899197,97.37042226146679,0.0,0.0,0.0,9.392105500294052,0.0,146.10241052341195,-51.78482337345044,-89.00088453898516,0.0,0.0,0.0,0.0,0.0,0.0,0.0,19.153701343984327,50.570987784637914,293.9093995550933,5.55405692581582,137.07459014961708,27.99312612569668,0.0,21.4494151335287,1210.8141212403973,-10.719828232224998,402.8831288560487,2275.756964145252,2377.407425
10/06/2018,5.731122630005265,99.33672398634874,0.0,0.0,0.0,8.566170922317625,0.0,155.2380190540621,-52.03452232145398,-89.31117003717644,0.0,0.0,0.0,0.0,0.0,0.0,0.0,16.464195957124904,25.74939401723708,286.26781945714356,5.607297962260212,120.03410608797165,6.636157106264554,0.0,17.607887772882837,1217.3729278468613,-10.730371788538564,402.8831288560487,2215.4188875093596,2313.482817
10/13/2018,6.346158590579807,99.69801764881935,0.0,0.0,0.0,8.157400762011003,0.0,168.5624750910959,-52.019536430392456,-89.74110893788159,0.0,0.0,0.0,0.0,0.0,0.0,0.0,14.49974547998386,11.008064533839917,286.15152105979644,5.76492440714334,103.57088358962615,0.9758129462423649,0.0,152.1913699141854,1261.781685630361,-10.721704703348745,402.8831288560487,2369.1088384381105,2299.976621
10/20/2018,6.753947413543446,99.72327984986829,0.0,0.0,0.0,8.057916058341176,0.0,164.71254114899367,-52.04212391548385,-90.41183882408893,0.0,0.0,0.0,0.0,0.0,0.0,0.0,63.65373385854693,85.36354491096479,276.09625738697645,5.593895089366254,169.49306441553546,0.7161700170597325,0.0,141.7863734333204,1210.7755510591285,-10.72626996006955,402.8831288560487,2482.429170798051,2354.587591
10/27/2018,7.029874490209978,99.7240760388583,0.0,0.0,0.0,8.033703902369126,0.0,168.24877064580846,-51.95858217832244,-90.57940891051103,0.0,0.0,0.0,0.0,0.0,0.0,0.0,15.678636065468133,71.44237034454993,293.3977048758529,5.926231869904737,163.62550300451338,48.84881251785826,0.0,35.27570350534736,1213.106754392741,-10.726362817479277,402.8831288560487,2379.956916603218,2313.979544
11/03/2018,6.95396729034797,99.56265941164975,0.0,0.0,0.0,7.836022463062516,0.0,155.04905908792554,-51.89988697353057,-90.81337317678974,0.0,0.0,0.0,0.0,0.0,0.0,0.0,10.122071866629543,50.92948717769773,285.52856015969826,5.862820999857417,120.53015134353255,20.265275682643875,0.0,141.44541145390022,1226.1223025201434,-10.721380507536749,402.8831288560487,2379.6562776552805,2313.834559
11/10/2018,6.5345774575227065,99.31654436258646,0.0,0.0,0.0,7.479009976175238,0.0,145.46907884520252,-51.84706301288525,-90.90442967337572,0.0,0.0,0.0,0.0,0.0,0.0,0.0,46.229709748149034,83.33681348432104,287.2303732782152,5.593956311837329,118.8894824545789,76.3857993396743,0.0,104.08548892908264,1276.5182656509535,-10.72930204970858,402.8831288560487,2506.471433958378,2505.642201
11/17/2018,6.230011243578001,99.29511852997022,0.0,0.0,0.0,7.372005178184732,0.0,166.08917589870134,-51.85458263990277,-91.2559690301573,0.0,0.0,0.0,0.0,0.0,0.0,0.0,16.52035292854392,62.76175009414328,288.57353760018094,5.834779980884402,165.17950426105537,33.914369922297425,0.0,0.0,1313.5559258680503,-10.734960662172824,402.8831288560487,2414.3641480294054,2584.746887
11/24/2018,6.010777509472532,99.29339990207362,0.0,0.0,0.0,7.3399333643850655,0.0,153.64592088004974,-51.753257216700284,-91.27966789278204,0.0,0.0,0.0,0.0,0.0,133.17284821915817,0.0,18.736756121913864,50.0784809363926,295.2581796203812,5.794364094603625,157.2959221577557,95.18977326861156,0.0,13.792587641628863,1455.496632691381,-10.734960662172824,402.8831288560487,2740.2208194922014,2809.635715
12/01/2018,6.094002103421657,99.51227245905783,0.0,0.0,0.0,7.447027211586769,0.0,144.72866262442778,-51.73626688612762,-91.640990213819,0.0,0.0,0.0,0.0,0.0,0.0,0.0,18.809300261868096,71.70624627436163,292.2197310295834,5.997213363255736,147.81359578618074,28.804942347363767,0.0,31.873377272116787,1222.527613118183,-10.734960662172824,402.8831288560487,2326.3048949453364,2454.992931
12/08/2018,7.471177135760614,100.48917293248383,0.0,0.0,0.0,8.076160091552646,0.0,145.02811578550975,-51.630192078727404,-91.8786691118557,0.0,0.0,0.0,0.0,0.0,0.0,0.0,6.070209174859768,34.746932825238524,293.13631756612324,6.1610845612972085,117.1707191247477,5.683450820008544,0.0,136.10369376963132,1233.7519404497366,-10.734960662172824,402.8831288560487,2342.5282812402424,2458.022247
12/15/2018,8.341312237863951,100.5312253542928,0.0,0.0,0.0,8.21631066928517,0.0,146.3331078454313,-51.535499513142554,-92.05739194500985,0.0,0.0,0.0,0.0,0.0,0.0,0.0,38.35360754642113,91.56927765509094,294.40856285865806,5.9851652893727225,209.83428883352263,6.192489127208204,0.0,4.741206500305586,1271.5758634974543,-10.734960662172824,402.8831288560487,2434.6376941506305,2490.946041
12/22/2018,8.915879113120331,100.53242676478925,0.0,0.0,0.0,8.247531647284442,0.0,132.69037990445366,-51.38521772946893,-91.85115591599218,282.58341143099665,0.0,0.0,0.0,0.0,0.0,0.0,10.31436987853273,44.377640143877684,294.4244299956105,5.896470740262856,222.33697221928227,43.02147468533757,0.0,12.850406714927457,1516.3037617288119,-10.734960662172824,402.8831288560487,2931.406949515702,2887.390697
12/29/2018,9.303774617099418,100.53247767201367,0.0,0.0,0.0,8.25448671523201,0.0,127.01769790283394,-51.20918654762455,-91.79266048820851,0.0,0.0,0.0,0.0,0.0,0.0,0.0,14.150841791418683,23.76246048058665,282.97995972604105,6.191409114230156,176.48434615879574,6.005687352421592,0.0,38.91922907947116,1137.6940932265109,-10.734960662172824,402.8831288560487,2180.442784994698,2310.976458
01/05/2019,9.447755780789509,100.5723899541078,0.0,0.0,0.0,7.078674743771315,0.0,140.20216200971248,-51.12282061243539,-91.40980281506661,0.0,0.0,0.0,0.0,0.0,0.0,0.0,43.647146095574826,56.994176199687566,310.2462543927998,5.878877345709144,202.97714339674368,6.12261380226656,0.0,256.54602483187693,1159.670293819251,-10.734960662172824,402.8831288560487,2548.9990571386643,2298.241182
01/12/2019,9.747596894203598,100.269734287164,0.0,0.0,0.0,6.7484471033928415,7.038206817199074,160.81685130058838,-50.98745102641426,-91.01561029515406,0.0,0.0,0.0,0.0,0.0,0.0,0.0,28.3618600484254,104.53870956104959,297.83632934515,5.990151317701478,204.35630566584103,6.039374291817425,0.0,234.28636980944393,1171.9632456612737,-10.726419498071571,402.8831288560487,2588.146830139659,2382.6958
01/19/2019,10.148406430267864,99.87148401604942,0.0,0.0,0.0,6.7279988486472195,11.333226367228733,133.70279709785748,-50.93368678312709,-90.80960017185984,0.0,0.0,0.0,0.0,0.0,0.0,0.0,32.14105416940289,170.11544401020026,291.5426873685691,5.8134257322668015,205.73546790683875,5.956134781368289,0.0,212.02671474702433,1184.256172983156,-10.729056326459022,402.8831288560487,2619.7818000334796,2435.07803
01/26/2019,10.611539365534519,99.36320694263941,0.0,0.0,0.0,6.814349605047543,52.84894547329438,117.50133680234624,-50.92854593197416,-90.61607914610146,0.0,0.0,0.0,0.0,0.0,0.0,0.0,33.484647393360774,163.33512524950655,294.84971363371847,5.597836558228025,207.11463017593613,5.872895270919153,0.0,189.76705972459132,1196.5491248251788,-10.720855567960369,402.8831288560487,2634.328059230314,2521.669488
02/02/2019,11.11082322658742,98.71159752442576,0.0,0.0,991.7228717878852,6.933123808066698,26.461446770038155,109.83236364219918,-50.83639381341272,-90.67080275603121,0.0,0.0,0.0,0.0,0.0,0.0,0.0,75.92376157072597,161.2485377963129,291.07909223728893,5.57165422850688,208.49379244503345,5.789655760470017,0.0,167.50740466217172,1208.8420521470607,-10.726542413371154,402.8831288560487,3619.8775674800063,2691.409504
02/09/2019,11.629002916167888,97.87014692117332,0.0,0.0,364.83445411449617,7.058109751392331,17.73222974406404,108.71017157820842,-50.87391586847498,-89.82831915340087,0.0,0.0,0.0,0.0,0.0,0.0,0.0,15.702482487605458,184.8269728335704,294.5987687600706,5.731968988656717,209.8729547141308,5.706416250020882,0.0,145.24774963973874,1221.1350039890835,-10.734960662172824,402.8831288560487,2942.102365860379,3041.361823
02/16/2019,12.154935512585036,96.77346174867398,0.0,0.0,134.21509990301132,7.180568035900769,16.728732318292113,112.50303939368477,-50.915796194352545,-88.877620980304,0.0,0.0,0.0,0.0,0.0,0.0,0.0,28.36280694849406,177.0199321876731,331.1693296528829,5.574716771663073,211.2521169551285,5.623176739571746,0.0,122.98809457731913,1233.4279313109657,-10.734960662172824,402.8831288560487,2747.3286930750655,2669.894872
02/23/2019,12.681564755153211,95.32731884338298,0.0,0.0,49.37497847967639,7.2978864161664525,13.49327730467911,119.89032097900882,-50.92940299242026,-88.7541234644274,0.0,0.0,0.0,0.0,0.0,0.0,0.0,24.451182089342257,70.00856380218265,299.8347299540736,5.525150363945778,212.6312792242259,5.53993722912261,0.0,100.72843955488614,1245.7208831529886,-10.729007697087223,402.8831288560487,2514.9761068509483,2507.651129
03/02/2019,13.021848396732464,96.93312411292882,0.0,0.0,18.164041239795722,8.1074134234225,11.757395471467229,129.81955594611668,-50.981509438960884,-88.63871076188327,0.0,0.0,0.0,0.0,0.0,0.0,0.0,25.271564714136357,33.425388170964396,290.6006335508969,5.669151218172664,197.0933797496069,0.0,0.0,244.3919932431968,1189.3763338964186,-10.734385697679757,402.8831288560487,2516.1603460913807,2485.075413
03/09/2019,13.207479480143139,99.89493391990881,0.0,0.0,6.682171597227686,9.31180197643191,11.914299101729437,141.4652879574983,-50.96308565357776,-88.3374436993932,0.0,0.0,0.0,0.0,0.0,0.0,0.0,19.80031814393334,31.673357700210538,290.9990543236245,5.724237251756264,136.92358564622342,2.8774530028382452,0.0,0.0,1151.9982728265152,-10.734960662172824,402.8831288560487,2175.3198917689456,2372.868974
03/16/2019,13.336392536383723,99.93303390481339,0.0,0.0,2.4582327550908802,9.427912208401692,11.694072991466072,147.88070379244542,-50.88644193594882,-89.01766486463862,0.0,0.0,0.0,0.0,0.0,0.0,0.0,14.026372743617614,41.18062788324641,289.85080080191807,6.054519286542817,120.32241091412573,2.3747772256545114,0.0,0.0,1118.030877502868,-10.729373115148164,402.8831288560487,2128.8203834868873,2246.360612
03/23/2019,13.42613943779129,99.93535832868066,0.0,0.0,0.9043320784392681,9.439105937664094,7.1204719441483615,186.05934527065298,-50.8702547548109,-89.77742465064485,0.0,0.0,0.0,0.0,0.0,0.0,0.0,18.974891826936776,76.94928397870541,290.8515758146752,5.895228595637807,136.2416642691309,9.659637114780578,0.0,18.548893092717154,1136.4645062526347,-10.718874430970164,402.8831288560487,2261.987008962218,2268.194984
03/30/2019,13.488724988419905,99.93549985076457,0.0,0.0,0.3326849936793707,9.440185076168829,2.619475698126997,206.61570797895334,-50.79043047313787,-89.61056629370101,0.0,0.0,0.0,0.0,0.0,0.0,0.0,15.373019237184653,48.66314061498221,288.3542793268207,5.794253024343645,143.4952924172432,1.8370692337292145,0.0,16.805440118189296,1156.2621291273424,-10.728021583600796,402.8831288560487,2260.7710121915575,2292.695458
04/06/2019,11.609092318970479,94.22890893412011,0.0,0.0,0.12239292636710943,7.062101853900305,0.9636507521214183,205.99834207610675,-50.65517625791854,-89.87828387888214,0.0,0.0,0.0,0.0,0.0,0.0,0.0,16.298623716547418,86.37676735188268,283.6299884532754,5.799244665272826,117.39959608208635,1.038344312535077,0.0,97.53863025418961,1139.5950171317027,-10.730720460060871,402.8831288560487,2319.279649088265,2282.935376
04/13/2019,9.788702689570535,91.42217984119667,0.0,0.0,0.04502456590327535,4.914077877300914,0.35450733687035646,189.58332259350516,-50.575838094636936,-89.93241393791035,0.0,0.0,0.0,0.0,0.0,0.0,0.0,23.485730509130892,75.0194046971494,288.06934768784856,5.636749634549681,110.9527274560315,58.54241424452597,0.0,222.7368788972306,1241.1595975458736,-10.722556951875717,402.8831288560487,2573.362985448313,2350.790531
04/20/2019,8.366977809269667,90.62598881489201,0.0,0.0,0.016563279111844686,3.7514834254901657,0.1304163249083498,185.18104465628406,-50.47626035522386,-89.9719167690839,0.0,0.0,0.0,0.0,0.0,0.0,0.0,103.2454035824981,62.73682069585146,283.42696182864915,5.255606055823532,123.73387799388388,50.5412119898973,0.0,212.63378145876348,1220.379746876336,-10.734960662172824,402.8831288560487,2601.725875861227,2625.296027
04/27/2019,7.267515644357893,90.39333465411131,0.0,0.0,0.006095119723577377,3.1222419217142736,0.047977624529483794,184.60771339193826,-50.37495585469129,-89.96567847827099,0.0,0.0,0.0,0.0,0.0,0.0,0.0,42.19705560062926,24.73875047959075,306.6089122490056,5.781260200327682,177.6732519702897,3.6711989690161575,0.0,18.50915838034222,1189.4945332345028,-10.734960662172824,402.8831288560487,2305.9265333009926,2289.408072
05/04/2019,6.340641408510695,94.52381346707286,0.0,0.0,0.0022439225009745485,5.775922107518657,0.017649524897759818,153.69333706435106,-50.327800956431126,-90.2544660817662,0.0,0.0,0.0,0.0,0.0,0.0,0.0,58.441222900983014,27.76800667432218,286.02020756091173,5.94728346398009,111.10285525153968,51.58080104118643,0.0,98.11020711403646,1183.351208151567,-10.72125404970015,402.8831288560487,2334.25500742153,2303.69769
05/11/2019,5.563555310564037,95.98088513530354,0.0,0.0,0.0008245110584976247,6.294365600890788,0.006492610563110793,157.88076825195247,-50.43865713752735,-90.09462540844541,0.0,0.0,0.0,0.0,0.0,0.0,0.0,41.41673264608693,39.17522812563909,290.3375499999462,5.7777240608708516,169.8982748662674,4.1926846637563795,0.0,14.22850586687451,1226.1565448965846,-10.726009100525458,402.8831288560487,2308.533973755909,2411.28544
05/18/2019,4.97353262865914,96.2156346374416,0.0,0.0,0.0003026686164105204,6.476619416491374,0.0023885632503825092,133.67491798077648,-50.433421599580925,-90.2112989663405,0.0,0.0,0.0,0.0,0.0,0.0,0.0,66.47122535060531,34.6017501225429,289.72299931750115,5.6253448530480465,147.92499107690136,35.226508886157404,0.0,110.58405575318048,1235.071271138453,-10.734960662172824,402.8831288560487,2418.0749900215797,2407.021152
05/25/2019,4.531141164665431,96.25345565075631,0.0,0.0,0.00011480533725916294,6.540688904029904,0.0008784744130393483,123.17079989764281,-50.50578789081328,-90.19336797695581,0.0,0.0,0.0,0.0,0.0,0.0,0.0,41.6661345294778,24.232298450691776,286.7765021729233,5.608477637796404,173.36709325353527,47.877573986537065,0.0,20.457130961777683,1280.6885653550664,-10.734960662172824,402.8831288560487,2362.6198675707574,2458.920994
06/01/2019,4.138775656182205,96.86010788093526,0.0,0.0,4.174739536696834e-05,6.962668165894752,0.00032303943838439265,114.23828741437154,-50.5598465276458,-90.4464135479694,0.0,0.0,0.0,0.0,0.0,0.0,0.0,56.12842914552151,42.51398455127056,285.1186523071007,5.8088017448695215,127.60197781381189,0.0,0.0,122.67136565415926,1167.8233509315871,-10.726836336594085,402.8831288560487,2281.0167984963778,2276.520773
