Period,Geography,TAS_SPD__APL_0.70|0.6|0,DEP_ALL__PVAL_3|3,LTV_30B_17__PVAL_3|5,LTV_30B_18__PVAL_3|5,LTV_30B_19__PVAL_3|5,MAS_SPD__PVAL_3|3,SUP_VID__PVAL_3|5,IRI_pctTD__PVAL_5|3#LAG_2,IRI_BAS_PRC_1500ML__RA_7,IRI_BAS_PRC_750ML__RA_5,HOL_CHR_NEW,HOL_LAB,HOL_MEM,HOL_MOT,HOL_NWY,HOL_THK,HOL_VAT,IRI_BAV_1500ML,IRI_BAV_750ML,IRI_TRD_DESEA,IRI_WBR,IRI_pctAT,IRI_pctFD,IRI_pctTA,IRI_pctTF,SEA_IRI_CORE_1,WBR_TRD,Intercept,Predicted,IRI_EVO
06/11/2016,Total,60.705022538446215,1267.2991811665804,0.0,0.0,0.0,148.89434097186552,0.0,0.0,-1319.2482284743317,-1455.4869450008946,0.0,0.0,0.0,0.0,0.0,0.0,0.0,1198.9010351202792,1286.2514561591454,4811.375517651207,100.29557707151741,3076.5424016232982,92.56995483946818,4280.233392124091,649.868369423393,18582.13198882668,-281.4773450623721,2159.8394053287566,34658.69512430713,35444.880256000004
06/18/2016,Total,83.66052418005596,1673.9212743816115,0.0,0.0,0.0,186.84720969882696,0.0,0.0,-1325.7941815949227,-1461.8986627897214,0.0,0.0,0.0,0.0,0.0,0.0,0.0,1365.1947601985835,1231.6305675734948,4806.27755869079,106.00220783833359,3251.0971958475284,91.57096751621057,4160.213507643491,628.1031760720742,18725.112527758964,-284.7419411044793,2159.8394053287566,35397.0360972396,36555.261371
06/25/2016,Total,97.60056060359652,1846.6043301800578,0.0,0.0,0.0,199.75561319655444,0.0,1683.8188567284128,-1328.5164458377042,-1465.9280600205868,0.0,0.0,0.0,0.0,0.0,0.0,0.0,1360.5052312951639,731.5003394274547,4832.9046890154095,100.02304681164723,3044.7424367023614,237.72809880279354,4156.959571672745,908.2923319114959,18318.132447309385,-284.68177223296965,2159.8394053287566,36599.28068089457,35256.490842
07/02/2016,Total,111.16620945201642,1895.4549115179548,0.0,0.0,0.0,195.93378770771875,0.0,2304.549480561705,-1326.302260828702,-1468.1404718313274,0.0,0.0,0.0,0.0,0.0,0.0,0.0,1229.318634786227,579.3495738443485,4796.9818885984805,109.453504762763,3114.5034658908853,327.0502044419971,4316.872886740719,1193.8864710231903,19640.132510292922,-285.60051526310326,2159.8394053287566,38894.44968702655,36976.117449
07/09/2016,Total,130.28777987468473,1841.1819888597488,0.0,0.0,0.0,165.96540885509552,0.0,2634.6915921881596,-1330.4843218569522,-1474.5746693486667,0.0,0.0,0.0,0.0,0.0,0.0,0.0,1112.3492579612944,778.5190263828283,4840.090049803638,104.91232782684529,2951.8406763485614,215.34133768663412,4334.987186879765,1337.609705479661,18594.36879326487,-285.9776806201394,2159.8394053287566,38110.947864914786,35708.283753
07/16/2016,Total,142.75093584059667,1821.1977724626179,0.0,0.0,0.0,152.75387748122347,0.0,2846.954412059767,-1336.0570833129195,-1483.0770544559327,0.0,0.0,0.0,0.0,0.0,0.0,0.0,832.5281376899898,1855.8310786577495,4883.441836552767,95.75898458663973,3240.9795203019244,361.9862372502635,4337.175967394203,1693.4081686766222,19797.23846873128,-286.0340709463328,2159.8394053287566,41116.67659429921,39570.577206999995
07/23/2016,Total,151.15523856699355,1811.8001364257284,0.0,0.0,0.0,146.12528206250656,0.0,2862.5250759267806,-1334.0544880797243,-1484.9581629629688,0.0,0.0,0.0,0.0,0.0,0.0,0.0,801.1993262349249,821.9603038356192,4965.908139196411,103.1160272998703,2854.747788748124,80.67151745563481,4335.119013061713,810.8002230460258,19726.01498009806,-285.9083493513397,2159.8394053287566,38526.06145689312,36964.478767
07/30/2016,Total,156.93063232935114,1807.0103726117052,0.0,0.0,0.0,142.47245090617216,0.0,3077.808244740653,-1331.5576623687648,-1484.8675703914432,0.0,0.0,0.0,0.0,0.0,0.0,0.0,1327.7720505712264,689.1906242169429,4926.078117067301,97.23880286489127,3216.2341851435895,591.689669774878,4336.931938926926,2860.0176996964046,19420.435255117685,-286.0742801415713,2159.8394053287566,41707.14993639471,39120.475049
08/06/2016,Total,137.87707414392128,1897.1290019882356,0.0,0.0,0.0,143.04944087365084,0.0,3108.7324502675037,-1330.089632727538,-1484.8196690271336,0.0,0.0,0.0,0.0,0.0,0.0,0.0,865.047698141758,796.7569095724892,4912.630363642021,108.260290512991,2342.495199187892,120.05482704890944,4328.064280108387,1062.2095155131328,19179.728038730733,-286.11221922403683,2159.8394053287566,38060.852974081674,36915.171818
08/13/2016,Total,118.87573234093874,1943.7295775683874,0.0,0.0,0.0,143.42515047627646,0.0,3122.541801238106,-1331.0082806268688,-1483.681480950023,0.0,0.0,0.0,0.0,0.0,0.0,0.0,766.903933596434,720.4978920527324,4989.6839405044775,104.49249970847576,2390.171290543735,110.03664757435052,4326.475510121632,877.1501771256067,19387.140186621524,-285.72106981941806,2159.8394053287566,38060.552913405125,36383.300145
08/20/2016,Total,104.13827496701924,1963.4416576341525,0.0,0.0,0.0,143.4630473577926,0.0,2987.006054292028,-1330.510338453139,-1482.3431618046914,0.0,0.0,0.0,0.0,0.0,0.0,0.0,525.7116027887205,609.8004048549802,4881.3582648209,105.57130623833382,2500.06082646994,60.10073932514294,4333.114122670691,525.2160896447481,18928.724025065374,-286.1424416165311,2159.8394053287566,36728.549879584214,36058.730771
08/27/2016,Total,92.82996854442484,1972.4586516753777,0.0,0.0,0.0,143.43329134206056,0.0,2915.971224507405,-1331.2150728236466,-1479.0158026471127,0.0,0.0,0.0,0.0,0.0,0.0,0.0,455.66621818168073,837.7748274056657,4978.437128474379,115.3420014878889,2641.651996945026,230.98674808662685,4329.935872715474,771.8417629830574,18989.787425122733,-286.22297712160156,2159.8394053287566,37539.502670208196,37013.953742
09/03/2016,Total,83.9356392619534,1972.1142265515364,0.0,0.0,0.0,153.68058859584758,0.0,2855.8590795545556,-1331.3442656318311,-1476.2306450688402,0.0,0.0,0.0,0.0,0.0,0.0,0.0,950.6301520442115,1239.419993478602,4943.342997940183,100.89133556771448,2797.1849685584925,243.06198175622166,4334.084133583534,2244.575050397309,20214.795975546633,-286.2031611331803,2159.8394053287566,41199.6374563317,39308.066724
09/10/2016,Total,76.80153202317747,1966.2362854659275,0.0,0.0,0.0,169.34721023867897,0.0,2818.2973716834194,-1331.2131215652294,-1473.3614487261693,0.0,225.49820215528206,0.0,0.0,0.0,0.0,0.0,790.9739711912068,1602.7019324857429,4857.280783355318,108.55999223702241,3078.234327358269,118.1560144523535,4336.099016154868,1069.6218250397865,19837.698264878374,-285.99143020641554,2159.8394053287566,40124.78013355037,37015.493754999996
09/17/2016,Total,71.47488940406876,1964.0700869075336,0.0,0.0,0.0,175.23410674402186,0.0,2793.24857101697,-1331.4057285903114,-1471.4605506414043,0.0,0.0,0.0,0.0,0.0,0.0,0.0,1011.4615573823488,1791.5763700599002,4680.883419390039,93.58203933236696,3775.561489693334,735.8873646770513,4336.0878385976985,2419.087681466185,20413.085766658955,-286.1224583906213,2159.8394053287566,43332.09184903689,40251.539598
09/24/2016,Total,67.53652023688076,1963.104116758266,0.0,0.0,0.0,177.78580237331005,0.0,2948.3682816808464,-1330.3004754173483,-1470.6708436279923,0.0,0.0,0.0,0.0,0.0,0.0,0.0,866.9503126562787,1613.8147588899783,4896.027404708033,96.29271514825814,3572.2247292700054,57.68008870586141,4335.680093797661,831.3351356706432,19222.56862541514,-286.06413156768656,2159.8394053287566,39722.17254002689,38765.075163
10/01/2016,Total,69.86141164406351,1971.2528221656867,0.0,0.0,0.0,177.8142321697071,0.0,3125.012827173153,-1326.7893823239012,-1469.7337616253149,0.0,0.0,0.0,0.0,0.0,0.0,0.0,1021.4368892349585,2102.393404282088,4979.247926361454,87.74725494136604,3632.85763850274,509.7695578926771,4339.3050401877645,3417.4452850564016,20942.83225351833,-286.164840115751,2159.8394053287566,45454.12796439418,45328.223869
10/08/2016,Total,98.20993697243247,2022.1133708314142,0.0,0.0,0.0,170.57156777792403,0.0,3283.983070402733,-1322.0186532235953,-1466.9152636068975,0.0,0.0,0.0,0.0,0.0,0.0,0.0,1573.0561184104504,1278.5090292280693,5124.866642416314,95.69134533648551,3651.062831132931,237.60602842186955,4333.269658698648,1410.096242695331,20281.607357518176,-286.06315300085754,2159.8394053287566,42645.48553534019,41948.031556
10/15/2016,Total,115.23159275135495,2040.172208881569,0.0,0.0,0.0,167.78715708132276,0.0,3381.600020494814,-1317.620282285589,-1463.8038959493097,0.0,0.0,0.0,0.0,0.0,0.0,0.0,1409.3801505400256,1172.8680627526842,5040.170772772578,103.07345314940794,3670.602449655146,264.9563271329281,4336.380566392347,1502.270929908551,19875.7883346069,-286.08581602222995,2159.8394053287566,42172.61143719126,40012.159395
10/22/2016,Total,126.30056007638389,2047.719475008637,0.0,0.0,0.0,166.54199875265712,0.0,3212.62640484761,-1312.728646519271,-1460.989535656197,0.0,0.0,0.0,0.0,0.0,0.0,0.0,1328.4244978415395,967.5400313940254,4909.19171477782,94.04308275734734,3604.7563339605954,137.3410319752113,4337.994074286546,1071.4361250810016,20438.162172710294,-286.1008063957918,2159.8394053287566,41542.09792022717,40393.807042
10/29/2016,Total,133.7513529324932,2050.9780036796847,0.0,0.0,0.0,165.927573285923,0.0,3239.2916396553524,-1310.4514499885167,-1458.1235784064536,0.0,0.0,0.0,0.0,0.0,0.0,0.0,1239.6347601669704,978.6861638961523,5060.7325814509095,93.13878800115336,3145.3377322259817,657.285136957253,4339.24587741355,2533.9198973925786,21648.01238268012,-286.1854699597783,2159.8394053287566,44391.02079671213,42532.060944
11/05/2016,Total,123.98297671707768,2006.5125441869332,0.0,0.0,0.0,183.38860044766807,0.0,3313.606861067094,-1306.9893659141073,-1456.4545303827529,0.0,0.0,0.0,0.0,0.0,0.0,0.0,1472.4502371371348,1391.9116459109882,5009.934581455032,92.99312661372284,3514.6057183469657,358.02001647958235,4336.898689354997,952.3577305914866,21263.822589806303,-286.1595119465437,2159.8394053287566,43130.72131520034,42367.92684
11/12/2016,Total,110.20745033869257,1969.0870133929373,0.0,0.0,0.0,194.60299490255758,0.0,3203.8954709257077,-1303.1510293451686,-1454.7952068276848,0.0,0.0,0.0,0.0,0.0,0.0,0.0,1173.4504475826427,1330.3254873147057,4968.757076287808,96.27605994993948,3451.002901847768,261.5698619750278,4334.816632537582,1398.2155091741693,21610.58096024479,-286.20401935555265,2159.8394053287566,43218.47701627468,41810.596442
11/19/2016,Total,99.74845214036624,1953.3889331005726,0.0,0.0,0.0,198.29456552746018,0.0,3151.1485472326895,-1300.098719572191,-1454.1403490947025,0.0,0.0,0.0,0.0,0.0,0.0,0.0,1045.2428965127824,1227.4966787713925,4989.078338977444,103.3388049073065,3256.2726822516224,143.01419545376984,4338.323361662908,900.9859489320709,23851.592076327055,-286.5610793527744,2159.8394053287566,44376.96473910653,46627.49061600001
11/26/2016,Total,91.89895701296271,1946.0372930383865,0.0,0.0,0.0,199.66951775866647,0.0,3250.078377642004,-1296.3191564839842,-1451.1294754130104,0.0,0.0,0.0,0.0,0.0,3478.215707945812,0.0,663.9053356761136,1229.833526997588,4968.541981048707,94.51720076398637,3150.0030767795506,205.23152991824645,4340.960350535202,1141.7971818120216,24904.588448279283,-286.2510080268296,2159.8394053287566,48791.41825061345,48923.940082
12/03/2016,Total,87.99461615558567,2000.9431898316147,0.0,0.0,0.0,203.91409781707077,0.0,3425.2368233556613,-1291.8672567834594,-1445.9421898417004,0.0,0.0,0.0,0.0,0.0,0.0,0.0,755.478299663097,1209.528560773433,5001.0657668395925,105.36886090612185,2924.6146490275655,270.82897973952146,4334.189038222757,1201.5516479638181,20453.708219090582,-286.0561552487381,2159.8394053287566,41110.39655284128,40365.645409000004
12/10/2016,Total,87.73486591742177,2084.356518433914,0.0,0.0,0.0,209.6387357022442,0.0,3458.0457067161506,-1288.75714638558,-1440.2797991007449,0.0,0.0,0.0,0.0,0.0,0.0,0.0,977.3831787851447,1367.3030683202487,4992.375808917799,92.18070831562643,2792.401958106468,725.0690293868865,4337.237940167742,3069.283610076199,23380.28189359331,-286.2917151282424,2159.8394053287566,46717.80376715334,45404.874406999996
12/17/2016,Total,87.54267584770213,2112.4976051306635,0.0,0.0,0.0,211.2147529730963,0.0,3390.1002336371334,-1289.237628047278,-1436.8432883349547,0.0,0.0,0.0,0.0,0.0,0.0,0.0,746.8459993868679,1728.8651782937438,4982.200478186677,93.15410693313108,3482.2821667343906,300.7852211948079,4341.73286310128,1681.6843759141886,23450.548233826034,-286.4780718694003,2159.8394053287566,45756.73430823683,48149.157841
12/24/2016,Total,87.3998835977862,2123.3248634141673,0.0,0.0,0.0,211.71240752188172,0.0,3319.7340412744734,-1289.922912364695,-1434.5680829896137,5624.104117284261,0.0,0.0,0.0,0.0,0.0,0.0,621.2649057897787,1627.069828395496,5089.694387751435,92.52635319143761,3632.6161270144726,237.011409993434,4347.17619066642,875.4119378900281,27063.49758086991,-286.78266331338955,2159.8394053287566,54101.10978131604,55442.408497
12/31/2016,Total,87.29330019467595,2127.589787226624,0.0,0.0,0.0,211.88156508148745,0.0,3371.1680077236147,-1293.7185480545013,-1432.3082838843288,0.0,0.0,0.0,0.0,0.0,0.0,0.0,466.2245741049187,1579.6699041544061,5106.109224748989,90.83327927711046,3751.2476327514823,67.5834873172972,4347.566571769718,1072.3417132062873,22360.802756933474,-286.77121391849306,2159.8394053287566,43787.35316396151,42050.718918
01/07/2017,Total,110.72924142336937,2006.65915781002,0.0,0.0,0.0,156.72379061651833,0.0,3503.4445340396883,-1296.6401388577976,-1430.0542986872395,0.0,0.0,0.0,0.0,112.00501990064568,0.0,0.0,904.117753295804,1974.754927930042,4639.710004009189,84.57358395119331,2812.0366447650144,1035.1409773280318,4333.909527312149,4235.155906615854,22644.906523448364,-285.89721171557227,2159.8394053287566,47701.11534851403,45294.539130000005
01/14/2017,Total,126.84523922012457,1959.1723395194572,0.0,0.0,0.0,126.60836653939813,0.0,3730.97675778919,-1301.452161195322,-1427.5243221115513,0.0,0.0,0.0,0.0,0.0,0.0,0.0,978.6324376951849,2137.179291229637,4904.716816487612,89.64848324541883,2740.0038888345307,915.4570101577372,4332.599553131232,3799.078012936161,22714.429709837477,-286.134143287268,2159.8394053287566,47700.07668535778,46393.546912
01/21/2017,Total,138.78638573255276,1937.9282417401014,0.0,0.0,0.0,107.75509028607672,0.0032877220325029204,3618.2756954745546,-1304.454911675919,-1426.7198327928106,0.0,0.0,0.0,0.0,0.0,0.0,0.0,1091.5264681277463,2152.1475805839614,4915.5289670548045,81.8798460944082,2667.9711327663863,795.7730431090766,4335.17934901797,3363.000119016698,22783.95284328768,-285.94752817669394,2159.8394053287566,47132.425182697385,47986.486134
01/28/2017,Total,148.11222328634418,1928.5718179060602,0.0,0.0,0.0,94.58627200642331,151.6869980553323,3598.3239667178077,-1306.9939855819853,-1424.4049627918605,0.0,0.0,0.0,0.0,0.0,0.0,0.0,1062.733773933539,1660.6698254926832,4843.751711763199,79.42385277119774,2595.9383768359035,676.0890759387818,4330.69632520971,2926.9222253370053,22853.476057096286,-285.97240199356236,2159.8394053287566,46093.450557311626,49905.518002000004
02/04/2017,Total,155.72007804368934,1924.9384954927077,4753.46251859181,0.0,0.0,84.6025958699413,347.7524708098043,3615.515814896792,-1308.3087505142173,-1420.2940108819012,0.0,0.0,0.0,0.0,0.0,0.0,0.0,1664.0668375619143,1490.938660635601,4889.4725623442155,80.74276928426221,2523.90562075216,556.4051089629355,4330.060313431751,2490.844331087315,22922.999213415722,-286.02459606457535,2159.8394053287566,50976.63943904868,51688.28504
02/11/2017,Total,162.1658992617234,1924.1080715800304,1603.6271062605201,0.0,0.0,76.54544049275125,663.5914038707979,3648.813044683507,-1310.247886392422,-1419.8171125798904,0.0,0.0,0.0,0.0,0.0,0.0,0.0,583.0993615339905,1554.4929723895846,4989.396590577498,90.74604641114865,2451.8728648216766,436.72114179264065,4337.265338725251,2054.7664374076217,22992.522389804933,-286.1670216148934,2159.8394053287566,46713.34149435523,47829.812563
02/18/2017,Total,167.80894001096868,1924.656577860246,536.2132703147935,0.0,0.0,69.70612849339449,278.86793012837325,3688.997136948651,-1311.5500236599473,-1424.1936681865286,0.0,0.0,0.0,0.0,0.0,0.0,4755.518154978281,461.5706874665623,1824.841182207577,4955.291584556202,82.5697720943617,2379.840108753532,317.0371747439801,4334.419832591117,1618.6885434881588,23062.045586420652,-286.06532570505107,2159.8394053287566,49596.102998834074,49663.73321200001
02/25/2017,Total,172.88748907328463,1925.8825095676686,177.36449229569013,0.0,0.0,63.647848231375804,116.39853223047254,3731.3415372788213,-1315.1357642811502,-1428.4957936093278,0.0,0.0,0.0,0.0,0.0,0.0,0.0,566.0028327740588,1053.7679706041417,4876.823005735397,92.83451697580503,2307.8073528230493,197.35320757368527,4329.126631501866,1182.6106498084653,23131.56876320198,-285.94778974482193,2159.8394053287566,43055.67739736921,43132.777345999995
03/04/2017,Total,171.12883159427918,2034.7997270066091,92.56040983025396,0.0,0.0,59.92913764579129,57.214232614293245,3773.135645689405,-1316.837213483713,-1430.5705500576255,0.0,0.0,0.0,0.0,0.0,0.0,0.0,665.830027552525,977.0078414608579,4898.235966132959,102.94061932514707,2576.903915408001,303.25811940332215,4333.408222488143,1654.0915235861132,22552.153313046823,-285.98050628865093,2159.8394053287566,43379.048668283285,41948.001234999996
03/11/2017,Total,165.82411517608642,2131.735892227372,42.02399347661078,0.0,0.0,57.59954531965509,32.33117257997402,3812.7280586207994,-1316.7801959691578,-1433.8251797359744,0.0,0.0,0.0,0.0,0.0,0.0,0.0,761.0676473329514,677.4983831419999,4942.580439627246,98.2675771568543,2783.8892942050197,20.93012604087057,4325.850158353981,401.9631871786721,21695.700720261266,-286.03543686185424,2159.8394053287566,41073.18890346112,40571.20581500001
03/18/2017,Total,162.01917733586924,2163.1226844860716,15.45976323596766,0.0,0.0,55.871486511286065,23.99423520117786,3647.0384438974406,-1319.6819023995865,-1436.2773708402983,0.0,0.0,0.0,0.0,0.0,0.0,0.0,851.1027181589421,707.7668927268217,4894.8102622029965,95.50484920787403,2747.332807989489,147.52139658106094,4319.012824280939,460.10415484268293,21519.89029570782,-286.05622350297256,2159.8394053287566,40928.375900952335,40532.50279800001
03/25/2017,Total,159.30249385037314,2174.3812112371943,5.6873290598906845,0.0,0.0,54.59531297974207,30.666261346245445,3444.0220194510007,-1322.7410532240808,-1439.079193330336,0.0,0.0,0.0,0.0,0.0,0.0,0.0,798.312025470125,668.8525218487057,4926.968920217882,100.12795198075791,2682.9600433379983,34.56547815125543,4321.661544520994,560.3651399878994,20859.39440275587,-286.12427080783874,2159.8394053287566,39933.75754416243,39572.407044
04/01/2017,Total,154.13279544935006,2149.6665713287643,2.0709658360464096,0.0,0.0,54.84852573869106,16.104152641591313,3340.0967616297276,-1324.3356144313962,-1440.140507599652,0.0,0.0,0.0,0.0,0.0,0.0,0.0,1376.4922112982322,680.0196104771888,4965.961434384198,92.01776452968905,3191.282977624549,521.7409179255736,4331.598355898983,2101.352248796016,21657.9550824352,-286.0969357309456,2159.8394053287566,43744.60672356056,42305.851589000005
04/08/2017,Total,129.5445427669293,1874.3442940222715,0.43896249452333086,0.0,0.0,61.81991106296286,5.9243846327483745,3485.7184669038015,-1325.9180575330447,-1441.8431245610755,0.0,0.0,0.0,0.0,0.0,0.0,0.0,786.6052702477234,639.0306293129605,4908.651772272024,106.51748885529426,2375.9659160502815,355.7203743680978,4325.203627147893,1118.8816625045424,20582.947701460715,-286.022667402632,2159.8394053287566,39863.37055993477,39012.564465
04/15/2017,Total,110.10398208897888,1741.7776564548976,0.1614852771804473,0.0,0.0,65.75005791427112,2.1794587278945468,3520.3361088503825,-1326.595770671765,-1444.0414682300798,0.0,0.0,0.0,0.0,0.0,0.0,0.0,866.3312995179461,922.9315852600864,5028.095348065437,104.97291172532022,2350.3274243488627,297.7547772688673,4331.737361722395,1314.6271938643363,21905.28379821729,-286.2176452945574,2159.8394053287566,41665.3549704365,42355.383890000005
04/22/2017,Total,94.85185627915355,1668.7894152492152,0.059407113526728283,0.0,0.0,68.13294564911394,0.8017783115623478,3576.65788994182,-1327.4923979981236,-1447.0442127134875,0.0,0.0,0.0,0.0,0.0,0.0,0.0,967.5183683254579,619.6800715256812,5170.112668702205,102.6846364223617,1845.1979934903807,239.2621551398382,4317.866558521891,1406.432172308494,21044.890935244963,-286.0235521053284,2159.8394053287566,40222.21809473748,37683.997332000006
04/29/2017,Total,82.9951098731475,1626.5933367299579,0.021854655725804015,0.0,0.0,69.65572723216405,0.2949586173603314,3544.4508404409335,-1329.6021710045877,-1448.170746295915,0.0,0.0,0.0,0.0,0.0,0.0,0.0,816.753364101678,463.2242742868842,4704.616091351173,107.44522908000624,2267.001738403915,356.3001814008311,4328.405026394172,886.5342640447402,20081.449718230317,-286.08776935382707,2159.8394053287566,38431.72043351743,36658.292735
05/06/2017,Total,76.36341482530872,1707.5520229135218,0.017650057807157258,0.0,0.0,81.89279925933745,0.10851010469651433,3516.5325445344033,-1329.7843520270121,-1447.9124763929908,0.0,0.0,0.0,0.0,0.0,0.0,0.0,735.8904804848473,761.0559950253521,4999.003789001158,114.37874595696772,2678.6657078834505,166.70905253151363,4330.1501247538245,841.4735294681353,19518.294347194962,-285.97829800068223,2159.8394053287566,38624.252992903355,36572.587369
05/13/2017,Total,71.8469122950263,1753.1372206692672,0.007209061024589382,0.0,0.0,90.1580303558871,0.03991670459270516,3371.0883048652076,-1329.8739546777563,-1447.3155291601377,0.0,0.0,0.0,0.0,0.0,0.0,0.0,1119.074406101336,991.3113720619515,4977.712565816912,103.26485094640945,2675.7782082850244,199.48728819294783,4332.324445168794,1046.4480892900488,19605.716035023754,-286.179114887339,2159.8394053287566,39433.86566144171,38021.564227
05/20/2017,Total,68.51890504603456,1773.788663296311,0.002652065341592616,0.0,0.0,94.83451958030639,0.01468760979706306,3314.42734315309,-1330.7807262125234,-1446.4131772327314,0.0,0.0,0.0,186.02409640265412,0.0,0.0,0.0,1188.0796152024502,1346.5660759701163,5010.804686744353,107.13812459262272,2482.6878798240214,220.42680272478626,4331.082772816518,1448.774777509007,19177.15746632456,-285.9740889596524,2159.8394053287566,39847.00048178581,37676.025159
05/27/2017,Total,66.08203292662017,1784.2669339712015,0.0009756403158188255,0.0,0.0,97.66775537915936,0.005402482846734674,3322.1699091719292,-1329.1684757051914,-1447.0936537142966,0.0,0.0,0.0,0.0,0.0,0.0,0.0,1266.1912651746518,657.585981418805,4997.375932489541,110.43607367346749,2743.7309303284073,253.89956005138475,4328.876550677203,1148.0986645261346,19852.70077667083,-286.13609946339614,2159.8394053287566,39726.52992102837,37176.278805
06/03/2017,Total,62.02748156535084,1839.5641240050322,0.0004179531409216758,0.0,0.0,99.76045891303555,0.001985402450269722,3019.074540400165,-1326.3992656351695,-1446.2311249109298,0.0,0.0,16.630645609136582,0.0,0.0,0.0,0.0,1520.885307639608,841.1310862064174,5035.94154642729,102.19679714042121,2746.994793779751,446.14634914307106,4322.563796500639,2516.5031196123127,19094.81205298803,-285.8355454083575,2159.8394053287566,40765.607972660146,37653.363498
06/10/2017,Total,55.80088780547456,1919.7033120629214,0.00018341508346299978,0.0,0.0,101.47483074671993,0.0007294014466770119,2903.0494865217443,-1325.3206705065345,-1445.1410482788701,0.0,0.0,0.0,0.0,0.0,0.0,0.0,1181.5878185723382,1117.551881127284,4796.015590191162,103.20809909838705,2797.2467742583112,92.56995483946818,4322.896246595798,827.0827895010358,18582.13198882668,-285.91260772504984,2159.8394053287566,37903.785651782164,36509.272908000006
06/17/2017,Total,51.09609566029209,1951.2221646659943,6.747463899935633e-05,0.0,0.0,102.53767129710444,0.00027054946878368914,2866.002143873186,-1323.9032084601042,-1446.8285390281549,0.0,0.0,0.0,0.0,0.0,0.0,0.0,1555.4246953071606,961.2236076059992,4853.228290185177,112.1922304298769,2854.3238652782347,91.57096751621057,4325.581857874712,607.6018167430906,18725.112527758964,-285.88549536297757,2159.8394053287566,38160.34043469763,36497.47462
06/24/2017,Total,47.57817689048994,1965.4385716697514,2.482253303884677e-05,0.0,0.0,103.22226438383443,9.862494267727785e-05,2815.6374218619667,-1322.2090045060686,-1448.3930094845082,0.0,0.0,0.0,0.0,0.0,0.0,0.0,1467.8078392884909,997.9500130045855,4791.222057841949,102.29393483927552,2791.0325448374097,237.72809880279354,4317.505785985615,1494.7956183495805,18318.132447309385,-285.9298183516461,2159.8394053287566,38553.65247149914,36225.639639999994
07/01/2017,Total,45.83377889088783,1966.1650503309324,8.883592557127988e-06,0.0,0.0,103.41278573261212,3.7589092890337954e-05,2981.2551808767907,-1321.3601525666836,-1449.8532689234335,0.0,0.0,0.0,0.0,0.0,0.0,0.0,2144.8295417476024,868.1042197633262,4968.405195676532,109.86034507192704,2445.3259570967866,327.0502044419971,4322.772863575585,1817.1926684739592,19640.132510292922,-286.2200154073046,2159.8394053287566,40842.74631687588,39256.021694
07/08/2017,Total,49.60091768940415,1929.9322205833016,2.7448027639617965e-06,0.0,0.0,102.00550235298613,1.3780503128815405e-05,2998.0031512133396,-1320.6513014406428,-1453.9064417278482,0.0,0.0,0.0,0.0,0.0,0.0,0.0,1328.7082736385228,1013.3201168441868,4835.630133821612,103.90167360755461,2796.2786860877827,215.34133768663412,4324.239241091861,971.2508191724039,18594.36879326487,-285.8761776836164,2159.8394053287566,38361.986368056416,36413.951108
07/15/2017,Total,52.127541296018244,1915.686460152071,1.0097566868054087e-06,0.0,0.0,101.30847949712405,2.5974798744069313e-06,2909.0639234756163,-1319.6400824995437,-1457.61204588828,0.0,0.0,0.0,0.0,0.0,0.0,0.0,1673.2090377047693,1132.2632290999404,4726.76374023906,96.99894146590333,2645.2170037026385,361.9862372502635,4320.417010963183,2982.054323435604,19797.23846873128,-286.0051023794099,2159.8394053287566,41810.91657518224,39067.746831
07/22/2017,Total,53.850105684694526,1909.0120292957972,3.714682890198324e-07,0.0,0.0,100.9267714462292,0.0,2960.7970700622845,-1318.3600522413967,-1459.4253145979453,0.0,0.0,0.0,0.0,0.0,0.0,0.0,1426.4835145521988,1131.5185009008705,4720.4289889882075,101.8601767574597,2431.6983689433423,80.67151745563481,4308.433154130678,1574.743975970316,19726.01498009806,-285.9304317642203,2159.8394053287566,39622.56276138243,37325.379926
07/29/2017,Total,55.03591797779343,1905.7410447139168,1.3665529021945038e-07,0.0,0.0,100.7004845481043,0.0,2948.5369150872057,-1315.7606531032739,-1460.6066053628017,0.0,0.0,0.0,0.0,0.0,0.0,0.0,1367.5053221103526,984.9425281392951,4739.312162100238,98.2122184873705,2703.991537248819,591.689669774878,4325.5127818014425,993.6146396707578,19420.435255117685,-285.98460274065206,2159.8394053287566,39332.71802103655,37692.8336
08/05/2017,Total,66.91995733525216,1912.0319866036803,1.727176247066418e-08,0.0,0.0,82.55292690004889,0.0,3064.4807484546504,-1314.6861266839492,-1462.531400097382,0.0,0.0,0.0,0.0,0.0,0.0,0.0,1362.456898939218,843.5701409567538,4681.300453110252,110.34219788166581,2934.3759317931926,120.05482704890944,4319.452236535328,1308.730821704651,19179.728038730733,-285.91261776531155,2159.8394053287566,39082.706426793724,38042.318875
08/12/2017,Total,78.32856233543839,1917.4347965936406,1.3350428820585878e-09,0.0,0.0,62.90651937183091,0.0,3061.5388592524096,-1314.0629207115533,-1463.3144116798996,0.0,0.0,0.0,0.0,0.0,0.0,0.0,934.728667109315,841.3377592442303,4697.887152636388,101.378481426566,2853.9774597231467,110.03664757435052,4318.822291875582,1170.9656657643634,19387.140186621524,-285.9647173443732,2159.8394053287566,38632.980405123046,38010.455877
08/19/2017,Total,85.7541192229553,1919.684035851466,4.911349149865237e-10,0.0,0.0,49.73329089716103,0.0,3027.7383781108188,-1313.6808700757176,-1461.6503120664659,0.0,0.0,0.0,0.0,0.0,0.0,0.0,1008.2463103479362,774.8861492832752,4856.308126431091,97.43773804616336,2711.2969384655025,60.10073932514294,4324.842123134866,3079.0998578649087,18928.724025065374,-285.9349589184934,2159.8394053287566,40022.42509631523,38643.376225
08/26/2017,Total,90.75425568768327,1920.74373545869,1.8069624512124772e-10,0.0,0.0,40.39060660144512,0.0,2963.1589243138715,-1316.15753511213,-1457.6739710461782,0.0,0.0,0.0,0.0,0.0,0.0,0.0,589.3562018980203,672.6938353870199,4760.422496350082,106.59472555985724,2930.744904264657,230.98674808662685,4322.374118978282,702.4435478157309,18989.787425122733,-286.0341021050923,2159.8394053287566,37420.425322590236,37186.340137
09/02/2017,Total,89.90843760746117,1924.3657687549403,3.076395164429244e-10,0.0,0.0,43.461715149112365,0.0,2868.102266109713,-1320.2628217038782,-1453.9160598371122,0.0,0.0,0.0,0.0,0.0,0.0,0.0,1328.4982620381772,857.4608917604262,4764.310583372356,122.85217744875543,2688.868603701663,243.06198175622166,4321.3722092701755,1888.6413712085168,20214.795975546633,-286.15589854543947,2159.8394053287566,40455.204868966786,40517.990544
09/09/2017,Total,77.90982201613352,1933.480009234957,3.4239207013575684e-10,0.0,0.0,66.59132332821407,0.0,2853.918818524309,-1322.889730467919,-1449.868829693022,0.0,225.49820215528206,0.0,0.0,0.0,0.0,0.0,545.7250052279005,1351.437693079407,4939.621317398361,105.91708881227649,2954.68821477277,118.1560144523535,4322.4834037903165,1403.3506281111277,19837.698264878374,-285.73266891584666,2159.8394053287566,39837.8239820341,41253.092788999995
09/16/2017,Total,68.6376165876605,1937.1017435578317,1.257876303053307e-10,0.0,0.0,78.55696645015341,0.0,2660.4525996720386,-1325.3155279358753,-1444.7962908567906,0.0,0.0,0.0,0.0,0.0,0.0,0.0,669.1717852685047,2038.7834308347108,5095.629813258143,96.6714024654556,2154.0618436469554,735.8873646770513,4321.69830723699,3842.7308255629996,20413.085766658955,-285.9932116834408,2159.8394053287566,43216.203840730224,39240.61180399999
09/23/2017,Total,61.55112842063,1938.7748125971186,4.6364856173234375e-11,0.0,0.0,85.29437749130537,0.0,2829.914844715897,-1326.036794401677,-1439.861795265958,0.0,0.0,0.0,0.0,0.0,0.0,0.0,562.3122197716746,1212.383997344155,4639.695313516337,102.69126345213532,2768.028384734749,57.68008870586141,4318.718525784884,1014.2540391965908,19222.56862541514,-285.9541408743589,2159.8394053287566,37921.854295933284,37284.69521399999
09/30/2017,Total,56.19690899334218,1939.5758493935205,1.6851298957618176e-11,0.0,0.0,89.34767708081014,0.0,2627.822097290106,-1324.4532686365678,-1438.278056107866,0.0,0.0,0.0,0.0,0.0,0.0,0.0,483.21960829278703,1561.388170900781,4723.300778493231,100.25281744916538,2459.7861506893905,509.7695578926771,4320.622833748445,1574.1267510720713,20942.83225351833,-285.9356108961094,2159.8394053287566,40499.413924502885,38941.380773000004
10/07/2017,Total,63.57062743879438,2001.1522145945041,9.137373603880175e-12,0.0,0.0,98.52493171037791,0.0,2669.702782565157,-1322.7181482015917,-1436.7578179925615,0.0,0.0,0.0,0.0,0.0,0.0,0.0,777.2483743401594,844.7078459653912,4705.513047549111,106.02186925537214,2710.684660497095,237.60602842186955,4325.729314081565,1586.458732473401,20281.607357518176,-285.94478618446993,2159.8394053287566,39522.94643936112,38482.769296
10/14/2017,Total,68.43425406658703,2023.0181820008927,2.7252126437520166e-12,0.0,0.0,103.47878839146196,0.0,2607.0120098972066,-1320.6369282019018,-1435.0413224442302,0.0,0.0,0.0,0.0,0.0,0.0,0.0,719.2393524964791,918.2280834641009,4703.812104362351,107.20565278191634,2481.5396592662614,264.9563271329281,4323.435537672844,1017.8416969948591,19875.7883346069,-285.9558620351992,2159.8394053287566,38332.195275782215,38613.662893999994
10/21/2017,Total,71.72843687504917,2032.2577802011033,0.0,0.0,0.0,106.37969746373085,0.0,2615.637396490206,-1318.4647357129388,-1434.1688150916038,0.0,0.0,0.0,0.0,0.0,0.0,0.0,1325.1215605215446,729.6782779432465,4716.56727549152,92.2330174737007,3204.362149444278,137.3410319752113,4323.408476587978,2595.8798500132825,20438.162172710294,-285.9048292089211,2159.8394053287566,41510.05814850643,41894.529537999995
10/28/2017,Total,73.99378494934048,2036.3025561369886,0.0,0.0,0.0,108.17307043813285,0.0,2593.176633334053,-1317.4204361961304,-1434.257992978647,0.0,0.0,0.0,0.0,0.0,0.0,0.0,838.4721348767916,762.1419924247791,4722.814895493407,99.47015034606837,2739.6619470597866,657.285136957253,4315.314235659404,1144.505014889327,21648.01238268012,-286.0668714091655,2159.8394053287566,40861.41803999027,40660.760949999996
11/04/2017,Total,77.91130895618639,2016.4317416959423,0.0,0.0,0.0,106.62204233661316,0.0,2635.1098599483257,-1315.5124470736118,-1431.8304421606608,0.0,0.0,0.0,0.0,0.0,0.0,0.0,1491.8301348502007,897.3250745535136,4736.54770454062,95.77409230836572,3048.7318696226384,358.02001647958235,4317.195486225336,957.467943739429,21263.822589806303,-285.9323101593785,2159.8394053287566,41129.35407099816,41590.814438999994
11/11/2017,Total,82.29111247533788,1991.890038012962,0.0,0.0,0.0,103.90993274064036,0.0,2652.112054442359,-1314.5848754250685,-1428.428876305574,0.0,0.0,0.0,0.0,0.0,0.0,0.0,1474.6804503044812,1052.6193529799764,4713.46182741827,96.75890268345051,3111.7049883024392,261.5698619750278,4303.146355563215,663.6998397874726,21610.58096024479,-286.0594413994861,2159.8394053287566,41249.19188912905,41669.582566
11/18/2017,Total,85.29495888173415,1982.1193607321384,0.0,0.0,0.0,102.5338660539312,0.0,2722.757079245136,-1313.4931333725553,-1427.8131874835392,0.0,0.0,0.0,0.0,0.0,0.0,0.0,1817.123004285806,1142.804012287857,4707.449959777436,103.43392451929421,3189.8294442383462,143.01419545376984,4330.73062366238,1976.293043013721,23851.592076327055,-286.43771981647274,2159.8394053287566,45287.07091313479,47105.679707
11/25/2017,Total,87.37840643308502,1977.6916861883506,0.0,0.0,0.0,101.76432333830343,0.0,2743.4089397642556,-1308.8961323674935,-1426.2343145288703,0.0,0.0,0.0,0.0,0.0,3478.215707945812,0.0,1315.3697070223598,1020.3172673971546,4704.882880810412,96.03913874316058,3084.551005573566,205.23152991824645,4330.664666999039,2511.8319828759345,24904.588448279283,-286.1024479157765,2159.8394053287566,49700.542201805576,49866.639338999994
12/02/2017,Total,86.0795256201015,2000.9314417071946,0.0,0.0,0.0,101.94668044159175,0.0,2702.1909197756413,-1304.3656184730535,-1422.4020745642229,0.0,0.0,0.0,0.0,0.0,0.0,0.0,1188.9256246865002,939.0847966538707,4703.822332856617,101.37261043725684,3190.214057261628,270.82897973952146,4322.9980295729165,1219.7795356178844,20453.708219090582,-285.9381902189211,2159.8394053287566,40429.01627553386,40050.267521
12/09/2017,Total,77.93941550970747,2065.2296623822162,0.0,0.0,0.0,103.58783957721877,0.0,2643.6138501347887,-1299.8143606006875,-1418.7134515602515,0.0,0.0,0.0,0.0,0.0,0.0,0.0,1835.3535884900375,832.1730809784525,4681.815141877713,91.19328760229232,3504.483016196414,725.0690293868865,4326.863279899174,3463.5121770670457,23380.28189359331,-286.1336414601686,2159.8394053287566,46886.293214402904,46493.585091
12/16/2017,Total,71.83456657072021,2087.258071355484,0.0,0.0,0.0,104.41012306456626,0.0,2594.5213107517347,-1295.0778746348728,-1417.1467825444995,0.0,0.0,0.0,0.0,0.0,0.0,0.0,1373.4966539378058,1040.1279928519236,4668.924224511979,96.92341779561856,3592.581497457246,300.7852211948079,4331.208190126939,1012.7009905081588,23450.548233826034,-286.3143076058535,2159.8394053287566,43886.62093449655,46369.544979
12/23/2017,Total,67.30621980711415,2096.012886546107,0.0,0.0,0.0,104.86555118946575,0.0,2429.9806806283186,-1292.7920511517761,-1413.44430346687,5624.104117284261,0.0,0.0,0.0,0.0,0.0,0.0,1508.1296888111463,859.6724839891766,4686.665217966811,96.74427476715076,3615.0009286639797,237.011409993434,4338.829218455241,1347.7926184031305,27063.49758086991,-286.69127888208817,2159.8394053287566,53242.524649203275,53912.372518
12/30/2017,Total,63.979739097002074,2099.5894054829905,0.0,0.0,0.0,105.1376426918475,0.0,2587.2063883791498,-1291.5702720487825,-1410.0772296061343,0.0,0.0,0.0,0.0,0.0,0.0,0.0,1319.1631944130231,888.3842504865172,4715.587691224142,89.93847790073502,3719.6701745537957,67.5834873172972,4342.383787047931,878.1974764629756,22360.802756933474,-286.64038707731646,2159.8394053287566,42409.175988587405,45594.257292999995
01/06/2018,Total,97.18696938329323,2067.3713705072514,0.0,0.0,0.0,98.52460113527253,0.0,2745.101884314253,-1289.8838693702805,-1408.5634105272911,0.0,0.0,0.0,0.0,112.00501990064568,0.0,0.0,1896.0744440534722,1145.931754852525,4788.638107581745,81.69205388174113,3258.523477678483,1035.1409773280318,4332.717446436422,3845.8598303487547,22644.906523448364,-285.9897414917536,2159.8394053287566,47325.07684478969,46877.912308
01/13/2018,Total,120.63178072205162,2051.593218063813,0.0,0.0,0.0,101.17692435872338,0.0,3311.6531713666277,-1288.3068996214924,-1405.1428602329022,0.0,0.0,0.0,0.0,0.0,0.0,0.0,1290.6950141386676,1696.2906628391613,4697.718792436092,84.65970872571548,3108.187191738092,915.4570101577372,4318.359101129572,3461.102910411785,22714.429709837477,-285.6330863644354,2159.8394053287566,47052.711755035445,48177.888561
01/20/2018,Total,139.18528798590106,2040.7907510226644,0.0,0.0,0.0,108.21230039067794,109.00993644628439,3299.7185748010297,-1286.6236945189125,-1400.295992102711,0.0,0.0,0.0,0.0,0.0,0.0,0.0,1800.310134957043,1608.7392729356657,4761.93531860184,85.86643979874975,2957.8509058831028,795.7730431090766,4305.558762128181,3076.34599003038,22783.95284328768,-285.8148575432217,2159.8394053287566,47060.35442254219,50123.844371
01/27/2018,Total,154.79324199168633,2031.9082581818477,0.0,0.0,0.0,117.06283988042253,168.1532432661853,3271.205475381252,-1286.7438143785942,-1398.3939482194914,0.0,0.0,0.0,0.0,0.0,0.0,0.0,2221.2565202996207,2127.5463932592475,4774.334595950324,71.04130204799641,2807.5146199427136,676.0890759387818,4300.594518434249,2691.5890700934106,22853.476057096286,-285.7238036748573,2159.8394053287566,47455.543050819826,57649.131382
02/03/2018,Total,168.46869550207626,2023.7615932581282,0.0,13791.895346703175,0.0,126.39339150157585,226.99052365453386,3246.8572142563207,-1288.3066600817285,-1396.287387382629,0.0,0.0,0.0,0.0,0.0,0.0,0.0,1817.092886076306,1769.959177377532,4718.667974463344,75.65243818761624,2657.178334053008,556.4051089629355,4323.812490585313,2306.832150100047,22922.999213415722,-285.82295416375194,2159.8394053287566,59922.38894179828,55071.224353
02/10/2018,Total,180.80542396719997,2015.8468293250392,0.0,6015.427552545581,0.0,135.52560545099527,200.64703687863894,3228.9128478010057,-1288.7816470148375,-1393.1821064615601,0.0,0.0,0.0,0.0,0.0,0.0,0.0,1145.7623087632828,1246.4698620749357,4658.392849368479,82.98640550454121,2506.8420481126177,436.72114179264065,4328.622680646203,1922.0752301630773,22992.522389804933,-285.83319393174844,2159.8394053287566,50289.602670119784,51513.21439400001
02/17/2018,Total,192.17545123139033,2007.941137580688,0.0,2784.1055766385794,0.0,144.1292178653916,174.02956370817168,3215.4496966370957,-1293.1827049792598,-1395.024408594988,0.0,0.0,0.0,0.0,0.0,0.0,4755.518154978281,539.1980564834174,1279.285184498101,4731.290167890926,80.94090997217673,2356.5057622576287,317.0371747439801,4330.050727628356,1537.3183097816723,23062.045586420652,-285.8188313088832,2159.8394053287566,50692.83413876213,51021.458046
02/24/2018,Total,202.82220770310283,1999.9426863281515,0.0,1370.637277640266,0.0,152.06243678587163,150.01119904908623,3204.19865631313,-1299.169490971315,-1404.216615940595,0.0,0.0,0.0,0.0,0.0,0.0,0.0,584.3954097535616,829.2464849837788,4678.464594632252,87.24740837159372,2206.1694763172386,197.35320757368527,4316.551742565944,1152.5613898447025,23131.56876320198,-285.6770228769659,2159.8394053287566,43434.00921660422,46457.856803
03/03/2018,Total,203.41052329307706,2043.402711961447,0.0,714.3448533643907,0.0,143.45684088548464,122.38956968356985,3193.3780439515494,-1302.7687321288736,-1413.7718255286004,0.0,0.0,0.0,0.0,0.0,0.0,0.0,513.602118118267,1044.8393882041416,4625.733815116827,96.662648744715,1867.7531831326257,303.25811940332215,4317.033959281556,1709.7127324207145,22552.153313046823,-285.71700737762586,2159.8394053287566,42608.71366090217,45869.253547
03/10/2018,Total,194.64139436168063,2110.897301410456,0.0,390.2344006208587,0.0,119.78329991158193,92.50663506300353,3181.739017763719,-1306.8933789399387,-1422.9035460924288,0.0,0.0,0.0,0.0,0.0,0.0,0.0,680.2602187214758,705.0772312451766,4727.177665028844,92.537132805404,2023.2005290711459,20.93012604087057,4311.647259419521,1488.1293802281775,21695.700720261266,-285.84704408651345,2159.8394053287566,40978.65774816305,44200.671359
03/17/2018,Total,188.3041960468848,2133.237124134857,0.0,220.85638192687247,0.0,106.92041617040381,96.45566053415519,2884.1703216286874,-1310.4801738425674,-1433.2084981110615,0.0,0.0,0.0,0.0,0.0,0.0,0.0,582.1838962778517,557.5120387703031,4868.535285931128,96.25146121705058,2073.44235408437,147.52139658106094,4317.960087267385,1004.9658316036964,21519.89029570782,-285.8237931570501,2159.8394053287566,39928.5336881006,42668.917222000004
03/24/2018,Total,183.75355595614096,2141.641318355616,0.0,128.1316487173945,0.0,99.25775592923628,45.853270620057856,2790.6725210535405,-1313.4259042536005,-1442.2824093304794,0.0,0.0,0.0,0.0,0.0,0.0,0.0,494.43285619595986,651.9509055640648,4746.002913077033,103.86110944757289,2283.4212484003356,34.56547815125543,4320.166023462581,529.3659554719245,20859.39440275587,-285.8895829387201,2159.8394053287566,38530.712471964536,41353.995102
03/31/2018,Total,180.50147239559647,2144.8745164107577,0.0,75.57301529651741,0.0,94.38658451117993,16.868473922681478,2650.280943629409,-1315.5501020050224,-1444.6401305572595,0.0,0.0,0.0,0.0,0.0,0.0,0.0,658.6686694272074,612.7622769446448,4726.1675697338815,101.38334299844782,2485.5914663918766,521.7409179255736,4332.298609171322,900.6787820115829,21657.9550824352,-286.01893758704267,2159.8394053287566,40273.361958385314,43581.86354400001
04/07/2018,Total,151.84389064094086,1900.196417136485,0.0,45.04915240843273,0.0,114.22877398552497,6.2055640322151415,2796.6177758359363,-1316.8135151153929,-1445.308787689371,0.0,0.0,0.0,0.0,0.0,0.0,0.0,765.1748240414241,510.210212611983,4993.04077482911,95.99635391571086,2151.407456513919,355.7203743680978,4317.818534910497,1647.8280230549062,20582.947701460715,-285.7815478302103,2159.8394053287566,39546.22138443968,40602.871004
04/14/2018,Total,129.20355413338328,1786.5578197579655,0.0,27.03367078802235,0.0,122.88271026325316,2.2829022681158326,2826.511934556592,-1317.0088445310234,-1445.0368274319821,0.0,0.0,0.0,0.0,0.0,0.0,0.0,875.402691848438,1526.0380971831398,4743.600200078989,87.53892353149672,2191.5288236217343,297.7547772688673,4320.553594004652,3188.818397399522,21905.28379821729,-285.85411846363945,2159.8394053287566,43142.931509823575,45918.024958
04/21/2018,Total,111.45777766773662,1725.76859694936,0.0,16.29010756773173,0.0,127.180768006169,0.8398345554904022,2776.802910410393,-1317.8949224393693,-1444.9508772243967,0.0,0.0,0.0,0.0,0.0,0.0,0.0,1404.3855391348334,762.0511538588505,4608.873732093356,87.45077396062447,2090.5079217084226,239.2621551398382,4321.885721313625,3246.8048882476087,21044.890935244963,-285.72549425264214,2159.8394053287566,41675.72092727135,44047.03405
04/28/2018,Total,97.67763050788243,1691.648491463753,0.0,9.84112902745505,0.0,129.53825014225063,0.30895482400121915,2714.699375709557,-1317.4506064844059,-1445.0381775565374,0.0,0.0,0.0,0.0,0.0,0.0,0.0,983.1782181724346,917.1968062312292,4812.861423723437,104.28201488847,2603.618510556464,356.3001814008311,4326.962653401593,1354.3154219155529,20081.449718230317,-285.73750047662304,2159.8394053287566,39295.49190100642,40159.493573
05/05/2018,Total,95.32325527016125,1748.0867416687151,0.0,5.954508978375832,0.0,121.9566327546224,0.11365676766361328,2572.5205333079402,-1316.9861847666132,-1446.4143857027814,0.0,0.0,0.0,0.0,0.0,0.0,0.0,666.5601966974286,1251.7538350367424,4780.055065871485,96.08001232041562,2472.746023052839,166.70905253151363,4326.470536394954,1941.4717437798786,19518.294347194962,-285.6990683944846,2159.8394053287566,38874.83590809257,39673.952006
05/12/2018,Total,96.80491458807816,1795.8036029118464,0.0,3.6063435713235346,0.0,114.42990614975506,0.04181283992595072,2577.4559086102777,-1316.7446687114918,-1445.958715875814,0.0,0.0,0.0,0.0,0.0,0.0,0.0,1119.5381848549498,788.2892397030425,4736.553579757792,104.29005919730143,2782.64046158621,199.48728819294783,4330.486552761834,609.8989995368768,19605.716035023754,-285.85618660795603,2159.8394053287566,37976.32272341941,39389.448211
05/19/2018,Total,97.81341601050356,1816.3465173653613,0.0,2.185412097461896,0.0,110.4481850853222,0.01538064118107281,2569.4638515548913,-1316.4051051438114,-1445.9127961482923,0.0,0.0,0.0,186.02409640265412,0.0,0.0,0.0,1012.530419779348,698.9994954622343,4739.266508960894,98.27172737866535,2662.420312523538,220.42680272478626,4329.031083343374,1306.1572959400976,19177.15746632456,-285.70899470040564,2159.8394053287566,38138.37048093112,38529.481363
05/26/2018,Total,98.4998745061485,1826.4732962845346,0.0,1.3247929053912166,0.0,108.14008727265832,0.005660332244668041,2927.842243797612,-1312.8855041777217,-1445.7150866155794,0.0,0.0,0.0,0.0,0.0,0.0,0.0,1338.9529975166206,629.365535196102,4694.727832011045,104.97015215635794,2677.3433166707455,253.89956005138475,4327.98465696198,1233.5633780252756,19852.70077667083,-285.7668496719653,2159.8394053287566,39191.26612522242,39692.541075999994
06/02/2018,Total,99.1406936305075,1856.0360741418854,0.0,0.8032492088995902,0.0,112.13421984546966,0.0020804186407117477,2927.2309421924215,-1310.3656128391322,-1444.6788093468883,0.0,0.0,16.630645609136582,0.0,0.0,0.0,0.0,1272.92204693308,616.2416717959871,4736.3712233303595,94.43037130905063,2526.6087019894026,446.14634914307106,4324.024270707228,2630.0573373171387,19094.81205298803,-285.64377553231566,2159.8394053287566,39872.74313817073,39350.630154
06/09/2018,Total,100.01243595962467,1923.4401860243725,0.0,0.4871447832980188,0.0,126.18980542223142,0.0007677836433241305,2817.0948205422037,-1307.6088880165944,-1441.5557832298414,0.0,0.0,0.0,0.0,0.0,0.0,0.0,1119.0753826506138,809.2717962701837,4540.231413273484,95.76364618330129,2915.997253472865,92.56995483946818,4324.716714504923,809.0773089290984,18582.13198882668,-285.6541034345459,2159.8394053287566,37381.08125011377,38049.663463
06/16/2018,Total,100.61450344429615,1949.6113901093256,0.0,0.2953188719632983,0.0,132.5068444637772,0.0002817324920380976,2750.9516712280797,-1304.7237640648086,-1440.1502326055447,0.0,0.0,0.0,0.0,0.0,0.0,0.0,1160.3960120118372,623.581346637042,4488.116671911686,105.82527708233602,2607.1317848984177,91.57096751621057,4325.510860885057,995.9135189279789,18725.112527758964,-285.7622547867795,2159.8394053287566,37186.342131351084,37789.577333
06/23/2018,Total,101.03017796950024,1961.4240439341265,0.0,0.17910577319627738,0.0,135.72748476458833,0.00010345806956117115,2793.5831513544467,-1302.672166855286,-1437.927777448524,0.0,0.0,0.0,0.0,0.0,0.0,0.0,1097.1374246785067,551.4223883511731,4523.495773793818,97.37069980019012,2603.654991867491,237.72809880279354,4323.150624139385,311.98211650728354,18318.132447309385,-285.1521461225199,2159.8394053287566,36190.10594740638,36938.158858
06/30/2018,Total,101.31675911761955,1966.9402133190556,0.0,0.10865999517920294,0.0,137.51568885377026,3.98247398998243e-05,2601.6812052203604,-1303.016750486565,-1436.1848293561823,0.0,0.0,0.0,0.0,0.0,0.0,0.0,1164.438923699276,868.1908148298472,4382.235437524145,105.6165003177326,2303.471656194358,327.0502044419971,4327.412611978978,2205.4505989214995,19640.132510292922,-285.83654075469667,2159.8394053287566,39266.3631092628,39934.870371000005
07/07/2018,Total,96.86579084525911,1908.568397643534,0.0,0.06588400258284775,0.0,109.21719749570919,1.6377983003222335e-05,2673.057910927826,-1301.8062437262784,-1434.0638442085817,0.0,0.0,0.0,0.0,0.0,0.0,0.0,968.7818957333438,686.3892960676204,4471.902337200614,96.91856130176372,2439.544052761894,215.34133768663412,4323.15038569956,1121.3370935951714,18594.36879326487,-285.54748816220433,2159.8394053287566,36843.93077983605,37851.989327
07/14/2018,Total,93.63614850135755,1885.0107971959242,0.0,0.039934230850443474,0.0,93.09406764361611,2.5974798744069313e-06,2573.9818744955114,-1303.4410514469396,-1434.5082302243165,0.0,0.0,0.0,0.0,0.0,0.0,0.0,1016.0841591370977,900.6616874870457,4537.416945312052,95.31749105961782,2705.7566028454885,361.9862372502635,4323.579578795649,517.4562367402091,19797.23846873128,-285.6392647346266,2159.8394053287566,38037.51109094631,38254.199156999995
07/21/2018,Total,91.3058475141366,1873.698868591636,0.0,0.0242297580440893,0.0,83.06854556914392,0.0,2413.304269875812,-1304.546321868713,-1435.1733120844574,0.0,0.0,0.0,0.0,0.0,0.0,0.0,969.8216907837652,1840.049268358839,4461.2853925758955,87.38154821784481,2367.6930356248777,80.67151745563481,4325.355530589355,3872.0559525431777,19726.01498009806,-285.54246163641005,2159.8394053287566,41326.3079872954,42193.356946
07/28/2018,Total,89.631068417476,1868.0060936477707,0.0,0.014732291156437014,0.0,76.44887589996438,0.0,2477.1807434059806,-1306.9530075615653,-1438.2633257155,0.0,0.0,0.0,0.0,0.0,0.0,0.0,720.4819037085957,896.8788847071315,4482.232242894244,98.09781289512172,2282.8445108532146,591.689669774878,4323.220965437253,1085.819083127259,19420.435255117685,-285.60635434931197,2159.8394053287566,37541.99855988011,37928.087546
08/04/2018,Total,95.27296430258357,1877.3217445824798,0.0,0.008899201256934032,0.0,71.79698797194774,0.0,2481.8864557224542,-1308.1850275568465,-1441.682902093463,0.0,0.0,0.0,0.0,0.0,0.0,0.0,782.6250961785765,1040.6183467060678,4553.691705238112,105.42662533584317,2352.678747638974,120.05482704890944,4320.189814116482,1169.6885485545552,19179.728038730733,-285.5323553733592,2159.8394053287566,37275.42792163406,38432.152502
08/11/2018,Total,103.9147276649204,1889.6241766123017,0.0,0.005384390676464288,0.0,68.45892650270378,0.0,2697.2018431437045,-1310.2590098588007,-1444.2006842495384,0.0,0.0,0.0,0.0,0.0,0.0,0.0,975.2327363673049,1514.073453258937,4460.051427209055,93.89573955662598,2009.1762153693583,110.03664757435052,4323.848079025619,3663.2821054172678,19387.140186621524,-285.52220284631824,2159.8394053287566,40415.79915708845,40156.25756399999
08/18/2018,Total,109.73275953111286,1894.682102623183,0.0,0.0032904609689503985,0.0,66.0994925386832,0.0,2816.013819119546,-1311.2470113549327,-1447.1341423089293,0.0,0.0,0.0,0.0,0.0,0.0,0.0,476.96569233942324,721.3838353905617,4409.95612984324,103.15771975891283,2064.648217990318,60.10073932514294,4324.017370413323,893.9154480842639,18928.724025065374,-285.5396286244857,2159.8394053287566,35985.31926552446,37218.40537
08/25/2018,Total,113.72084678170023,1897.0839519822323,0.0,0.002019146503674108,0.0,64.41301387915766,0.0,2701.1345147419524,-1313.2860024345612,-1447.8316064714152,0.0,0.0,0.0,0.0,0.0,0.0,0.0,522.0578401108769,1114.2396489467787,4408.76289685227,100.66693413845053,2957.2930377877306,230.98674808662685,4319.387428045374,1087.9167013085676,18989.787425122733,-285.54573655980465,2159.8394053287566,37620.62906679393,38129.14167
09/01/2018,Total,114.7059288654701,1898.8588462539215,0.0,0.0011965312614365085,0.0,76.74683098996992,0.0,2684.353062260073,-1313.9623933498988,-1445.9044150218697,0.0,0.0,0.0,0.0,0.0,0.0,0.0,686.1641691900772,1001.8989844345426,4439.9689393345025,109.92803544725369,2459.7316247603667,243.06198175622166,4323.81296998897,1712.6895963658194,20214.795975546633,-285.5435691869728,2159.8394053287566,39081.1471694951,39548.916376999994
09/08/2018,Total,104.35535432654622,1903.2088181433921,0.0,0.0007478320383978178,0.0,140.08925832977687,0.0,2586.0937382030565,-1315.126662725687,-1443.1262179709443,0.0,225.49820215528206,0.0,0.0,0.0,0.0,0.0,516.7547021426327,1042.1659575418248,4350.720420628244,98.98989493450274,2828.348170510769,118.1560144523535,4324.361531244476,1600.6203209848936,19837.698264878374,-285.42327050813986,2159.8394053287566,38793.22465043215,38949.748014
09/15/2018,Total,96.6172118818136,1904.9991956323872,0.0,0.0004486992230386907,0.0,162.57365159361188,0.0,2347.736284439266,-1315.6884935193502,-1441.3706496173054,0.0,0.0,0.0,0.0,0.0,0.0,0.0,957.2828648875426,1257.8648898030176,4371.109288933598,93.03948885613897,2688.8079976877452,735.8873646770513,4320.190232060565,3472.4911336592536,20413.085766658955,-285.2580745214267,2159.8394053287566,41939.20800714084,41153.357197000005
09/22/2018,Total,90.89402146039966,1905.8490520790692,0.0,0.00029913281535912713,0.0,172.16183953549384,0.0,2318.0847595341784,-1315.1438264373376,-1437.6832417107214,0.0,0.0,0.0,0.0,0.0,0.0,0.0,428.708927304951,1407.8436330985674,4611.899802671485,100.05658573148143,3038.470375248815,57.68008870586141,4325.00152742443,783.3112311112575,19222.56862541514,-285.4021154129309,2159.8394053287566,37584.14099022171,37618.678765000004
09/29/2018,Total,86.70045543840062,1906.2667716587082,0.0,0.00014956640767956357,0.0,176.62454718287734,0.0,2305.40768085992,-1312.487497538641,-1437.2691342989845,0.0,0.0,0.0,0.0,0.0,0.0,0.0,373.37485584904044,1454.8527382322256,4445.073817534768,93.2909817142956,2860.043248183071,509.7695578926771,4327.523072403126,887.2071990239542,20942.83225351833,-285.36312620098397,2159.8394053287566,39493.68697634794,39473.93891
10/06/2018,Total,98.9576167667901,2006.139020343151,0.0,7.478320383978178e-05,0.0,159.83261454280512,0.0,2500.429455904854,-1310.9989248618592,-1437.841268844746,0.0,0.0,0.0,0.0,0.0,0.0,0.0,390.22728946267614,927.1603328648597,4317.242831998281,102.68381708169039,2714.932592702694,237.60602842186955,4315.0673270578645,868.3790080705165,20281.607357518176,-285.33617515422657,2159.8394053287566,38045.92840398735,39479.653362
10/13/2018,Total,109.2936391842088,2054.049559987077,0.0,7.478320383978178e-05,0.0,148.90810296168027,0.0,2473.5173455852146,-1310.2316071080445,-1438.0203896869982,0.0,0.0,0.0,0.0,0.0,0.0,0.0,603.1513417876048,679.7082327462081,4403.639644185232,96.17795585984129,2313.982129092183,264.9563271329281,4320.2939719783135,1087.214060617875,19875.7883346069,-285.3126588842957,2159.8394053287566,37556.95547015789,38937.135907
10/20/2018,Total,116.21149220457977,2072.598582629246,0.0,0.0,0.0,143.6893991790203,0.0,2419.754177892141,-1307.8813052406556,-1439.8455531308257,0.0,0.0,0.0,0.0,0.0,0.0,0.0,535.4571479458577,760.2142690837228,4521.863531790888,100.34513880845704,2293.586472429667,137.3410319752113,4316.889123725243,1049.4538067265942,20438.162172710294,-285.37505963903214,2159.8394053287566,38032.30383441917,38446.888244999995
10/27/2018,Total,120.93859224961336,2080.1975746486833,0.0,0.0,0.0,140.90660667147057,0.0,2432.176744443419,-1308.816039678484,-1443.9394736666577,0.0,0.0,0.0,0.0,0.0,0.0,0.0,1489.255793933307,721.2884383574223,4364.075044570815,85.49627602379041,2364.5165959663173,657.285136957253,4322.855775393417,3012.836397619805,21648.01238268012,-285.4604309288843,2159.8394053287566,42561.46482057016,44608.159522999995
11/03/2018,Total,119.75748501808079,2073.6121169466933,0.0,0.0,0.0,136.19321444531835,0.0,2385.132184903153,-1308.0340442627173,-1444.7578137681603,0.0,0.0,0.0,0.0,0.0,0.0,0.0,939.9808923661695,859.0705949343933,4401.140234863311,100.7143116371033,2461.8827250421446,358.02001647958235,4310.099341860263,1494.9046208615127,21263.822589806303,-285.4109962776812,2159.8394053287566,40025.96688018423,41586.540691
11/10/2018,Total,112.77986184542048,2058.105727716304,0.0,0.0,0.0,129.14035806448115,0.0,2339.9354498364523,-1307.7200962293718,-1441.951633929329,0.0,0.0,0.0,0.0,0.0,0.0,0.0,1612.0514470746566,1505.3627676151693,4465.40361749911,91.12812772523557,3546.6447898931874,261.5698619750278,4309.34510893424,3020.510443096898,21610.58096024479,-285.5200828201322,2159.8394053287566,44187.20611387089,44107.511436
11/17/2018,Total,107.67916125678393,2052.360871657789,0.0,0.0,0.0,125.49712398060883,0.0,2445.4880946683634,-1306.6045787915316,-1442.0332569333334,0.0,0.0,0.0,0.0,0.0,0.0,0.0,1416.9035865070516,1115.5247517548764,4451.094223457838,102.41832968424157,2912.967722926305,143.01419545376984,4330.855379766501,1184.5877032388819,23851.592076327055,-285.9990023073654,2159.8394053287566,43365.185787976596,47072.98287299999
11/24/2018,Total,103.97984260865114,2049.9450304941543,0.0,0.0,0.0,123.42823569880267,0.0,2767.1799785223384,-1305.5140163478454,-1439.6965772647561,0.0,0.0,0.0,0.0,0.0,3478.215707945812,0.0,1308.8043724481352,1129.6655102708291,4474.197659042974,94.05340836242893,3006.662549621861,205.23152991824645,4330.274931165606,1636.933234373063,24904.588448279283,-285.5963697868712,2159.8394053287566,48742.19288068147,48443.573784
12/01/2018,Total,105.33743595721052,2061.535060563085,0.0,0.0,0.0,123.91260385532678,0.0,2554.569523767304,-1303.0191580730661,-1438.2484732201506,0.0,0.0,0.0,0.0,0.0,0.0,0.0,1268.9926382502172,933.0332937504303,4442.734420864946,100.79989314487727,2731.861398493961,270.82897973952146,4321.573669392793,1179.7446190427197,20453.708219090582,-285.4473401878232,2159.8394053287566,39681.75618976069,40538.140269
12/08/2018,Total,128.45541441178554,2132.3813109866737,0.0,0.0,0.0,133.773628445991,0.0,2521.914006656634,-1301.7400776056877,-1436.285449652156,0.0,0.0,0.0,0.0,0.0,0.0,0.0,1701.7337614918847,935.1115666456155,4473.431570016934,93.13086930260722,3638.416366745375,725.0690293868865,4325.610031067566,2859.385395058127,23380.28189359331,-285.5857608846774,2159.8394053287566,46184.922960995624,46068.033352000006
12/15/2018,Total,143.21143435654454,2154.612670822969,0.0,0.0,0.0,138.058030057159,0.0,2356.0106259626405,-1298.8859921321869,-1435.7288040262772,0.0,0.0,0.0,0.0,0.0,0.0,0.0,1312.4199554407603,1220.6045940711463,4496.49781825722,100.23365480027934,3287.8223024449035,300.7852211948079,4329.344623757346,719.7157511507689,23450.548233826034,-285.7558730286961,2159.8394053287566,43149.33365228417,44004.28876499999
12/22/2018,Total,153.0532741481245,2162.6383941573754,0.0,0.0,0.0,140.1858881298547,0.0,2445.6122933482893,-1298.1195270168248,-1431.9043844068774,5624.104117284261,0.0,0.0,0.0,0.0,0.0,0.0,1374.9815083048934,808.0208349164126,4371.262916298583,99.08003792308885,3927.7755284614186,237.011409993434,4336.9614817606025,634.1356011103101,27063.49758086991,-286.212981749947,2159.8394053287566,52521.92337886167,50510.77675900001
12/29/2018,Total,159.76841165872736,2165.6288149046086,0.0,0.0,0.0,141.34491478169386,0.0,2532.2799880309667,-1299.387308350218,-1430.8412157630135,0.0,0.0,0.0,0.0,0.0,0.0,0.0,1487.370269916868,650.3896543550973,4325.925604952219,95.46593915798502,3900.407623155824,67.5834873172972,4337.716395698967,2169.8683997689486,22360.802756933474,-286.02676442083623,2159.8394053287566,43538.13637742736,44388.487629999996
01/05/2019,Total,162.3732834077889,2169.9561685231706,0.0,0.0,0.0,123.81114297256967,0.0,2534.0869876376933,-1301.9459796096019,-1428.2626616999567,0.0,0.0,0.0,0.0,112.00501990064568,0.0,0.0,1509.369684329532,1165.9574086928146,4719.274409597803,91.73407947116992,3783.4755620432534,1035.1409773280318,4328.048379267001,3117.7616217946074,22644.906523448364,-285.3879375557183,2159.8394053287566,46642.144074877935,41365.407095
01/12/2019,Total,167.57265064188238,2148.4533008508224,0.0,0.0,0.0,116.07039652015658,145.71876495300327,2714.9013314316685,-1302.613250608136,-1425.4492985362333,0.0,0.0,0.0,0.0,0.0,0.0,0.0,1544.9272707451269,1668.2541250682348,4545.186911991127,92.61247850134383,3669.1921341466496,915.4570101577372,4317.95725383531,2843.6303662048135,22714.429709837477,-285.3216044694239,2159.8394053287566,46750.818956600306,44616.226888000005
01/19/2019,Total,174.4645767019807,2116.1613659797085,0.0,0.0,0.0,112.9202344613238,224.86442504461098,2888.232326538615,-1302.7242729391544,-1422.4091473531962,0.0,0.0,0.0,0.0,0.0,0.0,0.0,1333.177804506798,1510.857528427543,4470.158234471485,85.33915979481489,3554.908706218735,795.7730431090766,4320.133030485402,2569.499110519704,22783.95284328768,-285.26218595479196,2159.8394053287566,46089.88618862909,46746.54588
01/26/2019,Total,182.4105471062749,2076.4850854970086,0.0,0.0,0.0,112.14162579469635,774.3982790211769,2970.1062552577764,-1302.9951837869858,-1420.444752791667,0.0,0.0,0.0,0.0,0.0,0.0,0.0,1256.6019690332141,2087.0557039090068,4529.536214396948,87.72497425253808,3440.6252783221325,676.0890759387818,4322.1142436097025,2295.3678549299107,22853.476057096286,-285.27782927786143,2159.8394053287566,46815.2548036377,49149.735778
02/02/2019,Total,190.97530050413857,2029.8586067122174,0.0,0.0,17135.02773200553,112.68802694488389,412.11196673726755,3029.204814113356,-1302.8245887385901,-1417.0689521349261,0.0,0.0,0.0,0.0,0.0,0.0,0.0,1853.400927185658,1702.2819197403633,4539.481983869875,75.21959138879105,3326.341850502542,556.4051089629355,4323.314788424257,2021.2365995394944,22922.999213415722,-285.30416321753665,2159.8394053287566,63385.19013128473,55107.898800999996
02/09/2019,Total,199.86972218616336,1975.5506093963384,0.0,0.0,6303.62441334966,114.01122463114874,303.8647330718226,3079.167379807926,-1300.2767380342752,-1414.0049205362106,0.0,0.0,0.0,0.0,0.0,0.0,0.0,1128.3542820938942,1770.681733024576,4499.8330809461795,82.28117954213587,3212.058422605939,436.72114179264065,4324.585450650998,1747.1053439497007,22992.522389804933,-285.37399414327007,2159.8394053287566,51330.414859469056,48721.43236700001
02/16/2019,Total,208.90549609773524,1912.1584994334335,0.0,0.0,2318.973815884703,115.79710179636012,304.05264450138395,3123.622412044479,-1298.8019606445268,-1412.4550768239278,0.0,0.0,0.0,0.0,0.0,0.0,4755.518154978281,890.0342681404314,1464.7738600884356,4461.040768427355,82.93432749729453,3097.774994678025,317.0371747439801,4328.794692230369,1472.974088264592,23062.045586420652,-285.56320785584956,2159.8394053287566,51079.45704523196,50299.076402000006
02/23/2019,Total,217.9621583918951,1837.6832590860968,0.0,0.0,853.1027599938242,117.8539078198292,252.51570572007415,3163.7160259315788,-1299.1343088496455,-1413.326411793246,0.0,0.0,0.0,0.0,0.0,0.0,0.0,1096.7297229143492,1174.387456210845,4592.334921932308,88.78740797324319,2983.4915667814216,197.35320757368527,4322.971993032203,1198.8428326747983,23131.56876320198,-285.32795308939075,2159.8394053287566,44391.352420834606,46963.821036
03/02/2019,Total,223.89135388711992,1874.3530983903327,0.0,0.0,313.83896622921213,131.66844089870543,225.12167484096045,3199.626729288897,-1299.887654205032,-1413.5357833509713,0.0,0.0,0.0,0.0,0.0,0.0,0.0,920.5595855642555,760.6578818162772,4623.6527392836815,91.73926265775805,3091.886054302385,303.25811940332215,4320.161873071466,539.4670988976706,22552.153313046823,-285.3118766585448,2159.8394053287566,42333.14028269307,45318.062616
03/09/2019,Total,227.20720381540605,2033.6610144079673,0.0,0.0,115.45496199250954,162.5756932334814,230.32396985210028,3230.9922257390544,-1299.522648173616,-1413.145385745968,0.0,0.0,0.0,0.0,0.0,0.0,0.0,822.6158402880155,629.93205739459,4477.864417561704,93.34585325831046,2798.1620341139214,20.93012604087057,4322.173048857962,567.6810321616115,21695.700720261266,-285.2735612519295,2159.8394053287566,40590.518009136016,43314.333687
03/16/2019,Total,229.54525541052695,2076.241825682727,0.0,0.0,42.473466058742304,173.88703384333263,226.8464791973658,3256.1665991120926,-1303.1858117057875,-1414.6544563167124,0.0,0.0,0.0,0.0,0.0,0.0,0.0,921.5614204826293,795.0358938973432,4384.276973287435,95.90610015452432,2493.3799415230096,147.52139658106094,4319.518813987534,1592.8537289762899,21519.89029570782,-285.2683326354929,2159.8394053287566,41431.83602857319,43833.533899
03/23/2019,Total,231.20100618263194,2093.485695304495,0.0,0.0,15.62509038720997,178.70638221037404,140.43547903906588,3224.5863216047833,-1308.0728955540562,-1416.933756285801,0.0,0.0,0.0,0.0,0.0,0.0,0.0,806.3991628051505,1159.6753378836252,4474.65068887272,92.93855544862049,2707.4760792512834,34.56547815125543,4314.2620068273845,999.2799588485324,20859.39440275587,-285.3001219697103,2159.8394053287566,40482.21427709219,42306.197849000004
03/30/2019,Total,232.37805545592187,2100.523365594362,0.0,0.0,5.748134218147305,180.92172772484383,51.66332957542362,3084.7618140483146,-1314.5316964047495,-1417.9997728323945,0.0,0.0,0.0,0.0,0.0,0.0,0.0,881.5135759742485,940.8048347874266,4455.493516596293,94.1938747302507,2731.78580712125,521.7409179255736,4319.369866403707,838.2865030736732,21657.9550824352,-285.2770899153488,2159.8394053287566,41239.171251840904,41981.968472
04/06/2019,Total,200.93604402346054,1871.751589653159,0.0,0.0,2.114677682951728,140.2609540521238,19.00587259316177,3089.4541656201054,-1318.5838376445522,-1418.5497036014838,0.0,0.0,0.0,0.0,0.0,0.0,0.0,766.6671792058014,1092.7795292006595,4245.929974713179,92.99195302504307,2658.313961965401,355.7203743680978,4319.756793005121,1342.284841222736,20582.947701460715,-285.2979995149124,2159.8394053287566,39918.323476359525,41951.657758999994
04/13/2019,Total,170.34018586654082,1726.7482117024358,0.0,0.0,0.7778738527964337,106.96795271538598,6.991871539183091,3212.7440107454754,-1323.9155575177156,-1420.1107947133578,0.0,0.0,0.0,0.0,0.0,0.0,0.0,557.6696735088711,1132.2468007837087,4375.926972984844,98.14543839395621,2879.2501070574313,297.7547772688673,4320.51562140436,879.1923824037901,21905.28379821729,-285.4183747265115,2159.8394053287566,40800.9503568161,41011.876353
04/20/2019,Total,146.30032492274825,1649.9720901438118,0.0,0.0,0.2861979675225826,86.06226400588899,2.5721671886243618,3203.552591903136,-1328.5236184846765,-1421.3423375335517,0.0,0.0,0.0,0.0,0.0,0.0,0.0,655.1223807526404,782.3745093042269,4368.636119808959,100.47083411385137,2665.007843927724,239.2621551398382,4323.516934189258,2229.18547745956,21044.890935244963,-285.586703298009,2159.8394053287566,40621.599572085266,42540.419575
04/27/2019,Total,127.57988025245764,1605.7670504634048,0.0,0.0,0.10523327200631255,71.95078476015894,0.9462470670530705,3226.491044052017,-1336.0791161514567,-1424.3546148272278,0.0,0.0,0.0,0.0,0.0,0.0,0.0,912.2367570575313,481.3347889179732,4630.145005353975,91.08626137011956,2716.5598544707627,356.3001814008311,4319.5180684629095,1726.6885712412322,20081.449718230317,-285.28301787793373,2159.8394053287566,39462.28210284488,41769.701606
05/04/2019,Total,111.71395523850227,1710.4496737661455,0.0,0.0,0.03874124337184277,93.3104367600061,0.3481017082639918,2923.434398695049,-1338.139309811676,-1433.2495410140455,0.0,0.0,0.0,0.0,0.0,0.0,0.0,619.4269702415058,719.3899921816445,4368.563666468297,97.93118943503055,2896.0961024010985,166.70905253151363,4316.941250938962,937.2329858789824,19518.294347194962,-285.27898163607574,2159.8394053287566,37583.052437550294,39041.067778
05/11/2019,Total,98.3385758118016,1777.350145415129,0.0,0.0,0.01430039633698466,98.1654669848291,0.12805876104847153,3097.344354400951,-1339.4851079531866,-1443.4423465001641,0.0,0.0,0.0,0.0,0.0,0.0,0.0,517.4065845148153,911.0525951832483,4433.356375424623,106.22624864866185,2678.0129516276374,199.48728819294783,4321.062647453806,1103.0929109665785,19605.716035023754,-285.4894031117302,2159.8394053287566,38038.17708656984,38440.478939
05/18/2019,Total,88.08403056249034,1806.8902621812185,0.0,0.0,0.0052426474115365865,100.56968365787586,0.047110977724436044,2849.333325082125,-1340.0755009620689,-1453.9886403081211,0.0,0.0,0.0,0.0,0.0,0.0,0.0,531.8491494873665,918.9147812843862,4397.551325276062,103.42797328827031,2503.725516585862,220.42680272478626,4320.45392196257,698.0754353848827,19177.15746632456,-285.2556651566207,2159.8394053287566,36797.03162632954,37114.270777
05/25/2019,Total,80.30704041378972,1821.5586454153208,0.0,0.0,0.001970336290946409,101.86847803107895,0.017329890346732876,2623.259320882542,-1343.9742377506732,-1462.0554042258016,0.0,0.0,0.0,0.0,0.0,0.0,0.0,1172.2319598174747,826.2088024047334,4455.518756305936,99.64400876323103,3137.756403464034,253.89956005138475,4316.920355701926,2443.9218787890113,19852.70077667083,-285.3704982069033,2159.8394053287566,40254.254552083316,40347.310633
06/01/2019,Total,73.39371145841993,1853.5404335410885,0.0,0.0,0.0006683614613026385,108.17884673666757,0.006374291920140881,2627.934238923592,-1343.4856606879894,-1470.8188298190064,0.0,0.0,0.0,0.0,0.0,0.0,0.0,784.8880069063836,793.1674998311307,4375.309751719666,103.35591657085392,3085.7776705689143,446.14634914307106,4313.934776459599,870.8174216188713,19094.81205298803,-284.660859182589,2159.8394053287566,37592.13777475884,35760.640923
