Variable,06/11/2016,06/18/2016,06/25/2016,07/02/2016,07/09/2016,07/16/2016,07/23/2016,07/30/2016,08/06/2016,08/13/2016,08/20/2016,08/27/2016,09/03/2016,09/10/2016,09/17/2016,09/24/2016,10/01/2016,10/08/2016,10/15/2016,10/22/2016,10/29/2016,11/05/2016,11/12/2016,11/19/2016,11/26/2016,12/03/2016,12/10/2016,12/17/2016,12/24/2016,12/31/2016,01/07/2017,01/14/2017,01/21/2017,01/28/2017,02/04/2017,02/11/2017,02/18/2017,02/25/2017,03/04/2017,03/11/2017,03/18/2017,03/25/2017,04/01/2017,04/08/2017,04/15/2017,04/22/2017,04/29/2017,05/06/2017,05/13/2017,05/20/2017,05/27/2017,06/03/2017,06/10/2017,06/17/2017,06/24/2017,07/01/2017,07/08/2017,07/15/2017,07/22/2017,07/29/2017,08/05/2017,08/12/2017,08/19/2017,08/26/2017,09/02/2017,09/09/2017,09/16/2017,09/23/2017,09/30/2017,10/07/2017,10/14/2017,10/21/2017,10/28/2017,11/04/2017,11/11/2017,11/18/2017,11/25/2017,12/02/2017,12/09/2017,12/16/2017,12/23/2017,12/30/2017,01/06/2018,01/13/2018,01/20/2018,01/27/2018,02/03/2018,02/10/2018,02/17/2018,02/24/2018,03/03/2018,03/10/2018,03/17/2018,03/24/2018,03/31/2018,04/07/2018,04/14/2018,04/21/2018,04/28/2018,05/05/2018,05/12/2018,05/19/2018,05/26/2018,06/02/2018,06/09/2018,06/16/2018,06/23/2018,06/30/2018,07/07/2018,07/14/2018,07/21/2018,07/28/2018,08/04/2018,08/11/2018,08/18/2018,08/25/2018,09/01/2018,09/08/2018,09/15/2018,09/22/2018,09/29/2018,10/06/2018,10/13/2018,10/20/2018,10/27/2018,11/03/2018,11/10/2018,11/17/2018,11/24/2018,12/01/2018,12/08/2018,12/15/2018,12/22/2018,12/29/2018,01/05/2019,01/12/2019,01/19/2019,01/26/2019,02/02/2019,02/09/2019,02/16/2019,02/23/2019,03/02/2019,03/09/2019,03/16/2019,03/23/2019,03/30/2019,04/06/2019,04/13/2019,04/20/2019,04/27/2019,05/04/2019,05/11/2019,05/18/2019,05/25/2019,06/01/2019
TAS_SPD,2967.3444390800005,4100.064243520001,4795.0143925799985,5471.532206920001,6418.317841800001,7042.867806800002,7469.830417050001,7767.927727820001,6860.97385549,5950.65267547,5241.3055911599995,4693.89558771,4260.505192630001,3910.38814912,3646.307999070001,3448.599032219999,3551.84676058,4912.074037779998,5737.41982962,6279.802126369999,6649.143470059999,6185.623158790002,5525.053372770001,5020.88539187,4640.04590954,4447.62895772,4430.279172,4416.77018064,4406.17481288,4397.804356790001,5526.789797369999,6310.756552699999,6896.9619325600015,7358.652748909999,7738.095862660001,8061.556346479998,8346.062489540001,8602.95168623,8528.49771484,8280.43969861,8102.24895467,7974.782357540002,7727.5676413599995,6542.361512149998,5600.404800319999,4856.78688703,4274.348145530001,3941.3662070899995,3709.920845999999,3536.0670904799995,3405.77798616,3198.9768220700007,2888.6880687899998,2651.2773860299994,2470.9959459900006,2376.1185946599994,2546.1972191100003,2659.3576561800005,2735.7857799400003,2787.8141398099997,3356.74584376,3907.968246969999,4270.35946798,4517.09188963,4481.5269251,3905.9458303700007,3458.9543816400005,3115.25862167,2853.6316895399996,3203.8129446899993,3436.19830712,3594.6933932899997,3704.5728029700003,3894.89705904,4108.598097960001,4256.74424202,4360.78455205,4301.349956679999,3910.6563623,3615.9829837400007,3395.8662925599992,3232.7640932600007,4833.887775870001,5976.4367370400005,6888.103086700001,7660.095871020001,8340.00518821,8955.780917329997,9524.97299261,10059.094190389998,10105.50138254,9696.11656836,9399.93985581,9186.95880831,9034.4786659,7654.657922999998,6559.039874930002,5695.074270259999,5019.245708270001,4889.96356007,4946.15826075,4981.978981810002,5004.27793149,5026.02327016,5060.31869375,5082.95499283,5097.688267109999,5107.079533270001,4888.88381767,4728.8803788099995,4611.944139900001,4526.597698930001,4794.069593680001,5208.84228473,5490.349628750001,5685.11442539,5735.582282840001,5238.435620270001,4864.584172969999,4586.069516840001,4380.16140201,4966.725417409999,5465.479085410001,5802.374213540001,6035.002893920001,5982.6378600299995,5649.18938857,5404.126738999999,5225.215068190001,5289.34840867,6405.691557089999,7125.539763310001,7610.969144950001,7946.326370260001,8082.862596900001,8344.030732629999,8687.048363219998,9081.50838907,9506.577069480001,9948.326694820002,10397.611798070002,10848.521673330002,11148.53096322,11321.596968379998,11446.258500540003,11536.738923289999,11602.899897050002,10092.35721738,8615.6860871,7448.96867505,6534.301608260002,5754.645436139999,5093.27706436,4580.87045554,4187.204734170001,3835.5625685800005
DEP_ALL,8.207363240000001,10.1953401,10.953787109999999,11.135288259999998,10.808649520000001,10.70825486,10.6656663,10.64484693,11.134325800000001,11.356722770000001,11.442952340000001,11.481473770000001,11.47534396,11.443468319999997,11.433516970000001,11.429326260000002,11.472841210000002,11.734996670000001,11.81531305,11.84765243,11.861487809999998,11.62792441,11.442012650000002,11.37224244,11.34066927,11.63215719,12.0429721,12.165713629999999,12.211839620000001,12.229912310000001,11.596401329999997,11.381154030000001,11.290419089999999,11.251891520000001,11.237879399999997,11.235770180000001,11.23949368,11.24607396,11.810214310000001,12.270026790000001,12.405419960000001,12.45324477,12.32815327,10.821792039999998,10.17796945,9.84810325,9.664010880000001,10.162887539999998,10.40238931,10.497676980000001,10.54346664,10.838801550000003,11.248078670000002,11.388905520000002,11.44998516,11.447058740000001,11.251697339999996,11.185958129999998,11.156916100000002,11.142944620000002,11.178625379999998,11.20613406,11.216241329999999,11.220810600000002,11.239638529999999,11.287098860000002,11.303471179999997,11.310691739999998,11.314102389999999,11.635993930000001,11.733824390000002,11.773484759999999,11.790668259999999,11.685554809999998,11.56168706,11.518153320000001,11.499137509999997,11.622957589999999,11.94653317,12.043358529999999,12.08073522,12.09590166,11.929910749999998,11.856530629999998,11.805994849999998,11.763637560000001,11.72426134,11.685703709999999,11.647011770000002,11.60774732,11.834976490000003,12.16504591,12.262214129999998,12.29798967,12.31168674,10.981695469999998,10.437175610000002,10.165437350000001,10.01758791,10.363662909999999,10.61713712,10.711982299999999,10.756167529999999,10.910907199999999,11.26033269,11.37797314,11.428819229999998,11.45228049,11.135458269999999,11.025810369999999,10.976368509999999,10.952005719999999,11.00606267,11.070501209999998,11.09354111,11.10394806,11.11218334,11.13475254,11.142860559999999,11.14653296,11.14831249,11.670263459999997,11.892072690000003,11.97217041,12.004437820000001,11.96811896,11.88963565,11.864121359999999,11.853770560000001,11.914180769999998,12.266090499999999,12.36296197,12.39710063,12.40976737,12.430267340000002,12.32284275,12.16476902,11.97002773,11.73898404,11.466483420000003,11.14375462,10.758358909999998,10.992504219999997,11.815781,11.998576490000001,12.071914720000002,12.101734689999999,10.848235960000002,10.10580645,9.748151009999997,9.55212061,10.18748006,10.536326070000001,10.67149568,10.735288040000002,10.90033639
LTV_30B_17,0.0,0.0,0.0,0.0,0.0,0.0,0.0,0.0,0.0,0.0,0.0,0.0,0.0,0.0,0.0,0.0,0.0,0.0,0.0,0.0,0.0,0.0,0.0,0.0,0.0,0.0,0.0,0.0,0.0,0.0,0.0,0.0,0.0,0.0,8.134577469999998,2.9925438200000003,1.1008953199999998,0.4049967299999999,0.14898994999999998,0.05481039999999998,0.020163579999999997,0.007417769999999999,0.0027288300000000002,0.0010039299999999999,0.0003692600000000001,0.00013585,4.995000000000001e-05,1.8370000000000002e-05,6.79e-06,2.4799999999999995e-06,9.299999999999998e-07,3.0999999999999994e-07,1.4e-07,0.0,0.0,0.0,0.0,0.0,0.0,0.0,0.0,0.0,0.0,0.0,0.0,0.0,0.0,0.0,0.0,0.0,0.0,0.0,0.0,0.0,0.0,0.0,0.0,0.0,0.0,0.0,0.0,0.0,0.0,0.0,0.0,0.0,0.0,0.0,0.0,0.0,0.0,0.0,0.0,0.0,0.0,0.0,0.0,0.0,0.0,0.0,0.0,0.0,0.0,0.0,0.0,0.0,0.0,0.0,0.0,0.0,0.0,0.0,0.0,0.0,0.0,0.0,0.0,0.0,0.0,0.0,0.0,0.0,0.0,0.0,0.0,0.0,0.0,0.0,0.0,0.0,0.0,0.0,0.0,0.0,0.0,0.0,0.0,0.0,0.0,0.0,0.0,0.0,0.0,0.0,0.0,0.0,0.0,0.0,0.0,0.0,0.0,0.0,0.0,0.0,0.0,0.0
LTV_30B_18,0.0,0.0,0.0,0.0,0.0,0.0,0.0,0.0,0.0,0.0,0.0,0.0,0.0,0.0,0.0,0.0,0.0,0.0,0.0,0.0,0.0,0.0,0.0,0.0,0.0,0.0,0.0,0.0,0.0,0.0,0.0,0.0,0.0,0.0,0.0,0.0,0.0,0.0,0.0,0.0,0.0,0.0,0.0,0.0,0.0,0.0,0.0,0.0,0.0,0.0,0.0,0.0,0.0,0.0,0.0,0.0,0.0,0.0,0.0,0.0,0.0,0.0,0.0,0.0,0.0,0.0,0.0,0.0,0.0,0.0,0.0,0.0,0.0,0.0,0.0,0.0,0.0,0.0,0.0,0.0,0.0,0.0,0.0,0.0,0.0,0.0,8.882286639999998,3.51945136,1.4474829199999997,0.6251462200000001,0.2861717,0.13935965999999997,0.07193988,0.0390036,0.02195354,0.012688899999999998,0.00746566,0.004443380000000001,0.0026638000000000005,0.0016042199999999997,0.00096882,0.00058606,0.00035490000000000006,0.00021501999999999998,0.00013035999999999994,7.898e-05,4.79e-05,2.906e-05,1.762e-05,1.068e-05,6.48e-06,3.94e-06,2.38e-06,1.44e-06,8.8e-07,5.4e-07,3.2e-07,2e-07,1.2e-07,8e-08,4e-08,2e-08,2e-08,0.0,0.0,0.0,0.0,0.0,0.0,0.0,0.0,0.0,0.0,0.0,0.0,0.0,0.0,0.0,0.0,0.0,0.0,0.0,0.0,0.0,0.0,0.0,0.0,0.0,0.0,0.0,0.0,0.0,0.0,0.0,0.0,0.0
LTV_30B_19,0.0,0.0,0.0,0.0,0.0,0.0,0.0,0.0,0.0,0.0,0.0,0.0,0.0,0.0,0.0,0.0,0.0,0.0,0.0,0.0,0.0,0.0,0.0,0.0,0.0,0.0,0.0,0.0,0.0,0.0,0.0,0.0,0.0,0.0,0.0,0.0,0.0,0.0,0.0,0.0,0.0,0.0,0.0,0.0,0.0,0.0,0.0,0.0,0.0,0.0,0.0,0.0,0.0,0.0,0.0,0.0,0.0,0.0,0.0,0.0,0.0,0.0,0.0,0.0,0.0,0.0,0.0,0.0,0.0,0.0,0.0,0.0,0.0,0.0,0.0,0.0,0.0,0.0,0.0,0.0,0.0,0.0,0.0,0.0,0.0,0.0,0.0,0.0,0.0,0.0,0.0,0.0,0.0,0.0,0.0,0.0,0.0,0.0,0.0,0.0,0.0,0.0,0.0,0.0,0.0,0.0,0.0,0.0,0.0,0.0,0.0,0.0,0.0,0.0,0.0,0.0,0.0,0.0,0.0,0.0,0.0,0.0,0.0,0.0,0.0,0.0,0.0,0.0,0.0,0.0,0.0,0.0,0.0,0.0,0.0,0.0,0.0,0.0,9.402315909999997,3.4589187200000002,1.27246508,0.46811372999999995,0.17220940999999998,0.06335233,0.02330599,0.00857379,0.0031541100000000003,0.00116038,0.00042683000000000006,0.00015703,5.7749999999999994e-05,2.1250000000000008e-05,7.84e-06,2.8699999999999996e-06,1.0799999999999998e-06,3.699999999999999e-07
MAS_SPD,9.17729438,10.94364826,11.51956918,11.3666725,9.956648909999998,9.34146099,9.035298070000001,8.867520390000001,8.91177926,8.936324769999999,8.93995801,8.939098620000001,9.455774439999999,10.197599169999998,10.459938669999998,10.57322693,10.57304131,10.23206146,10.107088090000001,10.051687399999999,10.024190820000001,10.83164033,11.317066429999999,11.475128780000002,11.535431509999997,11.716583009999999,11.955098079999997,12.020835940000001,12.042373609999999,12.049879479999998,9.365414450000001,7.81600029,6.815020410000001,6.1039221,5.5575688,5.1093852,4.720797060000001,4.367803090000001,4.157100570000001,4.0316762200000005,3.9408686699999995,3.8750827300000004,3.90629857,4.3728910800000005,4.63861775,4.79670052,4.8941309,5.64617096,6.138321969999999,6.40443338,6.5577166899999995,6.667644999999999,6.75707213,6.810659529999999,6.844186489999999,6.850815740000001,6.766593120000001,6.72504382,6.702979280000001,6.690465560000001,5.600452270000001,4.350672210000001,3.4740359800000005,2.8402581000000002,3.0660481399999995,4.631239429999999,5.4219741400000006,5.84613791,6.0865761,6.6139652899999986,6.88616561,7.0380214400000005,7.128036080000001,7.03097844,6.8703809399999995,6.789679940000001,6.746035640000001,6.758368700000001,6.85462368,6.901969150000001,6.92719858,6.941607720000001,6.556333169999999,6.713971969999999,7.11966811,7.609869869999999,8.104981760000001,8.57142645,8.99751609,9.381028650000001,8.931759829999999,7.6456212500000005,6.934738299999999,6.515277710000001,6.254988979999999,7.4321179299999995,7.91296575,8.136551870000002,8.25294441,7.83393861,7.41663758,7.199707129999999,7.077969090000001,7.31446729,8.08794857,8.41291938,8.570176479999999,8.654661779999998,7.074959290000001,6.13704551,5.5488479900000005,5.16528584,4.900933639999999,4.71517726,4.58711153,4.49773799,5.29286551,8.810346390000001,9.88260844,10.318190969999998,10.51963214,9.706224259999999,9.174228720000002,8.926148620000001,8.79618772,8.5570802,8.18755103,8.002310699999999,7.90041394,7.935868579999999,8.46834143,8.685195830000001,8.7878524,8.84218033,7.89425258,7.479339339999999,7.320974729999999,7.293361969999999,7.3356585800000005,7.416502899999999,7.518714750000001,7.63237873,8.373058740000001,9.88981599,10.39965429,10.61436323,10.713737920000002,8.637255320000001,6.776720650000001,5.55423285,4.71573515,6.151152359999999,6.5032575900000005,6.671485690000002,6.75693829,7.1202035200000005
SUP_VID,0.0,0.0,0.0,0.0,0.0,0.0,0.0,0.0,0.0,0.0,0.0,0.0,0.0,0.0,0.0,0.0,0.0,0.0,0.0,0.0,0.0,0.0,0.0,0.0,0.0,0.0,0.0,0.0,0.0,0.0,0.0,0.0,3.874999999999999e-05,1.7935428500000001,4.13494415,7.9985360100000005,3.3558923400000005,1.3978619900000002,0.6841508000000001,0.38478752999999993,0.28426197,0.36216817999999995,0.19010474000000002,0.0699356,0.025727859999999998,0.009464750000000001,0.0034818999999999996,0.0012809299999999998,0.00047120000000000007,0.00017339,6.377e-05,2.343e-05,8.6e-06,3.19e-06,1.1699999999999998e-06,4.5000000000000003e-07,1.7000000000000001e-07,3.0000000000000004e-08,0.0,0.0,0.0,0.0,0.0,0.0,0.0,0.0,0.0,0.0,0.0,0.0,0.0,0.0,0.0,0.0,0.0,0.0,0.0,0.0,0.0,0.0,0.0,0.0,0.0,0.0,1.28768293,1.98964455,2.6906775400000003,2.3789281000000004,2.0624449899999995,1.77667832,1.44851764,1.09403709,1.1401399900000002,0.54183945,0.19933156999999999,0.07332997,0.02697663,0.009924169999999998,0.0036508600000000006,0.0013430599999999999,0.00049409,0.00018175000000000003,6.689e-05,2.458e-05,9.07e-06,3.3299999999999995e-06,1.2199999999999998e-06,4.7000000000000005e-07,2.0000000000000002e-07,3.0000000000000004e-08,0.0,0.0,0.0,0.0,0.0,0.0,0.0,0.0,0.0,0.0,0.0,0.0,0.0,0.0,0.0,0.0,0.0,0.0,0.0,0.0,0.0,0.0,0.0,0.0,0.0,1.72273507,2.6647274100000002,9.394409790000001,4.9750348099999995,3.64013142,3.6252725900000007,3.0043237400000002,2.67416083,2.7340663000000003,2.6921130999999994,1.66501619,0.61252528,0.2253354,0.08289628,0.03049586,0.0112188,0.00412712,0.00151827,0.0005585500000000001,0.00020545999999999997,7.557000000000001e-05
IRI_pctTD,0.0,0.0,3.16106109,4.45605925,5.11999754,5.504833689999999,5.64889024,5.863766689999999,5.816457700000001,5.82952025,5.63871631,5.85297539,6.062397799999999,5.99935861,6.113476149999999,6.52790287,6.75393676,7.044614999999999,7.10381413,6.86249111,6.83059454,6.91126297,6.92658194,6.79504542,6.709775959999999,6.81736062,6.7585775,6.65742498,6.51254813,6.84457173,7.02942029,7.736330370000001,7.598002870000001,7.538234190000001,7.51264987,7.501726560000001,7.49529178,7.48726894,7.47374093,7.452044719999999,7.2714745999999995,7.08938419,6.9865637,7.2631666,7.3342797,7.59592733,7.505939690000001,7.272953169999999,6.881170040000001,6.9215982799999995,6.831814690000001,6.434044700000001,6.257213930000001,6.247466490000001,5.74711908,5.90002456,5.82421722,5.675673230000001,5.828886450000001,6.13078362,6.37517894,6.462476799999999,6.028771900000001,5.666277080000001,5.599171630000001,5.77187302,5.43033498,6.0392065,5.64007043,5.58178648,5.46985937,5.434762060000001,5.394975009999999,5.839179110000001,6.011155140000001,6.054871169999999,6.0517042000000005,5.74740708,5.60258595,5.48440023,5.10248084,5.480582369999999,5.92034501,6.78126234,6.70837463,6.66630605,6.64742363,6.642995069999999,6.6461802699999994,6.652205930000001,6.65790457,6.66123048,6.03154461,5.87494487,5.762833359999999,6.2747163,6.569147820000001,6.388389639999999,6.0268197,5.63329521,5.535702779999999,5.31459345,5.756412119999999,5.78635091,5.81169857,5.7990084,5.91858244,5.75612851,5.8650364900000005,5.610958169999999,5.381768879999999,5.4194935,5.39605523,5.6369514800000005,5.74381329,5.937859270000001,6.004094159999999,5.931617509999999,5.53442198,5.42411736,5.28329403,5.530016410000001,5.46974712,5.24533957,5.437496370000001,5.15432148,5.283282600000001,5.200449090000001,5.98510665,5.42820496,5.256938860000001,4.91187634,4.980605559999999,5.041125380000001,5.39382433,5.83324993,6.4642203700000005,6.63354312,6.7000474599999995,6.73173732,6.74174925,6.7305765200000005,6.69467184,6.6280931800000005,6.71142522,6.5707282,6.422436840000001,6.74302416,6.687212680000001,6.821043550000001,6.95517348,6.24910424,6.61777097,6.315634760000001,6.0210382099999995,6.009039719999999
IRI_BAS_PRC_1500ML,894.5089767900001,907.4309799499999,915.4158372199998,915.05374199,929.20147441,944.18994516,944.3052694099998,943.5965321400001,942.0629807,941.53860945,940.8215136599998,940.1002191800001,939.5943143300001,938.45125176,937.4881684699999,936.3276472299999,934.3257156999999,930.87069834,927.4200356,923.88473266,922.0505400699999,919.48029736,917.11034478,915.1164391100001,912.54707831,909.8400663900002,907.0919748399999,907.0318617600001,907.34801347,909.5869613900002,910.9214322999998,913.0065893999999,915.0173101800001,916.4610723,916.14485387,915.98397051,915.27766379,915.92452,915.72493116,913.7550980499998,915.1301539,918.2500755799999,921.0671653600002,923.8238071000001,926.42384144,928.2236975000001,930.3095626300001,929.6888099099999,928.6924620800002,928.2600902000001,926.65741839,923.7060062099999,922.53621236,921.2288935000001,919.90902392,918.5464790000001,916.9459110200002,915.7004004100002,913.9512305,912.18487003,911.0791793699999,910.4476840499999,909.8792103500002,911.62887101,914.4314117500002,916.74391876,918.2420826299999,919.0864453900001,918.5199573200001,917.4757890700001,916.35520625,914.9604978700002,914.12191521,913.40553723,912.289581,911.8971959999999,909.56717683,907.34330104,905.04128765,903.11289177,902.38523642,902.84353921,902.8492419800002,902.7187540099999,901.8902995600001,902.45150734,903.60099132,903.7005827500001,907.13116766,910.8320618500001,912.6502445200001,915.13187761,917.41834962,919.5191744200001,921.47517009,922.6775504999999,922.71514261,922.9834637700001,922.27292878,920.9723484799999,919.5348833699999,917.87595038,914.5266762400001,911.94568255,909.8653588299999,908.0785515200001,905.6625303999999,904.87943,902.39053449,901.5222094200001,901.7445912900001,902.14654135,901.54685221,902.2982544200001,902.1917486299999,904.03559752,905.0011781799999,905.2041574100001,905.3721516899999,904.4463612400002,902.41628308,901.4184869999999,900.00320394,898.165401,897.0600798900001,895.74942304,894.39084817,893.0006479100002,891.0379438800001,888.65668679,886.6100348899998,885.27403431,884.5949612,885.64218662,886.64913791,887.59474584,887.3797289799999,887.6847454899998,887.4307616099999,885.65241055,886.0476099799998,889.7813157199998,893.12077669,896.2036292000001,900.9928151199999,905.42223693,910.9539633200001,914.3233469500001,915.79241962,917.32693305,920.12586535,920.5778101599999,921.46044754,921.9718846700001,923.50408313,923.5110790700002
IRI_BAS_PRC_750ML,977.32487128,1000.17442394,1014.32204183,1032.48526637,1053.16934819,1073.4171100199999,1074.86615214,1074.11631094,1072.70325854,1071.01559832,1069.68270027,1067.32059383,1067.11857268,1067.03962808,1066.87305066,1066.0111524400002,1065.2688380599998,1061.57464285,1057.64782937,1053.75372328,1050.7486572899998,1047.92740437,1045.55095965,1044.40487571,1042.2401300600002,1039.3665537299999,1037.0245642900002,1035.6338177100001,1032.82847954,1031.36229319,1030.08417534,1028.1727670100004,1027.69277775,1026.93223025,1024.3967045400002,1022.97360444,1023.9801033199999,1024.6707630100002,1024.57490221,1023.94262428,1022.3015617799999,1023.9479817800001,1026.05061633,1028.7724211099999,1032.5639828800001,1037.9003647199997,1041.02574956,1042.79819486,1044.53896284,1046.26201294,1047.70549878,1046.3282945400001,1044.39809319,1043.5469283300001,1042.38815628,1043.03359925,1045.9369642499998,1048.29588944,1050.62483267,1051.82207216,1052.9298561599999,1052.88101608,1051.56351262,1048.50073933,1046.62048092,1045.14424318,1043.2943054,1042.04128224,1042.0770257899999,1041.37700819,1040.4205621199999,1040.4241938,1040.31042651,1038.70750077,1037.70276929,1037.0925227,1036.02815684,1034.32701955,1033.5283899100002,1032.9545581,1031.33024996,1028.87777319,1027.0707499400003,1024.0773537399998,1021.71923296,1021.4008447899998,1022.36594682,1021.4227118800001,1021.10754866,1023.24203382,1026.11843583,1026.87718795,1030.1085779499997,1034.48649928,1035.7590954500001,1035.40446706,1035.3413845,1035.25822348,1035.20281772,1037.49431962,1039.59533771,1041.75779337,1042.0818131600001,1041.75980062,1038.6430874900002,1035.4923719299998,1032.50927018,1030.84677777,1029.39667125,1028.62399892,1029.0419104000002,1031.38724279,1033.72232057,1035.2617034799998,1037.4217278899998,1037.46086541,1036.6357757399999,1035.9660128399998,1035.79348815,1035.7958253000002,1038.27422871,1039.923699,1041.20725238,1043.62972712,1046.32136744,1045.71543349,1043.9710230500002,1043.2422810799999,1040.7650758,1038.94986947,1037.8961532300002,1037.11261126,1034.5839670799999,1033.1644155399997,1029.87500402,1026.32778198,1022.0206344799999,1020.9240965,1019.81860372,1018.0053619099999,1017.24136409,1019.1528186200001,1018.5653721399999,1017.17779509,1018.99036476,1022.0832545400001,1024.91318814,1027.72593516,1030.86665845,1032.7396933300001,1035.00097639,1037.5752738699998,1040.60751835,1043.8132671,1047.30249615,1049.66176975
HOL_CHR_NEW,0.0,0.0,0.0,0.0,0.0,0.0,0.0,0.0,0.0,0.0,0.0,0.0,0.0,0.0,0.0,0.0,0.0,0.0,0.0,0.0,0.0,0.0,0.0,0.0,0.0,0.0,0.0,0.0,14.0,0.0,0.0,0.0,0.0,0.0,0.0,0.0,0.0,0.0,0.0,0.0,0.0,0.0,0.0,0.0,0.0,0.0,0.0,0.0,0.0,0.0,0.0,0.0,0.0,0.0,0.0,0.0,0.0,0.0,0.0,0.0,0.0,0.0,0.0,0.0,0.0,0.0,0.0,0.0,0.0,0.0,0.0,0.0,0.0,0.0,0.0,0.0,0.0,0.0,0.0,0.0,14.0,0.0,0.0,0.0,0.0,0.0,0.0,0.0,0.0,0.0,0.0,0.0,0.0,0.0,0.0,0.0,0.0,0.0,0.0,0.0,0.0,0.0,0.0,0.0,0.0,0.0,0.0,0.0,0.0,0.0,0.0,0.0,0.0,0.0,0.0,0.0,0.0,0.0,0.0,0.0,0.0,0.0,0.0,0.0,0.0,0.0,0.0,0.0,0.0,0.0,0.0,0.0,14.0,0.0,0.0,0.0,0.0,0.0,0.0,0.0,0.0,0.0,0.0,0.0,0.0,0.0,0.0,0.0,0.0,0.0,0.0,0.0,0.0,0.0,0.0,0.0
HOL_LAB,0.0,0.0,0.0,0.0,0.0,0.0,0.0,0.0,0.0,0.0,0.0,0.0,0.0,14.0,0.0,0.0,0.0,0.0,0.0,0.0,0.0,0.0,0.0,0.0,0.0,0.0,0.0,0.0,0.0,0.0,0.0,0.0,0.0,0.0,0.0,0.0,0.0,0.0,0.0,0.0,0.0,0.0,0.0,0.0,0.0,0.0,0.0,0.0,0.0,0.0,0.0,0.0,0.0,0.0,0.0,0.0,0.0,0.0,0.0,0.0,0.0,0.0,0.0,0.0,0.0,14.0,0.0,0.0,0.0,0.0,0.0,0.0,0.0,0.0,0.0,0.0,0.0,0.0,0.0,0.0,0.0,0.0,0.0,0.0,0.0,0.0,0.0,0.0,0.0,0.0,0.0,0.0,0.0,0.0,0.0,0.0,0.0,0.0,0.0,0.0,0.0,0.0,0.0,0.0,0.0,0.0,0.0,0.0,0.0,0.0,0.0,0.0,0.0,0.0,0.0,0.0,0.0,14.0,0.0,0.0,0.0,0.0,0.0,0.0,0.0,0.0,0.0,0.0,0.0,0.0,0.0,0.0,0.0,0.0,0.0,0.0,0.0,0.0,0.0,0.0,0.0,0.0,0.0,0.0,0.0,0.0,0.0,0.0,0.0,0.0,0.0,0.0,0.0,0.0,0.0,0.0
HOL_MEM,0.0,0.0,0.0,0.0,0.0,0.0,0.0,0.0,0.0,0.0,0.0,0.0,0.0,0.0,0.0,0.0,0.0,0.0,0.0,0.0,0.0,0.0,0.0,0.0,0.0,0.0,0.0,0.0,0.0,0.0,0.0,0.0,0.0,0.0,0.0,0.0,0.0,0.0,0.0,0.0,0.0,0.0,0.0,0.0,0.0,0.0,0.0,0.0,0.0,0.0,0.0,14.0,0.0,0.0,0.0,0.0,0.0,0.0,0.0,0.0,0.0,0.0,0.0,0.0,0.0,0.0,0.0,0.0,0.0,0.0,0.0,0.0,0.0,0.0,0.0,0.0,0.0,0.0,0.0,0.0,0.0,0.0,0.0,0.0,0.0,0.0,0.0,0.0,0.0,0.0,0.0,0.0,0.0,0.0,0.0,0.0,0.0,0.0,0.0,0.0,0.0,0.0,0.0,14.0,0.0,0.0,0.0,0.0,0.0,0.0,0.0,0.0,0.0,0.0,0.0,0.0,0.0,0.0,0.0,0.0,0.0,0.0,0.0,0.0,0.0,0.0,0.0,0.0,0.0,0.0,0.0,0.0,0.0,0.0,0.0,0.0,0.0,0.0,0.0,0.0,0.0,0.0,0.0,0.0,0.0,0.0,0.0,0.0,0.0,0.0,0.0,0.0,0.0,0.0,0.0,0.0
HOL_MOT,0.0,0.0,0.0,0.0,0.0,0.0,0.0,0.0,0.0,0.0,0.0,0.0,0.0,0.0,0.0,0.0,0.0,0.0,0.0,0.0,0.0,0.0,0.0,0.0,0.0,0.0,0.0,0.0,0.0,0.0,0.0,0.0,0.0,0.0,0.0,0.0,0.0,0.0,0.0,0.0,0.0,0.0,0.0,0.0,0.0,0.0,0.0,0.0,0.0,14.0,0.0,0.0,0.0,0.0,0.0,0.0,0.0,0.0,0.0,0.0,0.0,0.0,0.0,0.0,0.0,0.0,0.0,0.0,0.0,0.0,0.0,0.0,0.0,0.0,0.0,0.0,0.0,0.0,0.0,0.0,0.0,0.0,0.0,0.0,0.0,0.0,0.0,0.0,0.0,0.0,0.0,0.0,0.0,0.0,0.0,0.0,0.0,0.0,0.0,0.0,0.0,14.0,0.0,0.0,0.0,0.0,0.0,0.0,0.0,0.0,0.0,0.0,0.0,0.0,0.0,0.0,0.0,0.0,0.0,0.0,0.0,0.0,0.0,0.0,0.0,0.0,0.0,0.0,0.0,0.0,0.0,0.0,0.0,0.0,0.0,0.0,0.0,0.0,0.0,0.0,0.0,0.0,0.0,0.0,0.0,0.0,0.0,0.0,0.0,0.0,0.0,0.0,0.0,0.0,0.0,0.0
HOL_NWY,0.0,0.0,0.0,0.0,0.0,0.0,0.0,0.0,0.0,0.0,0.0,0.0,0.0,0.0,0.0,0.0,0.0,0.0,0.0,0.0,0.0,0.0,0.0,0.0,0.0,0.0,0.0,0.0,0.0,0.0,14.0,0.0,0.0,0.0,0.0,0.0,0.0,0.0,0.0,0.0,0.0,0.0,0.0,0.0,0.0,0.0,0.0,0.0,0.0,0.0,0.0,0.0,0.0,0.0,0.0,0.0,0.0,0.0,0.0,0.0,0.0,0.0,0.0,0.0,0.0,0.0,0.0,0.0,0.0,0.0,0.0,0.0,0.0,0.0,0.0,0.0,0.0,0.0,0.0,0.0,0.0,0.0,14.0,0.0,0.0,0.0,0.0,0.0,0.0,0.0,0.0,0.0,0.0,0.0,0.0,0.0,0.0,0.0,0.0,0.0,0.0,0.0,0.0,0.0,0.0,0.0,0.0,0.0,0.0,0.0,0.0,0.0,0.0,0.0,0.0,0.0,0.0,0.0,0.0,0.0,0.0,0.0,0.0,0.0,0.0,0.0,0.0,0.0,0.0,0.0,0.0,0.0,0.0,0.0,14.0,0.0,0.0,0.0,0.0,0.0,0.0,0.0,0.0,0.0,0.0,0.0,0.0,0.0,0.0,0.0,0.0,0.0,0.0,0.0,0.0,0.0
HOL_THK,0.0,0.0,0.0,0.0,0.0,0.0,0.0,0.0,0.0,0.0,0.0,0.0,0.0,0.0,0.0,0.0,0.0,0.0,0.0,0.0,0.0,0.0,0.0,0.0,14.0,0.0,0.0,0.0,0.0,0.0,0.0,0.0,0.0,0.0,0.0,0.0,0.0,0.0,0.0,0.0,0.0,0.0,0.0,0.0,0.0,0.0,0.0,0.0,0.0,0.0,0.0,0.0,0.0,0.0,0.0,0.0,0.0,0.0,0.0,0.0,0.0,0.0,0.0,0.0,0.0,0.0,0.0,0.0,0.0,0.0,0.0,0.0,0.0,0.0,0.0,0.0,14.0,0.0,0.0,0.0,0.0,0.0,0.0,0.0,0.0,0.0,0.0,0.0,0.0,0.0,0.0,0.0,0.0,0.0,0.0,0.0,0.0,0.0,0.0,0.0,0.0,0.0,0.0,0.0,0.0,0.0,0.0,0.0,0.0,0.0,0.0,0.0,0.0,0.0,0.0,0.0,0.0,0.0,0.0,0.0,0.0,0.0,0.0,0.0,0.0,0.0,0.0,0.0,14.0,0.0,0.0,0.0,0.0,0.0,0.0,0.0,0.0,0.0,0.0,0.0,0.0,0.0,0.0,0.0,0.0,0.0,0.0,0.0,0.0,0.0,0.0,0.0,0.0,0.0,0.0,0.0
HOL_VAT,0.0,0.0,0.0,0.0,0.0,0.0,0.0,0.0,0.0,0.0,0.0,0.0,0.0,0.0,0.0,0.0,0.0,0.0,0.0,0.0,0.0,0.0,0.0,0.0,0.0,0.0,0.0,0.0,0.0,0.0,0.0,0.0,0.0,0.0,0.0,0.0,14.0,0.0,0.0,0.0,0.0,0.0,0.0,0.0,0.0,0.0,0.0,0.0,0.0,0.0,0.0,0.0,0.0,0.0,0.0,0.0,0.0,0.0,0.0,0.0,0.0,0.0,0.0,0.0,0.0,0.0,0.0,0.0,0.0,0.0,0.0,0.0,0.0,0.0,0.0,0.0,0.0,0.0,0.0,0.0,0.0,0.0,0.0,0.0,0.0,0.0,0.0,0.0,14.0,0.0,0.0,0.0,0.0,0.0,0.0,0.0,0.0,0.0,0.0,0.0,0.0,0.0,0.0,0.0,0.0,0.0,0.0,0.0,0.0,0.0,0.0,0.0,0.0,0.0,0.0,0.0,0.0,0.0,0.0,0.0,0.0,0.0,0.0,0.0,0.0,0.0,0.0,0.0,0.0,0.0,0.0,0.0,0.0,0.0,0.0,0.0,0.0,0.0,0.0,0.0,14.0,0.0,0.0,0.0,0.0,0.0,0.0,0.0,0.0,0.0,0.0,0.0,0.0,0.0,0.0,0.0
IRI_BAV_1500ML,0.37727542000000003,0.40560916,0.43704870999999995,0.42227484,0.37316334999999995,0.3931936,0.40491176,0.52094272,0.42195899,0.36599342999999995,0.29387696,0.19581053,0.34860186000000004,0.32508976,0.39796976,0.33380002,0.36601744999999997,0.6490080699999999,0.64238578,0.65059713,0.6238990700000001,0.59692651,0.42902714,0.39794985999999993,0.26845815,0.2900060200000001,0.36257957,0.33207585999999994,0.27832972,0.21732535000000003,0.36596893999999996,0.6224411599999999,0.70052821,0.71361867,0.7496641599999999,0.31463301,0.26010301,0.29565135,0.314467,0.30971457,0.34146771000000004,0.3227489,0.4669784799999999,0.29224384,0.29938235999999996,0.29345176999999995,0.28535333000000007,0.27448638,0.5620637799999999,0.5726452299999999,0.6258794200000001,0.64698815,0.47127915000000004,0.59822618,0.46982421999999996,0.6864814000000001,0.45458265999999997,0.6172265,0.50913095,0.5254311899999999,0.494601,0.36026763999999994,0.36135437,0.27617958,0.43819403,0.23318423000000002,0.21895768999999998,0.19338564,0.19398034,0.30610271,0.33372446999999994,0.4846305500000001,0.36892804,0.52851448,0.72140594,0.8035761600000002,0.63337498,0.4986402999999999,0.75382078,0.5454736099999999,0.51983321,0.46353894,0.6814138399999999,0.6457461399999999,0.8748302899999999,0.9981513499999998,0.9008749600000001,0.5825945100000001,0.27973956,0.32047815,0.29234163999999996,0.24420849000000003,0.19724980999999997,0.17647401000000001,0.22183906,0.26854679000000004,0.32964025999999996,0.35472777000000005,0.35719799999999996,0.31571273,0.56589049,0.5476171200000002,0.7409359000000001,0.6986719199999999,0.61006459,0.5578339499999999,0.50852993,0.55771134,0.47864231999999995,0.6779790299999999,0.6728594300000001,0.52533463,0.4738580500000001,0.4144866,0.26442623000000004,0.28021109,0.2991711899999999,0.23958853000000005,0.33346670000000006,0.17327229,0.15858529,0.17508862,0.41721289999999994,0.4005727699999999,0.6428314000000002,0.5240832900000001,0.5899872999999999,0.50177803,0.44912845,0.42079827999999997,0.51866356,0.44986245,0.44447598,0.43375766000000004,0.42860855999999997,0.61433713,0.55521714,0.52637208,0.7624702,0.44751189999999996,0.34890524,0.43592990000000004,0.35647730999999994,0.28804732,0.31145391,0.28952780999999994,0.27813738000000005,0.24665301,0.28857646,0.3391592,0.30914568,0.33670738,0.26570914,0.27878157000000003,0.40707066,0.33690136
IRI_BAV_750ML,0.55913965,0.59074577,0.50288699,0.43058141999999994,0.52196557,0.80869714,0.4762487299999999,0.38021596,0.4306791200000001,0.67178699,0.61693019,0.7736090100000002,0.77426189,0.9192714300000001,0.8338271800000001,0.7377251699999999,0.79322788,0.62873581,0.64105682,0.5193779199999999,0.51215325,0.62918511,0.67986689,0.62717629,0.56818365,0.50903073,0.6250311500000001,0.7255678799999999,0.63136771,0.51225212,0.7318113900000002,0.8961053999999999,0.9383201099999999,0.86873718,0.8211820000000001,0.9133930699999999,0.9309201100000001,0.7368488000000002,0.5998507000000001,0.51393097,0.55614856,0.58018383,0.49330942,0.34759746999999996,0.41083443000000003,0.30433034,0.22536155999999996,0.41122535000000005,0.55849982,0.56645753,0.30876978000000005,0.40798690000000004,0.59220182,0.60147422,0.6342130899999999,0.57979245,0.69552641,0.64904747,0.72952184,0.6124570300000001,0.4771867699999999,0.5141474100000001,0.4884758399999999,0.45635434,0.55676619,0.79526124,0.9961814800000001,0.6766861000000002,0.76908093,0.4640924099999999,0.43249304000000005,0.36129948,0.36220235000000006,0.41025572,0.5473511799999999,0.6079264500000001,0.5903672799999999,0.48892036,0.44671005999999996,0.4913631500000001,0.41887666999999995,0.38865085,0.5667737700000001,0.8529931999999999,0.6815930800000001,0.9541956400000001,0.89041604,0.66079024,0.6254062599999999,0.54888302,0.70225982,0.61340697,0.49366208,0.49347154,0.49126345000000005,0.30589825,0.58862131,0.44646268999999994,0.52088387,0.66490999,0.42870633999999996,0.35205148999999997,0.36683977,0.37312366999999996,0.49074664000000007,0.43561359,0.40600941999999995,0.54858154,0.44544381,0.49673719000000005,0.7599919,0.4633753500000001,0.60514921,0.8669123400000001,0.50948626,0.62069137,0.48821241000000004,0.50811629,0.5987643899999999,0.60322633,0.61884744,0.48168446000000004,0.39401883000000004,0.39161553,0.39742129000000004,0.46117269,0.68161893,0.59965453,0.6255346,0.4536469599999999,0.56168899,0.6364309199999998,0.50962606,0.4076501500000001,0.6709630799999999,0.79318218,0.76842372,0.95104869,0.8288526500000001,0.76017253,0.71989612,0.5296343099999999,0.51427658,0.45228595000000005,0.65427106,0.83484686,0.5919964600000001,0.58028877,0.5910451699999999,0.59570676,0.49898769,0.6149594399999999,0.47035276000000004,0.4346303899999999,0.34876999999999997,0.33445756000000004
IRI_TRD_DESEA,372582.55832853005,372077.8920133,372820.51634925,370270.85291291,372999.383778,376577.60543999996,381333.957009,381072.25603099994,378852.108484,385910.693631,376688.46418600006,383645.03581100004,381437.379745,373619.96123899997,358820.971113,378465.43559400004,384701.56251099997,397360.228521,390748.015447,380040.38053900003,391915.7796929999,386460.43441800005,383975.098839,386019.22032599995,384239.63668700005,385225.76272900007,384863.13409999997,382138.19593199994,393190.44041,393673.867586,358483.26051899994,381556.461144,378714.93917200004,375145.38218099996,378578.459921,388529.06948600005,383935.011677,378389.92349300004,378717.07948400005,382395.955963,378197.142515,381294.326543,383066.98586099996,380077.085525,386741.18283500004,398105.51617099997,363961.910186,387120.00992900005,385063.903735,386921.308495,387111.363343,389512.844439,369346.50963,375271.332401,371178.166316,386068.17293,374271.388916,366510.134927,367391.600006,365283.615503,363197.20058299997,363421.071106,377392.18193399993,370060.50960800005,371352.35570200003,384874.005342,398887.41573999997,358828.72740199993,366380.290261,364305.6398409999,364849.7924089999,366146.228412,366523.4633480001,367934.71833400003,365745.281588,364823.589974,364746.48854299996,365516.9029310001,363741.812334,363665.187932,363295.71881799994,365802.5679390001,371545.460327,363778.78308699996,370345.64695599995,370968.893742,365553.85607700003,359828.3836170001,366092.9478359999,362300.295538,358146.197487,366787.98103200004,378478.56958500005,367834.14709900005,367158.822112,385045.73740499996,370159.87339100003,360308.205836,373839.96777999995,369949.262197,366574.459081,367499.909059,364803.084146,367295.32727499993,353687.964117,348267.807636,351618.34938299994,339278.0062930001,348346.25937199994,352529.2917929999,346891.4750439999,349261.160624,353567.723088,346285.2672709999,341536.385952,341911.486703,342827.296587,337123.06551700004,337908.6452779999,358322.8690609999,344535.1794,333951.16378700006,340019.224241,349430.42321000004,337177.78907,341221.8793009999,345896.651641,344774.22186600004,346630.906843,344874.366366,347012.085613,349813.648197,339130.87294000003,336140.59653299995,365588.3112359999,350281.7878420001,346556.44588,349502.75623500004,351484.71605300007,347259.578952,345589.072541,354926.813144,358753.7550669999,346433.09517499997,338941.320001,346488.55851899995,345391.224071,330494.20918999997,338715.975848,337203.310024,357815.154064,338547.75996799994,343978.669251,341195.81452599994,343702.584558,338808.86039499997
IRI_WBR,1473.4175565399996,1459.7848288899997,1430.9855301599998,1583.8610604300002,1588.7307591,1521.8057723400004,1580.7983968600001,1508.6973140399998,1574.74870699,1527.5157070399998,1534.50276842,1567.08711611,1457.7562180199998,1552.3656045499997,1447.85238693,1460.2417929099997,1400.68872302,1371.1131192900002,1405.73561698,1328.7463384799996,1321.7540691899999,1343.58590424,1404.2703864199998,1507.4768421899998,1418.0248199100001,1534.1205856099998,1357.13776818,1364.5037187799996,1333.2400769799997,1380.2830267000002,1276.14178093,1296.31082901,1211.69431801,1180.9355634199999,1214.25112059,1293.1538878700003,1243.4319803699998,1312.20951018,1420.87234402,1378.5505022600003,1367.73907313,1394.97827998,1328.3460256199996,1505.20081805,1503.4268009900002,1515.22409253,1559.1015731100003,1629.7698646399997,1551.1738368100002,1593.79272247,1594.8145731,1582.35130238,1572.8273911000003,1626.61348676,1569.34618976,1617.53001109,1553.2049629699998,1483.96761526,1522.37763833,1470.2085010499998,1578.04031689,1490.5220041,1462.4858756200001,1532.132154,1562.25966984,1526.1413929699997,1431.4513260100002,1503.05900609,1478.99853828,1490.6876409800002,1546.15587873,1397.5276539299998,1462.16045558,1423.93396113,1395.8845116300001,1438.60643204,1382.05996885,1473.2799091999996,1357.82759325,1404.2891474299997,1419.92090572,1382.60083342,1266.8241944,1276.68045937,1264.0649151799998,1132.6759484899999,1181.26209677,1261.88963006,1300.1370173700002,1383.1633015000002,1409.6338052299998,1394.1319618500002,1436.66765685,1479.28863623,1461.3014278500002,1447.0283981000002,1387.7018631100002,1370.52345979,1472.3005759900002,1430.25090893,1523.2627404700002,1487.19894684,1491.48444391,1435.4549785399997,1405.3760882000001,1479.3932462099997,1437.80934012,1480.99093926,1444.70269738,1353.4371540900001,1293.90806862,1404.45648966,1454.74155174,1415.12822493,1505.36692698,1522.6618088200003,1569.9150463899998,1491.81195765,1458.72151045,1524.3880491700002,1433.2255294200002,1498.2419194,1403.42822558,1395.7731887500001,1252.07369453,1363.99542019,1373.0701894200001,1520.6473344499998,1430.6387117100003,1500.2764494,1429.2733119900004,1455.5200556900004,1440.6515149699999,1423.1620675399997,1388.6140574900003,1346.7254347499997,1276.8242633799998,1263.39442792,1145.1152404700001,1241.39130539,1262.4927953600002,1330.58230551,1361.7884645299998,1451.82908348,1385.3976138499997,1384.30127337,1433.06332427,1410.0740136,1424.26643321,1418.82816435,1391.0055411600001,1429.3981848900005,1602.89234796,1589.03939879,1530.58606204,1535.2220852
IRI_pctAT,679.437086,745.35081,696.5964699999998,723.0897490000001,718.507169,785.2435989999999,741.301124,798.261833,666.9778309999999,671.958068,698.085145,712.8878,741.674722,801.2711090000001,842.0602130000002,756.5629120000001,770.9398990000001,840.26675,835.29985,810.138647,819.0517619999999,851.7287100000001,863.7652300000001,868.6379949999998,846.6211349999999,751.6117409999999,737.5025129999999,784.6907820000001,835.2272890000002,893.423662,697.009615,695.1989964399999,693.38837785,691.5777592900001,689.7671407099999,687.9565221500001,686.14590356,684.3352849999999,767.369573,818.034849,774.0780570000001,725.1188099999999,714.486952,599.2626540000001,570.167739,467.286761,577.615789,626.20218,754.6775719999999,704.7096690000001,752.736478,749.879725,763.699465,749.408403,739.348247,654.3399499999999,769.805267,708.2424139999999,624.352244,709.374382,605.297644,705.763056,689.31069,722.071196,665.001301,752.9282679999999,629.7739039999999,664.2746359999999,614.7680539999999,677.669297,694.803578,754.9103950000001,733.869624,748.7001170000001,813.5773859999999,833.7659800000001,818.0539729999999,795.2215760000001,863.0266140000001,896.1411949999999,913.075385,939.0331769999999,775.90502,750.0141102899998,724.12320058,698.2322908700002,672.34138113,646.4504714200001,620.55956171,594.6686520000001,536.9749039999999,601.7394569999999,619.786386,652.9185550000001,682.999532,544.770902,569.3154390000001,549.423459,589.757301,626.0619090000001,775.347835,770.5223490000001,776.2777399999999,754.499743,884.813458,800.3381099999999,806.013284,736.3633299999999,791.992616,813.6702990000001,713.060681,646.864849,652.13235,603.6806690000001,631.8557169999999,721.3316530000001,589.5366260000001,727.8173350000001,639.9330349999999,730.33114,675.7256140000001,703.057659,653.183812,600.285345,695.31512,706.1557139999999,819.7252029999999,839.212038,821.727837,766.290494,889.9142620000001,903.1515890000001,953.890151,930.2030019999997,961.160508,933.6542010100001,906.1478939900001,878.6415870000001,851.1352800000002,823.6289730099999,796.1226659899999,768.6163589999999,790.8422510000001,696.186751,608.9125450000001,703.3951839999999,602.518002,664.787077,692.0695000000001,590.1082179999999,636.448956,747.600452,706.5692339999999,760.051195,733.954173,724.7157090000001
IRI_pctFD,23.275892999999996,34.955612,62.319047999999995,114.842999,61.540108000000004,52.427158999999996,22.718249,117.511424,38.960574,40.621924,28.049519,108.05121299999999,120.09609300000001,49.011002,172.297721,15.501367,83.518864,77.81047400000001,94.404766,28.880864,144.650346,89.434151,80.52012,58.141296000000004,79.22414599999999,62.054379999999995,162.382699,103.898457,117.16541000000001,19.071929,213.93862299999995,195.56674656,177.19487015,158.82299371,140.45111728999998,122.07924084999999,103.70736443999999,85.33548800000001,112.32066999999999,3.874401,47.795129,18.580569,104.486277,80.487465,88.533649,73.984555,112.37600600000002,58.718163000000004,62.460162999999994,55.826594,78.730229,75.639161,23.275892999999996,34.955612,62.319047999999995,114.842999,61.540108000000004,52.427158999999996,22.718249,117.511424,38.960574,40.621924,28.049519,108.05121299999999,120.09609300000001,49.011002,172.297721,15.501367,83.518864,77.81047400000001,94.404766,28.880864,144.650346,89.434151,80.52012,58.141296000000004,79.22414599999999,62.054379999999995,162.382699,103.898457,117.16541000000001,19.071929,213.93862299999995,195.56674656,177.19487015,158.82299371,140.45111728999998,122.07924084999999,103.70736443999999,85.33548800000001,112.32066999999999,3.874401,47.795129,18.580569,104.486277,80.487465,88.533649,73.984555,112.37600600000002,58.718163000000004,62.460162999999994,55.826594,78.730229,75.639161,23.275892999999996,34.955612,62.319047999999995,114.842999,61.540108000000004,52.427158999999996,22.718249,117.511424,38.960574,40.621924,28.049519,108.05121299999999,120.09609300000001,49.011002,172.297721,15.501367,83.518864,77.81047400000001,94.404766,28.880864,144.650346,89.434151,80.52012,58.141296000000004,79.22414599999999,62.054379999999995,162.382699,103.898457,117.16541000000001,19.071929,213.93862299999995,195.56674656,177.19487015,158.82299371,140.45111728999998,122.07924084999999,103.70736443999999,85.33548800000001,112.32066999999999,3.874401,47.795129,18.580569,104.486277,80.487465,88.533649,73.984555,112.37600600000002,58.718163000000004,62.460162999999994,55.826594,78.730229,75.639161
IRI_pctTA,1356.7908400000001,1289.5686589999998,1288.1901780000003,1376.754795,1385.3032139999998,1385.129506,1383.985701,1385.900561,1384.684977,1383.09294,1384.1199550000001,1386.2323299999998,1388.1880610000003,1388.825731,1389.1686959999997,1388.742816,1389.33052,1388.503862,1389.453465,1389.3801120000003,1390.019814,1388.6652129999998,1388.096011,1388.962959,1391.4935169999999,1387.4579620000002,1388.9777430000001,1390.920792,1393.30297,1393.994958,1389.1599960000003,1388.288748,1388.3047740000002,1388.236052,1388.1361670000001,1389.4640610000001,1389.3009749999999,1387.122316,1387.4699280000002,1386.2001750000002,1385.594905,1384.511199,1386.744151,1384.4321189999998,1388.37735,1377.1622570000002,1383.5112220000003,1386.8016409999998,1386.822897,1386.3831750000002,1385.988208,1384.9516649999998,1384.176147,1384.6028529999999,1383.1603920000005,1385.4496900000001,1384.26407,1383.6957129999998,1382.9456500000003,1385.95056,1383.5267949999998,1384.2144850000002,1384.6200889999998,1383.50965,1384.795349,1383.0698419999999,1385.028298,1383.693048,1385.259483,1384.654328,1382.2308879999998,1381.0217920000002,1379.087197,1383.214291,1372.3879720000002,1387.1130309999999,1388.329185,1383.8145549999997,1385.660456,1387.613161,1390.459371,1392.0455459999998,1389.137748,1384.2154110000001,1381.805615,1379.663804,1383.945908,1386.085238,1387.559922,1383.7231590000001,1384.3018060000002,1383.8801640000001,1382.860156,1382.6532849999999,1387.3201060000001,1383.254511,1383.355238,1382.837489,1381.733658,1381.7171360000002,1385.8007749999997,1384.0174550000002,1384.3545000000001,1381.1370699999998,1381.499428,1383.2927260000001,1381.709852,1384.355981,1383.15137,1382.290009,1382.4579289999997,1382.1029230000001,1380.6809240000002,1381.090684,1381.101047,1380.568917,1381.9735979999998,1383.4055279999998,1379.721418,1381.737448,1383.212695,1381.5521070000002,1380.5760340000002,1380.0140530000003,1382.798862,1379.5987060000002,1380.758128,1385.8710780000001,1386.5535929999999,1383.270008,1383.369553,1384.676833,1387.6232459999999,1389.3231110000002,1386.44987,1381.6784209999998,1381.2198700000001,1381.6354869999998,1381.623259,1381.923389,1385.609525,1383.167623,1379.342824,1380.734959,1381.8207,1377.021536,1378.002755,1379.904612,1378.450798,1381.620738,1381.0683800000002,1378.351455,1382.452709,1381.193582,1379.6657999999998,1378.481407
IRI_pctTF,96.631131,103.08144,154.043466,198.552519,142.93573499999997,156.30002900000002,125.83576000000001,268.480267,157.653701,144.833013,83.789323,129.280626,325.070491,205.62204699999995,337.10332500000004,112.262679,283.007322,164.967029,216.48086800000002,140.15698799999998,214.734651,163.030628,183.00294800000003,109.800965,155.70434099999997,144.39670500000003,314.0217109999999,241.84302100000002,146.81508900000003,143.162467,406.493732,378.42671787,350.35970370999996,322.29268958,294.22567542,266.15866128999994,238.09164712999998,210.024633,256.712633,31.263601,74.789677,137.966418,181.414195,133.70465599999997,158.31877799999998,179.35027700000003,156.647584,136.484684,172.325435,187.460726,186.80964200000003,190.75784099999998,100.83276699999999,103.94159599999999,147.01201700000004,260.72882200000004,119.11515200000001,290.664009,189.92643999999999,104.62248500000001,193.37767,162.08358199999998,248.54260799999997,85.28508,248.60071799999997,216.719994,340.5264339999999,130.78133100000002,180.037193,203.95376199999998,120.464607,253.088934,140.319406,127.883293,153.40732300000002,234.13781,308.007258,225.77951800000002,377.70667999999995,155.325151,198.57678299999998,149.555265,401.65216499999997,370.72395543999994,339.79574584,308.86753628,277.93932671999994,247.01111716,216.08290755999994,185.15469800000002,316.885202,234.37559299999998,126.939063,87.61751699999999,130.38953500000002,156.10654,224.87561100000002,295.717346,202.432857,238.85073200000002,89.489805,149.296527,178.926822,240.43060100000002,119.26877400000001,135.50495800000002,45.653974,289.41040399999997,119.41289599999999,117.91802900000002,450.17828600000007,189.10785199999998,196.425973,351.37653300000005,148.093042,152.78883299999998,282.24799299999995,191.12705199999996,308.85885099999996,93.88608400000001,107.40222599999998,135.49836700000003,165.466301,216.896231,284.672425,296.088474,340.84613,173.017557,189.97874700000003,162.67117199999998,328.680515,118.39410000000001,113.03082500000002,309.41676600000005,402.14158100000003,370.53370559000007,338.92583013,307.31795472,275.71007928,244.10220387,212.49432841,180.886453,144.268062,99.34655,287.717106,133.329756,153.23495899999998,191.99764499999998,125.249967,384.21056899999996,165.09095499999998,166.91236399999997,156.542429,100.586237,264.38345899999996,116.229805
SEA_IRI_CORE_1,12.327965829999997,12.497023659999998,12.19551012,13.16034497,12.75109107,13.411119070000002,13.446034649999998,13.329196379999999,13.334920400000001,13.13675253,13.01482204,13.004983950000002,13.62186987,13.18737725,13.36441548,12.754350170000002,13.367296559999998,13.48036938,13.45716175,13.80216544,14.31280856,14.095352590000001,14.151185040000001,15.38606504,17.20159387,13.356991949999998,14.968834359999997,15.2928901,18.22988203,14.32465352,14.04431591,14.134231060000003,14.224146190000003,14.314061339999999,14.403976479999999,14.49389163,14.583806780000002,14.673721930000001,14.43309529,13.756450629999998,13.74464327,13.4726658,13.973943720000001,13.20547744,13.982431290000001,13.66266527,13.004733790000001,12.958750100000001,13.174631949999998,12.87652343,13.64517713,12.834515929999998,12.327965829999997,12.497023659999998,12.19551012,13.16034497,12.75109107,13.411119070000002,13.446034649999998,13.329196379999999,13.334920400000001,13.13675253,13.01482204,13.004983950000002,13.62186987,13.18737725,13.36441548,12.754350170000002,13.367296559999998,13.48036938,13.45716175,13.80216544,14.31280856,14.095352590000001,14.151185040000001,15.38606504,17.20159387,13.356991949999998,14.968834359999997,15.2928901,18.22988203,14.32465352,14.04431591,14.134231060000003,14.224146190000003,14.314061339999999,14.403976479999999,14.49389163,14.583806780000002,14.673721930000001,14.43309529,13.756450629999998,13.74464327,13.4726658,13.973943720000001,13.20547744,13.982431290000001,13.66266527,13.004733790000001,12.958750100000001,13.174631949999998,12.87652343,13.64517713,12.834515929999998,12.327965829999997,12.497023659999998,12.19551012,13.16034497,12.75109107,13.411119070000002,13.446034649999998,13.329196379999999,13.334920400000001,13.13675253,13.01482204,13.004983950000002,13.62186987,13.18737725,13.36441548,12.754350170000002,13.367296559999998,13.48036938,13.45716175,13.80216544,14.31280856,14.095352590000001,14.151185040000001,15.38606504,17.20159387,13.356991949999998,14.968834359999997,15.2928901,18.22988203,14.32465352,14.04431591,14.134231060000003,14.224146190000003,14.314061339999999,14.403976479999999,14.49389163,14.583806780000002,14.673721930000001,14.43309529,13.756450629999998,13.74464327,13.4726658,13.973943720000001,13.20547744,13.982431290000001,13.66266527,13.004733790000001,12.958750100000001,13.174631949999998,12.87652343,13.64517713,12.834515929999998
WBR_TRD,1290.621552,1363.131664,1359.922756,1376.772121,1389.2022319999999,1390.399416,1390.3595950000001,1389.7461219999998,1391.255519,1389.1692739999996,1391.6818349999999,1391.760258,1391.787936,1390.9396510000001,1391.3903380000004,1391.0020430000002,1391.5513150000002,1391.416274,1391.041528,1391.00161,1391.184679,1391.5404449999999,1391.670519,1393.1975260000002,1393.166157,1391.202945,1392.474306,1393.002891,1395.018898,1394.658315,1389.3956710000002,1391.014165,1390.1650869999999,1389.987248,1390.3370320000001,1391.531343,1390.960571,1390.052428,1390.119631,1390.239395,1390.8969749999997,1390.8047880000001,1391.01737,1390.682011,1392.0816720000003,1391.051435,1390.983306,1390.8390310000002,1391.577987,1390.814488,1391.2280119999998,1390.303938,1390.0423959999998,1390.115114,1390.324412,1391.598342,1390.45595,1391.056994,1390.556731,1390.914133,1390.1415659999998,1390.289758,1390.327169,1390.12845,1391.120727,1390.062196,1390.1613329999998,1390.1672070000002,1390.03723,1390.292481,1390.2877010000002,1390.021904,1390.3186690000002,1389.9903089999998,1390.739292,1392.255524,1392.099947,1390.299024,1391.387723,1392.2673419999999,1394.1756739999998,1393.881687,1391.3267429999999,1388.516844,1389.044011,1388.6185209999999,1389.2762829999997,1389.301824,1389.486316,1388.138659,1388.7027589999998,1389.798386,1389.3880769999998,1389.6694109999996,1390.6903480000003,1389.3880259999999,1389.838982,1389.0637599999998,1389.364504,1389.156667,1389.8716860000002,1389.101926,1389.3348379999998,1389.214966,1388.7621730000003,1389.3647790000005,1386.6444239999998,1389.22063,1388.827913,1389.139105,1388.7974219999999,1389.1916370000001,1388.4437399999997,1388.6474230000001,1388.648774,1389.146471,1388.7721339999998,1388.795839,1387.526915,1387.6722040000002,1387.50194,1387.699983,1387.653099,1387.992446,1387.70053,1388.0498169999998,1388.398177,1390.580934,1390.507004,1388.383827,1389.1172669999999,1390.177273,1392.47414,1391.7962260000002,1389.387048,1387.630879,1386.9688620000002,1386.4530530000002,1387.271632,1387.700251,1389.092277,1387.8091140000001,1387.1643709999998,1386.9599289999999,1387.411719,1387.2029029999999,1387.131121,1387.680635,1387.9410329999998,1389.390044,1388.23801,1387.95784,1389.027888,1388.067033,1388.242668,1385.532367
Intercept,14.0,14.0,14.0,14.0,14.0,14.0,14.0,14.0,14.0,14.0,14.0,14.0,14.0,14.0,14.0,14.0,14.0,14.0,14.0,14.0,14.0,14.0,14.0,14.0,14.0,14.0,14.0,14.0,14.0,14.0,14.0,14.0,14.0,14.0,14.0,14.0,14.0,14.0,14.0,14.0,14.0,14.0,14.0,14.0,14.0,14.0,14.0,14.0,14.0,14.0,14.0,14.0,14.0,14.0,14.0,14.0,14.0,14.0,14.0,14.0,14.0,14.0,14.0,14.0,14.0,14.0,14.0,14.0,14.0,14.0,14.0,14.0,14.0,14.0,14.0,14.0,14.0,14.0,14.0,14.0,14.0,14.0,14.0,14.0,14.0,14.0,14.0,14.0,14.0,14.0,14.0,14.0,14.0,14.0,14.0,14.0,14.0,14.0,14.0,14.0,14.0,14.0,14.0,14.0,14.0,14.0,14.0,14.0,14.0,14.0,14.0,14.0,14.0,14.0,14.0,14.0,14.0,14.0,14.0,14.0,14.0,14.0,14.0,14.0,14.0,14.0,14.0,14.0,14.0,14.0,14.0,14.0,14.0,14.0,14.0,14.0,14.0,14.0,14.0,14.0,14.0,14.0,14.0,14.0,14.0,14.0,14.0,14.0,14.0,14.0,14.0,14.0,14.0,14.0,14.0,14.0
IRI_EVO,35444.880256,36555.261371,35256.490842,36976.117449,35708.283753,39570.577206999995,36964.47876699999,39120.475049,36915.171817999995,36383.300145,36058.730771,37013.953742,39308.066724000004,37015.493754999996,40251.539597999996,38765.075163,45328.223868999994,41948.031556,40012.159395,40393.80704200001,42532.06094399999,42367.92683999999,41810.596442,46627.490616,48923.940082,40365.64540899999,45404.874407,48149.15784100001,55442.408497,42050.71891799999,45294.53913000002,46393.546912,47986.486134000006,49905.518002000004,51688.28504,47829.812563,49663.733212,43132.777345999995,41948.001235,40571.205815,40532.502797999994,39572.407044,42305.851589,39012.564464999996,42355.383890000005,37683.997332,36658.292735,36572.587369,38021.564227,37676.025159000004,37176.278805,37653.36349799999,36509.27290799999,36497.47462000001,36225.63964000001,39256.021694,36413.951108,39067.746831,37325.379926,37692.8336,38042.318875,38010.455877,38643.37622499999,37186.340137,40517.990544,41253.092788999995,39240.61180400001,37284.695214,38941.380773000004,38482.769296000006,38613.662894,41894.529538,40660.760949999996,41590.814438999994,41669.582566,47105.67970700001,49866.63933900001,40050.26752100001,46493.585091,46369.54497899999,53912.372518,45594.25729299999,46877.91230799999,48177.88856100001,50123.844371,57649.13138200001,55071.224353000005,51513.214394,51021.458046,46457.856802999995,45869.25354700001,44200.671359,42668.917222000004,41353.99510200001,43581.863544,40602.87100399999,45918.024957999995,44047.03405,40159.49357300001,39673.952006,39389.448210999995,38529.481363,39692.541075999994,39350.630154,38049.663463000004,37789.577332999994,36938.158858,39934.870371,37851.989326999996,38254.19915700001,42193.356946,37928.087546,38432.152502000004,40156.257564,37218.40536999999,38129.14167,39548.916377,38949.748014,41153.357197000005,37618.678765000004,39473.93891,39479.65336200001,38937.135907,38446.888245,44608.159522999995,41586.540691,44107.51143600001,47072.982873,48443.573784,40538.140269,46068.033352,44004.28876500001,50510.776759,44388.487629999996,41365.407094999995,44616.226888000005,46746.54588,49149.735777999995,55107.898800999996,48721.43236700001,50299.076401999984,46963.821035999994,45318.062615999996,43314.333687,43833.533898999995,42306.197849,41981.96847200001,41951.657759,41011.87635299999,42540.419575,41769.70160600001,39041.06777800001,38440.478939,37114.270777000005,40347.31063300001,35760.64092299999
