Period,TAS_SPD__APL_0.70|0.6|0,DEP_ALL__PVAL_3|3,LTV_30B_17__PVAL_4|5,LTV_30B_18__PVAL_3|4,LTV_30B_19__PVAL_4|5,MAS_SPD__PVAL_3|3,SUP_VID__PVAL_4|5,IRI_pctTD__PVAL_5|3#LAG_2,IRI_BAS_PRC_1500ML__RA_5,IRI_BAS_PRC_750ML__RA_5,HOL_CHR_NEW,HOL_LAB,HOL_MEM,HOL_MOT,HOL_NWY,HOL_THK,HOL_VAT,IRI_BAV_1500ML,IRI_BAV_750ML,IRI_TRD_DESEA,IRI_WBR,IRI_pctAT,IRI_pctFD,IRI_pctTA,IRI_pctTF,SEA_IRI_CORE_1,WBR_TRD,Intercept,IRI_EVO
06/11/2016,211.95317422,0.40113746,0.0,0.0,0.0,0.49911307,0.0,0.0,65.16715976,68.35533909,0.0,0.0,0.0,0.0,0.0,0.0,0.0,0.00174526,0.02084651,43014.17981,91.57281937,52.551986,0.724711,98.836737,0.994241,0.91984153,98.531536,1.0,4111.570788
06/18/2016,291.41323885,0.58822581,0.0,0.0,0.0,0.69381266,0.0,0.0,64.89436845,68.28868508,0.0,0.0,0.0,0.0,0.0,0.0,0.0,0.00482554,0.02721603,41980.50268,89.66956259,52.042189,0.305783,98.880822,4.238514,0.91356559,98.294255,1.0,4229.668885
06/25/2016,339.23948393,0.67548281,0.0,0.0,0.0,0.76976324,0.0,0.23210319,64.71167809,67.9724076,0.0,0.0,0.0,0.0,0.0,0.0,0.0,0.01125727,0.00720493,42522.48658,90.5045415,56.177301,0.13749,98.854083,2.585551,0.90110047,98.459538,1.0,4068.940042
07/02/2016,385.80463494,0.70454921,0.0,0.0,0.0,0.77104769,0.0,0.38330975,64.42394431,67.78027119,0.0,0.0,0.0,0.0,0.0,0.0,0.0,0.03023877,0.00665486,42449.35729,90.52460569,62.173565,10.048333,98.919724,13.830928,0.94243174,98.528656,1.0,4315.64647
07/09/2016,451.88113942,0.68894915,0.0,0.0,0.0,0.68220659,0.0,0.48554267,64.05766712,68.05916694,0.0,0.0,0.0,0.0,0.0,0.0,0.0,0.03657158,0.01355598,42941.75805,83.5291777,63.056019,10.953198,98.84096,22.841478,0.92130249,98.487587,1.0,4291.346335
07/16/2016,494.5145257,0.68057536,0.0,0.0,0.0,0.62716889,0.0,0.50665174,63.92278913,68.171755,0.0,0.0,0.0,0.0,0.0,0.0,0.0,0.0224671,0.01222028,41291.98269,88.68225393,64.078229,0.627494,98.86103,3.627011,0.90597036,98.501852,1.0,4133.471373
07/23/2016,522.95018951,0.67608049,0.0,0.0,0.0,0.59307264,0.0,0.49849915,63.7680627,68.30850714,0.0,0.0,0.0,0.0,0.0,0.0,0.0,0.01822794,0.01114284,41786.92329,87.61023126,65.625302,0.0,98.769075,0.0,0.9180246,98.310387,1.0,4159.858953
07/30/2016,542.25555528,0.67366773,0.0,0.0,0.0,0.57194976,0.0,0.55820479,63.55776163,68.69554344,0.0,0.0,0.0,0.0,0.0,0.0,0.0,0.02967779,0.01336238,42174.05317,85.79114184,63.032997,11.294749,98.82594,20.000033,0.91409574,98.407971,1.0,4304.421272
08/06/2016,474.32908299,0.70676696,0.0,0.0,0.0,0.56741723,0.0,0.59737712,63.44439949,68.69520796,0.0,0.0,0.0,0.0,0.0,0.0,0.0,0.01396713,0.03617617,42210.38897,84.46560071,60.544207,0.192761,98.809574,4.284179,0.92694966,98.411402,1.0,4425.616331
08/13/2016,407.02259117,0.7277481,0.0,0.0,0.0,0.56608204,0.0,0.59743551,63.26812644,68.56320833,0.0,0.0,0.0,0.0,0.0,0.0,0.0,0.01922028,0.0163177,42201.85768,88.18879593,47.667757,11.293143,98.76821,16.952258,0.90811161,98.392643,1.0,4164.52696
08/20/2016,355.11723901,0.73764342,0.0,0.0,0.0,0.56527356,0.0,0.66216185,63.30757876,68.39871648,0.0,0.0,0.0,0.0,0.0,0.0,0.0,0.0031899,0.00950869,41781.30522,87.6612657,59.184341,0.287227,98.670477,5.165581,0.91476289,98.409715,1.0,4330.584217
08/27/2016,315.55245059,0.74231035,0.0,0.0,0.0,0.56478401,0.0,0.65664431,63.50440892,68.22180862,0.0,0.0,0.0,0.0,0.0,0.0,0.0,0.00416611,0.01200748,42835.20795,87.22003041,57.564578,6.507952,98.795818,9.28991,0.97988187,98.434078,1.0,4322.96305
09/03/2016,284.65017487,0.7427677,0.0,0.0,0.0,0.59820137,0.0,0.64494314,63.7444733,68.04037543,0.0,0.0,0.0,0.0,0.0,0.0,0.0,0.02677561,0.0228279,39592.08909,85.11283366,53.337792,2.586157,98.827335,17.858803,0.95166426,98.495459,1.0,4587.472681
09/10/2016,260.03633485,0.7406434,0.0,0.0,0.0,0.65589552,0.0,0.6123635,63.81215538,67.86263973,0.0,1.0,0.0,0.0,0.0,0.0,0.0,0.01626727,0.04128673,42744.26488,79.51688213,60.423848,6.004786,98.747509,12.656431,0.9374374,98.413061,1.0,4608.768166
09/17/2016,241.84078497,0.73962549,0.0,0.0,0.0,0.6848429,0.0,0.60298993,63.92913544,67.63220597,0.0,0.0,0.0,0.0,0.0,0.0,0.0,0.00958448,0.03897545,41906.15923,79.70790545,60.256153,5.020139,98.767816,6.491809,0.93648453,98.371412,1.0,4628.1107
09/24/2016,228.54178285,0.73913774,0.0,0.0,0.0,0.69936693,0.0,0.60607158,63.72793856,67.5512538,0.0,0.0,0.0,0.0,0.0,0.0,0.0,0.01243789,0.03634285,42084.11472,77.11427306,56.855572,5.963886,98.812235,18.893823,0.9590107,98.341051,1.0,4739.118726
10/01/2016,237.3859751,0.74218755,0.0,0.0,0.0,0.70286168,0.0,0.58989828,63.41423026,67.49922339,0.0,0.0,0.0,0.0,0.0,0.0,0.0,0.02177764,0.03666817,42205.62006,75.43132455,63.028948,11.155378,98.759541,16.536544,0.97957814,98.240688,1.0,4931.289285
10/08/2016,337.8318627,0.762377,0.0,0.0,0.0,0.68097299,0.0,0.59989936,63.12959511,67.40762274,0.0,0.0,0.0,0.0,0.0,0.0,0.0,0.02346551,0.02569954,42126.69191,79.92034359,52.334049,8.38042,98.74646,28.440202,0.98463443,98.508705,1.0,4771.971479
10/15/2016,397.47391975,0.77123109,0.0,0.0,0.0,0.6689573,0.0,0.59056781,62.86104382,67.39362849,0.0,0.0,0.0,0.0,0.0,0.0,0.0,0.02126519,0.02701783,42153.87916,78.15086426,55.282722,12.780161,98.788856,22.083864,0.98187222,98.336756,1.0,4791.210479
10/22/2016,435.87467134,0.77511405,0.0,0.0,0.0,0.66236135,0.0,0.58026702,62.88093567,67.83448769,0.0,0.0,0.0,0.0,0.0,0.0,0.0,0.01464433,0.01902526,42297.70804,78.6534328,61.213757,4.571855,98.766758,18.078783,0.99062505,98.362593,1.0,4728.320106
10/29/2016,461.46041516,0.77681692,0.0,0.0,0.0,0.65874053,0.0,0.56711435,63.17841359,68.43055188,0.0,0.0,0.0,0.0,0.0,0.0,0.0,0.03234989,0.01925989,41760.87242,75.77325554,58.533468,11.648374,98.780197,26.320989,0.99737429,98.295715,1.0,4835.874333
11/05/2016,426.45537803,0.75977272,0.0,0.0,0.0,0.71562957,0.0,0.58557362,63.3219404,69.0901637,0.0,0.0,0.0,0.0,0.0,0.0,0.0,0.01480822,0.0238782,42042.31656,82.27898495,64.674199,3.194924,98.747309,4.072033,0.98496201,98.440953,1.0,4583.14001
11/12/2016,377.60532124,0.74393917,0.0,0.0,0.0,0.76024459,0.0,0.58438558,63.39884446,69.4253831,0.0,0.0,0.0,0.0,0.0,0.0,0.0,0.01468837,0.01964574,42720.96252,87.92874579,59.281439,8.121599,98.636045,16.089804,0.97633596,98.469387,1.0,4401.96575
11/19/2016,340.74306715,0.73620559,0.0,0.0,0.0,0.77906368,0.0,0.57454282,63.53702048,69.74109939,0.0,0.0,0.0,0.0,0.0,0.0,0.0,0.00988403,0.03661382,43051.58361,87.06462365,59.456954,1.85194,98.673646,7.411808,1.05415257,98.672837,1.0,4845.007993
11/26/2016,313.27490774,0.73242827,0.0,0.0,0.0,0.78700177,0.0,0.54433259,63.37483073,69.49965221,0.0,0.0,0.0,0.0,0.0,1.0,0.0,0.00642803,0.02742154,41983.5545,76.49543751,49.326391,3.384827,98.85286,12.366232,1.28882977,98.857857,1.0,6130.424299
12/03/2016,299.8537194,0.75315929,0.0,0.0,0.0,0.80228835,0.0,0.55242935,63.09614699,68.75850969,0.0,0.0,0.0,0.0,0.0,0.0,0.0,0.00846631,0.05167359,42239.21684,85.80618414,65.134762,1.820161,98.70688,6.119251,0.97549828,98.377841,1.0,4700.642853
12/10/2016,299.31919338,0.78860103,0.0,0.0,0.0,0.82277884,0.0,0.55275091,62.96069112,68.0572796,0.0,0.0,0.0,0.0,0.0,0.0,0.0,0.00764339,0.06989229,43162.17553,84.5092691,66.473291,0.547619,98.813608,0.597267,1.05608953,98.67717,1.0,5000.036642
12/17/2016,298.94464623,0.80271447,0.0,0.0,0.0,0.83031687,0.0,0.58781877,63.03997001,67.84945228,0.0,0.0,0.0,0.0,0.0,0.0,0.0,0.00461179,0.06806292,42399.15117,81.6157423,59.063763,4.790492,98.892068,12.957953,1.10857076,98.739358,1.0,5388.809263
12/24/2016,298.68227698,0.80833466,0.0,0.0,0.0,0.83308995,0.0,0.60306219,63.24202278,67.91303045,1.0,0.0,0.0,0.0,0.0,0.0,0.0,0.00412191,0.06623103,42699.08753,78.29135573,65.229937,4.966144,99.058114,11.150754,1.29596681,99.062367,1.0,6518.673385
12/31/2016,298.49852705,0.8105727,0.0,0.0,0.0,0.83411011,0.0,0.60316452,63.55800839,68.05042821,0.0,0.0,0.0,0.0,0.0,0.0,0.0,0.00426684,0.05352283,44437.45612,81.10794127,65.370725,1.887288,98.867619,8.490009,1.07307651,98.870424,1.0,4635.012502
01/07/2017,381.24727533,0.76406477,0.0,0.0,0.0,0.67676642,0.0,0.62170332,63.92201273,68.19133722,0.0,0.0,0.0,0.0,1.0,0.0,0.0,0.01479065,0.10592989,37968.07531,77.12336883,29.925679,25.097673,98.48677,40.751571,1.00496768,98.393562,1.0,4604.976104
01/14/2017,437.59403402,0.74126824,0.0,0.0,0.0,0.56146891,0.0,0.64170233,64.22252535,68.13807877,0.0,0.0,0.0,0.0,0.0,0.0,0.0,0.01881398,0.13463642,39322.20755,70.79819799,33.28949914,22.03479757,98.611797,35.78477729,1.01307229,98.222212,1.0,5330.665119
01/21/2017,479.00184124,0.73032052,0.0,0.0,0.0,0.47550788,3.1e-06,0.6399152,64.30048188,67.88916287,0.0,0.0,0.0,0.0,0.0,0.0,0.0,0.01554888,0.12127334,42986.07942,69.86806224,36.65331929,18.97192214,98.585442,30.81798357,1.0211769,98.180771,1.0,5335.581319
01/28/2017,511.11638745,0.72528413,0.0,0.0,0.0,0.4100743,0.14654881,0.65131089,64.21615825,67.20605028,0.0,0.0,0.0,0.0,0.0,0.0,0.0,0.01412278,0.12948442,41227.65402,70.08831214,40.01713943,15.90904671,98.650843,25.85118986,1.0292815,98.249758,1.0,5412.180889
02/04/2017,537.16888542,0.72319163,2003124661.7915978,0.0,0.0,0.3590329,0.34655479,0.66924004,64.05796014,66.37255148,0.0,0.0,0.0,0.0,0.0,0.0,0.0,0.01957963,0.12031,42067.97092,71.13963191,43.38095957,12.84617129,98.661364,20.88439614,1.03738611,98.309708,1.0,5536.626019
02/11/2017,559.15109875,0.72256216,675773710.7012175,0.0,0.0,0.31808925,0.68187987,0.68964726,63.85175397,65.64257042,0.0,0.0,0.0,0.0,0.0,0.0,0.0,0.03269951,0.10002709,42472.596,67.70607218,46.74477971,9.78329586,98.651184,15.91760243,1.04549072,98.395533,1.0,5478.840651
02/18/2017,578.3432527,0.72265782,225962026.95328808,0.0,0.0,0.28422181,0.28433193,0.71025107,63.66196453,65.55946659,0.0,0.0,0.0,0.0,0.0,0.0,1.0,0.01302547,0.0724899,42055.34923,72.72864318,50.10859986,6.72042043,98.615952,10.95080871,1.05359533,98.471664,1.0,5251.593037
02/25/2017,595.58961431,0.72311145,74741977.50672357,0.0,0.0,0.25529296,0.11775625,0.72989846,63.50204292,65.88109217,0.0,0.0,0.0,0.0,0.0,0.0,0.0,0.01055337,0.0606505,41570.85771,77.239216,53.47242,3.657545,98.565114,5.984015,1.06169994,98.122365,1.0,4870.456295
03/04/2017,588.80804923,0.76601864,39005259.62103221,0.0,0.0,0.23503638,0.05698228,0.7481035,63.30435402,66.47079038,0.0,0.0,0.0,0.0,0.0,0.0,0.0,0.01972238,0.02912218,42800.25027,81.38365836,63.884618,1.517014,98.594613,6.115084,1.03930403,98.170031,1.0,4593.967008
03/11/2017,569.69414002,0.80943596,17709048.38120112,0.0,0.0,0.22095964,0.03165489,0.76474367,63.17259479,67.19164579,0.0,0.0,0.0,0.0,0.0,0.0,0.0,0.04857414,0.01539365,42748.51031,82.45213464,68.866308,0.862029,98.548395,12.541153,0.99748528,98.24152,1.0,4562.103946
03/18/2017,556.05620172,0.82540829,6514794.82215415,0.0,0.0,0.21050543,0.02310483,0.77377059,63.02136058,68.0295261,0.0,0.0,0.0,0.0,0.0,0.0,0.0,0.0594174,0.01368115,43144.15574,84.05693588,72.666731,0.0,98.539667,0.013062,0.97746035,98.244428,1.0,4455.631256
03/25/2017,546.37552096,0.83128419,2396659.0785206,0.0,0.0,0.20274152,0.02921191,0.76609001,63.02515552,68.53414816,0.0,0.0,0.0,0.0,0.0,0.0,0.0,0.06220903,0.01300584,43211.41132,84.81080128,73.716061,0.003708,98.531949,3.198314,0.97557183,98.167919,1.0,4399.667489
04/01/2017,528.1135654,0.82138591,872711.78087275,0.0,0.0,0.20046227,0.01531255,0.76990101,63.23224186,68.85489389,0.0,0.0,0.0,0.0,0.0,0.0,0.0,0.06710571,0.01072569,42392.31133,83.80787425,65.293613,11.591931,98.560619,15.285564,0.9885785,98.317432,1.0,4531.901533
04/08/2017,441.34546342,0.7223681,184980.23176627,0.0,0.0,0.21942486,0.00563317,0.76956765,63.45215661,69.12579629,0.0,0.0,0.0,0.0,0.0,0.0,0.0,0.05794104,0.01412261,41682.58721,83.92106315,65.331318,8.011187,98.615087,16.303012,0.95903474,98.18522,1.0,4483.500619
04/15/2017,373.1310742,0.66294711,68050.42428996,0.0,0.0,0.23308509,0.00207233,0.77757628,63.59709591,69.41672686,0.0,0.0,0.0,0.0,0.0,0.0,0.0,0.06463076,0.04308544,43260.9157,84.44698932,47.867541,8.528606,98.718853,18.695502,0.9752723,98.302676,1.0,4828.095425
04/22/2017,319.95923676,0.62728832,25034.35205935,0.0,0.0,0.24292563,0.00076237,0.74180417,63.56293788,69.51482115,0.0,0.0,0.0,0.0,0.0,0.0,0.0,0.07173383,0.01615965,45406.88084,84.87759428,51.136244,8.362335,98.509682,15.637542,0.947335,98.300713,1.0,4370.709907
04/29/2017,278.93370295,0.60588934,9209.62344571,0.0,0.0,0.25001453,0.00028046,0.7396426,63.39502509,69.33043557,0.0,0.0,0.0,0.0,0.0,0.0,0.0,0.06396743,0.02193034,41882.0984,89.67980229,62.128331,0.090535,98.549596,3.312951,0.90715872,98.280066,1.0,4228.899091
05/06/2017,256.50584563,0.6291207,7437.79212247,0.0,0.0,0.29021294,0.00010318,0.73735022,62.94578769,68.93424129,0.0,0.0,0.0,0.0,0.0,0.0,0.0,0.06093262,0.02384948,43339.24866,85.76691741,84.89927,0.011918,98.546325,3.257971,0.91878153,98.099615,1.0,4295.971131
05/13/2017,241.51906673,0.64732443,3037.92190853,0.0,0.0,0.32327146,3.796e-05,0.71423462,62.51669495,68.68720836,0.0,0.0,0.0,0.0,0.0,0.0,0.0,0.07055129,0.02928547,42862.81341,86.51141447,85.781761,8.001018,98.663898,12.802079,0.92765794,98.44015,1.0,4401.590298
05/20/2017,230.64888837,0.6571274,1117.58901416,0.0,0.0,0.34578238,1.396e-05,0.66321293,62.13169259,68.36346709,0.0,0.0,0.0,1.0,0.0,0.0,0.0,0.06826262,0.03617287,42474.0275,81.59439208,84.912246,4.727772,98.578832,11.505653,0.92873681,98.277784,1.0,4447.436072
05/27/2017,222.83220513,0.66240644,411.13802215,0.0,0.0,0.36111102,5.14e-06,0.65997932,61.93716023,68.21066908,0.0,0.0,0.0,0.0,0.0,0.0,0.0,0.07056155,0.03451454,42568.75386,86.07186811,90.930633,0.962975,98.582233,14.121263,0.9480876,98.356484,1.0,4506.697611
06/03/2017,209.1669845,0.6834468,176.12682164,0.0,0.0,0.37249945,1.89e-06,0.62002071,61.60053499,67.99892082,0.0,0.0,1.0,0.0,0.0,0.0,0.0,0.0683887,0.03555152,43139.66483,81.98676786,92.413238,3.174544,98.507062,5.750642,0.91407293,98.248206,1.0,4413.752135
06/10/2017,187.73832318,0.71612584,77.29171681,0.0,0.0,0.38149215,7e-07,0.57915124,61.23649226,67.88028852,0.0,0.0,0.0,0.0,0.0,0.0,0.0,0.05944266,0.0450124,40517.59038,80.78823684,93.224044,0.724711,98.595479,0.085062,0.91984153,98.179003,1.0,4460.941589
06/17/2017,171.71417007,0.73157216,28.4340336,0.0,0.0,0.38759406,2.6e-07,0.58384292,60.79566889,67.5801025,0.0,0.0,0.0,0.0,0.0,0.0,0.0,0.04700884,0.039053,41113.73869,84.88580397,88.880355,0.305783,98.589446,5.888457,0.91356559,98.012038,1.0,4211.631719
06/24/2017,159.87775968,0.73887315,10.46029669,0.0,0.0,0.39173446,9e-08,0.55009751,60.20522152,67.49412095,0.0,0.0,0.0,0.0,0.0,0.0,0.0,0.04492714,0.036006,40216.33834,80.03558752,80.061667,0.13749,98.622181,19.491504,0.90110047,98.066525,1.0,4314.265206
07/01/2017,154.29391116,0.74006888,3.74357467,0.0,0.0,0.39371794,3e-08,0.53393079,59.57122402,67.33559734,0.0,0.0,0.0,0.0,0.0,0.0,0.0,0.05708838,0.02918608,40681.05048,83.67008126,80.582224,10.048333,98.616246,10.398184,0.94243174,98.334304,1.0,4508.429177
07/08/2017,168.17211441,0.72671778,1.15666855,0.0,0.0,0.39009723,1e-08,0.53409992,59.01092195,67.39016824,0.0,0.0,0.0,0.0,0.0,0.0,0.0,0.04620808,0.02900866,41045.36886,80.41977149,81.941067,10.953198,98.601864,11.921942,0.92130249,98.327836,1.0,4345.235146
07/15/2017,177.44760106,0.72001023,0.42551468,0.0,0.0,0.38761687,0.0,0.58859728,58.63212381,67.26306854,0.0,0.0,0.0,0.0,0.0,0.0,0.0,0.04719279,0.00315996,40778.95804,81.17729178,83.033981,0.627494,98.561394,3.983315,0.90597036,98.077332,1.0,4241.032521
07/22/2017,183.75226599,0.71664037,0.15653805,0.0,0.0,0.38591771,0.0,0.60768119,58.28680805,67.36426413,0.0,0.0,0.0,0.0,0.0,0.0,0.0,0.05200255,0.01963269,40281.89009,78.44185711,73.460416,0.0,98.555257,26.712491,0.9180246,97.951106,1.0,4379.546043
07/29/2017,188.08096034,0.71494737,0.05758727,0.0,0.0,0.3847537,0.0,0.63165398,58.26579427,67.50109373,0.0,0.0,0.0,0.0,0.0,0.0,0.0,0.02831256,0.00797086,40361.74465,81.7628846,70.935361,11.294749,98.443333,21.982659,0.91409574,98.101434,1.0,4244.434944
08/05/2017,230.0687275,0.71704323,0.00727843,0.0,0.0,0.32915688,0.0,0.60569187,58.44968345,67.83568494,0.0,0.0,0.0,0.0,0.0,0.0,0.0,0.02349993,0.01051912,40401.60566,81.89835134,53.208196,0.192761,98.454897,23.01647,0.92694966,98.048366,1.0,4282.300941
08/12/2017,270.05864725,0.71925108,0.00056261,0.0,0.0,0.26298315,0.0,0.59750626,58.79680644,68.29412676,0.0,0.0,0.0,0.0,0.0,0.0,0.0,0.01185099,0.00608516,40843.4839,82.74033909,46.08115,11.293143,98.54665,22.783164,0.90811161,98.133754,1.0,4315.069462
08/19/2017,295.83431302,0.72034433,0.00020696,0.0,0.0,0.21190686,0.0,0.57121854,59.25449943,68.84640021,0.0,0.0,0.0,0.0,0.0,0.0,0.0,0.00791199,0.0060278,41263.65777,85.72025967,23.137971,0.287227,98.486217,18.701293,0.91476289,98.005212,1.0,4167.543101
08/26/2017,313.01745227,0.72088566,7.614e-05,0.0,0.0,0.17248353,0.0,0.54161515,59.83442542,69.19099186,0.0,0.0,0.0,0.0,0.0,0.0,0.0,0.00614083,0.00262298,40402.8657,86.16918992,22.535959,6.507952,98.613618,17.960775,0.97988187,98.403244,1.0,5078.953031
09/02/2017,309.63433467,0.7223177,0.00012962,0.0,0.0,0.16917372,0.0,0.54204534,60.20463483,69.37434978,0.0,0.0,0.0,0.0,0.0,0.0,0.0,0.00966799,0.02385722,45848.71356,87.17673892,23.591714,2.586157,98.653433,19.709833,0.95166426,98.34755,1.0,4485.085528
09/09/2017,267.05413846,0.72590523,0.00014413,0.0,0.0,0.23099736,0.0,0.5618341,60.44051446,69.46690618,0.0,1.0,0.0,0.0,0.0,0.0,0.0,0.01354578,0.0203937,40819.16013,89.05463549,44.702732,6.004786,98.526131,21.216923,0.9374374,98.104907,1.0,4308.520355
09/16/2017,234.33535359,0.72765583,5.323e-05,0.0,0.0,0.27364209,0.0,0.53036473,60.69482623,69.39719243,0.0,0.0,0.0,0.0,0.0,0.0,0.0,0.01785423,0.01746811,41086.70278,88.39338491,48.153741,5.020139,98.568721,17.855047,0.93648453,98.191039,1.0,4243.319719
09/23/2017,209.49352709,0.72851006,1.974e-05,0.0,0.0,0.30305758,0.0,0.51461992,60.78775591,69.18965738,0.0,0.0,0.0,0.0,0.0,0.0,0.0,0.01258742,0.02070833,40784.40682,85.03780668,48.988318,5.963886,98.583592,18.601409,0.9590107,98.125707,1.0,4302.665794
09/30/2017,190.86802005,0.7289269,7.18e-06,0.0,0.0,0.3233478,0.0,0.52995193,60.87564296,68.96589406,0.0,0.0,0.0,0.0,0.0,0.0,0.0,0.02080848,0.02105095,40566.98142,85.63945885,50.801718,11.155378,98.605481,24.314163,0.97957814,98.045948,1.0,4376.564418
10/07/2017,217.30464022,0.7528503,3.64e-06,0.0,0.0,0.35874794,0.0,0.5408851,60.92685229,68.59899706,0.0,0.0,0.0,0.0,0.0,0.0,0.0,0.02363375,0.02341654,41155.19023,82.14950446,49.876358,8.38042,98.588012,25.080202,0.98463443,98.124139,1.0,4488.865886
10/14/2017,234.5946343,0.76350185,9.1e-07,0.0,0.0,0.38237753,0.0,0.54598089,60.97027271,68.24712778,0.0,0.0,0.0,0.0,0.0,0.0,0.0,0.01237739,0.03896208,41168.23623,82.54075723,51.76634,12.780161,98.5185,22.075714,0.98187222,98.141003,1.0,4494.406118
10/21/2017,246.20722326,0.7682443,0.0,0.0,0.0,0.39815027,0.0,0.53598611,60.9656561,68.14646366,0.0,0.0,0.0,0.0,0.0,0.0,0.0,0.01877798,0.01961235,40765.97171,81.35976769,53.249272,4.571855,98.53637,19.413939,0.99062505,98.200404,1.0,4588.575109
10/28/2017,254.12302043,0.77035581,0.0,0.0,0.0,0.40867858,0.0,0.54104732,60.89863149,68.38000292,0.0,0.0,0.0,0.0,0.0,0.0,0.0,0.01254048,0.01664141,41052.05414,82.07425445,74.861081,11.648374,98.627299,0.355153,0.99737429,98.275992,1.0,4625.514419
11/04/2017,267.82750708,0.76284961,0.0,0.0,0.0,0.40708165,0.0,0.56179632,60.80151307,68.66315993,0.0,0.0,0.0,0.0,0.0,0.0,0.0,0.03364016,0.01605256,41382.71327,80.62629076,77.477485,3.194924,98.363296,0.260832,0.98496201,98.308265,1.0,4664.874691
11/11/2017,283.09862418,0.75274978,0.0,0.0,0.0,0.39943612,0.0,0.55901038,60.95246732,69.07364103,0.0,0.0,0.0,0.0,0.0,0.0,0.0,0.03811007,0.01076593,40274.43968,83.12819274,77.756519,8.121599,98.572298,2.913681,0.97633596,98.273775,1.0,4596.122105
11/18/2017,293.46890425,0.74795834,0.0,0.0,0.0,0.39420018,0.0,0.56035627,60.977365,69.5462312,0.0,0.0,0.0,0.0,0.0,0.0,0.0,0.03737405,0.01556118,39738.6996,86.26788125,61.152692,1.85194,98.761419,24.164258,1.05415257,98.517455,1.0,4861.795418
11/25/2017,300.58489267,0.74568523,0.0,0.0,0.0,0.39061441,0.0,0.57868576,60.79932753,69.592596,0.0,0.0,0.0,0.0,0.0,1.0,0.0,0.05216218,0.00791529,40177.93001,78.48930914,64.189297,3.384827,98.676352,20.197815,1.28882977,98.6848,1.0,5933.942487
12/02/2017,295.7955088,0.75438666,0.0,0.0,0.0,0.39018641,0.0,0.59395513,60.62282531,69.38362569,0.0,0.0,0.0,0.0,0.0,0.0,0.0,0.03948987,0.00621627,40241.9259,87.63528553,63.755046,1.820161,98.5099,0.0,0.97549828,98.295782,1.0,4454.101785
12/09/2017,266.95153527,0.7808297,0.0,0.0,0.0,0.39493665,0.0,0.60512357,60.58950402,69.23170727,0.0,0.0,0.0,0.0,0.0,0.0,0.0,0.04477159,0.0179224,39835.32205,82.78642901,85.994804,0.547619,98.681527,2.498127,1.05608953,98.510188,1.0,4959.286864
12/16/2017,245.45993562,0.79177212,0.0,0.0,0.0,0.39815221,0.0,0.64090509,60.36308359,69.12436098,0.0,0.0,0.0,0.0,0.0,0.0,0.0,0.04838572,0.02244768,41106.66974,82.48627523,87.170349,4.790492,98.740221,3.20056,1.10857076,98.667027,1.0,5048.411058
12/23/2017,229.63847792,0.79630022,0.0,0.0,0.0,0.40032891,0.0,0.64582239,60.20228732,68.61325875,1.0,0.0,0.0,0.0,0.0,0.0,0.0,0.04974428,0.01562377,39814.86169,81.31873541,88.243828,4.966144,98.969917,0.399525,1.29596681,98.976993,1.0,6022.953396
12/30/2017,218.11724472,0.79817399,0.0,0.0,0.0,0.40180237,0.0,0.66530222,60.30766507,68.40832303,0.0,0.0,0.0,0.0,0.0,0.0,0.0,0.05007968,0.01313763,40663.82269,78.46144618,88.270254,1.887288,98.730151,3.274762,1.07307651,98.734241,1.0,5191.775763
01/06/2018,335.37446583,0.78548895,0.0,0.0,0.0,0.38157514,0.0,0.70292389,60.72197915,68.37661907,0.0,0.0,0.0,0.0,1.0,0.0,0.0,0.04897032,0.04855984,42245.46802,74.67931362,90.067183,25.097673,98.364964,42.544254,1.00496768,98.369944,1.0,4772.754075
01/13/2018,417.29407756,0.77819868,0.0,0.0,0.0,0.38670333,0.0,0.71264486,60.83115715,68.25662267,0.0,0.0,0.0,0.0,0.0,0.0,0.0,0.04807049,0.09622035,41379.69933,71.51174868,84.57014343,22.03479757,98.318811,39.50596129,1.01307229,98.025106,1.0,5190.282655
01/20/2018,481.65951078,0.77322772,0.0,0.0,0.0,0.40879995,0.10460069,0.65305149,61.01375942,67.99075256,0.0,0.0,0.0,0.0,0.0,0.0,0.0,0.05865839,0.11168765,40977.63749,70.51046855,79.07310386,18.97192214,98.339729,36.46766857,1.0211769,97.964108,1.0,5553.255608
01/27/2018,535.52307155,0.76924129,0.0,0.0,0.0,0.44095748,0.16318008,0.62255866,61.20685285,67.86496627,0.0,0.0,0.0,0.0,0.0,0.0,0.0,0.04968712,0.12759986,42138.16451,67.74592021,73.57606429,15.90904671,98.377359,33.42937586,1.0292815,97.842755,1.0,5536.565667
02/03/2018,582.54021182,0.7656552,0.0,0.52763345,0.0,0.47793299,0.22259345,0.61019757,61.41236627,67.60717254,0.0,0.0,0.0,0.0,0.0,0.0,0.0,0.05703899,0.11682767,40872.96129,67.34074404,68.07902471,12.84617129,98.407931,30.39108314,1.03738611,97.941854,1.0,5679.620428
02/10/2018,624.8447317,0.7622113,0.0,0.32002586,0.0,0.5160647,0.19679978,0.60881341,61.48111214,67.17714521,0.0,0.0,0.0,0.0,0.0,0.0,0.0,0.04170661,0.08763911,40652.7978,66.04558507,62.58198514,9.78329586,98.384003,27.35279043,1.04549072,97.782544,1.0,5741.189768
02/17/2018,663.76777464,0.75879407,0.0,0.1941055,0.0,0.55302807,0.17017595,0.61383435,61.87639828,66.66475016,0.0,0.0,0.0,0.0,0.0,0.0,1.0,0.01201798,0.06031533,41010.62398,70.93284332,57.08494557,6.72042043,98.430218,24.31449771,1.05359533,98.062438,1.0,5369.994948
02/24/2018,700.17626296,0.7553508,0.0,0.11773094,0.0,0.58752671,0.14613793,0.62240121,62.02239358,66.54847936,0.0,0.0,0.0,0.0,0.0,0.0,0.0,0.00843754,0.05522919,40657.47206,73.72882321,51.587906,3.657545,98.31363,21.276205,1.06169994,97.859769,1.0,5026.858898
03/03/2018,701.24389907,0.77213071,0.0,0.07140742,0.0,0.56703007,0.11873318,0.6327669,62.22454652,66.57037103,0.0,0.0,0.0,0.0,0.0,0.0,0.0,0.00557555,0.04057755,40595.72698,75.77629721,48.588144,1.517014,98.315521,7.169524,1.03930403,97.775746,1.0,4950.490371
03/10/2018,669.57971579,0.80104713,0.0,0.04331079,0.0,0.49285714,0.08933688,0.6438915,62.31057288,66.48405053,0.0,0.0,0.0,0.0,0.0,0.0,0.0,0.00663649,0.02291561,40277.42322,80.20589758,46.649819,0.862029,98.355827,28.740697,0.99748528,97.820888,1.0,4732.079632
03/17/2018,646.80807193,0.81228578,0.0,0.02626932,0.0,0.44039337,0.09287642,0.66394712,62.3089996,66.59691134,0.0,0.0,0.0,0.0,0.0,0.0,0.0,0.01061599,0.00668292,40477.67437,81.7929812,54.33782,0.0,98.332577,0.0,0.97746035,97.902282,1.0,4617.523177
03/24/2018,630.54489074,0.81665379,0.0,0.01593315,0.0,0.40328487,0.04405959,0.63674839,62.09663948,66.93174892,0.0,0.0,0.0,0.0,0.0,0.0,0.0,0.01838089,0.01968306,40369.78473,80.45267124,59.898844,0.003708,98.4911,3.656885,0.97557183,98.02596,1.0,4782.588126
03/31/2018,618.99236938,0.81835146,0.0,0.00966394,0.0,0.37703741,0.01620862,0.66206595,62.1051426,66.86417545,0.0,0.0,0.0,0.0,0.0,0.0,0.0,0.01619382,0.00902912,41229.49414,83.03342625,62.242011,11.591931,98.564706,0.0,0.9885785,98.133527,1.0,4900.058989
04/07/2018,517.79491643,0.72953566,0.0,0.00586148,0.0,0.43068764,0.00596282,0.67832041,61.99867034,66.81562289,0.0,0.0,0.0,0.0,0.0,0.0,0.0,0.03001105,0.01292747,42958.78492,80.22033426,43.070707,8.011187,98.280377,43.353738,0.95903474,98.025185,1.0,4669.061889
04/14/2018,438.29403703,0.67795128,0.0,0.00355517,0.0,0.46436366,0.0021936,0.67156339,61.87067962,66.82184183,0.0,0.0,0.0,0.0,0.0,0.0,0.0,0.01509088,0.02759169,40905.18497,82.42791884,40.657628,8.528606,98.384055,32.72109,0.9752723,97.950078,1.0,4596.200039
04/21/2018,376.37918173,0.64799097,0.0,0.00215632,0.0,0.48550195,0.00080698,0.62394402,61.72987832,66.75173017,0.0,0.0,0.0,0.0,0.0,0.0,0.0,0.01206232,0.02104384,39375.72514,82.40446483,56.439338,8.362335,98.320197,3.012323,0.947335,97.893989,1.0,4483.647411
04/28/2018,328.65684003,0.63058997,0.0,0.00130787,0.0,0.49877035,0.00029687,0.60836672,61.51938713,66.43725485,0.0,0.0,0.0,0.0,0.0,0.0,0.0,0.01271839,0.02032809,39810.01758,84.45221352,51.300631,0.090535,98.318819,4.536308,0.90715872,97.939786,1.0,4382.999463
05/05/2018,321.56862782,0.64679038,0.0,0.00079326,0.0,0.47835792,0.00010921,0.63422535,61.12282032,66.23997562,0.0,0.0,0.0,0.0,0.0,0.0,0.0,0.01602363,0.0209629,40954.4657,81.44926399,48.067489,0.011918,98.206284,29.10623,0.91878153,97.728759,1.0,4455.269168
05/12/2018,327.87726824,0.66530425,0.0,0.00048114,0.0,0.45252689,4.018e-05,0.64900492,60.89798342,66.04325887,0.0,0.0,0.0,0.0,0.0,0.0,0.0,0.02237738,0.02020244,41256.57427,84.92461045,74.499747,8.001018,98.381906,0.354285,0.92765794,98.045568,1.0,4342.094405
05/19/2018,332.24556181,0.67502831,0.0,0.00029183,0.0,0.43497399,1.478e-05,0.65563708,60.64320755,65.86466642,0.0,0.0,0.0,1.0,0.0,0.0,0.0,0.04185144,0.02055586,40977.40896,80.83209719,78.809554,4.727772,98.323191,20.667309,0.92873681,97.921453,1.0,4394.682749
05/26/2018,335.28071356,0.6801357,0.0,0.000177,0.0,0.42304632,5.44e-06,0.65631317,60.40367023,65.84058097,0.0,0.0,0.0,0.0,0.0,0.0,0.0,0.04737362,0.02409821,40714.65958,79.92121074,77.313972,0.962975,98.317238,18.337513,0.9480876,97.872044,1.0,4600.336783
06/02/2018,338.01136182,0.69176242,0.0,0.00010736,0.0,0.43199705,2e-06,0.58713934,60.15709956,65.99729668,0.0,0.0,1.0,0.0,0.0,0.0,0.0,0.04240225,0.01598339,40778.80025,80.33860199,76.652887,3.174544,98.275876,3.340374,0.91407293,97.965434,1.0,4367.493946
06/09/2018,341.44709625,0.71855986,0.0,6.512e-05,0.0,0.47797692,7.4e-07,0.56506696,60.12360414,66.19873103,0.0,0.0,0.0,0.0,0.0,0.0,0.0,0.04217054,0.01596731,38523.52766,82.5664716,71.279716,0.724711,98.181837,2.416719,0.91984153,97.872359,1.0,4242.003225
06/16/2018,343.83845629,0.73129385,0.0,3.949e-05,0.0,0.506148,2.7e-07,0.58182886,59.91378154,66.41652517,0.0,0.0,0.0,0.0,0.0,0.0,0.0,0.03949145,0.014673,38961.05649,82.35730849,64.828326,0.305783,98.217214,8.453963,0.91356559,97.95443,1.0,4285.783541
06/23/2018,345.50583084,0.73734498,0.0,2.395e-05,0.0,0.52340793,1e-07,0.57585134,59.89591587,66.58654396,0.0,0.0,0.0,0.0,0.0,0.0,0.0,0.03620815,0.0107211,39316.47294,81.20520336,64.327915,0.13749,98.174689,0.04191,0.90110047,97.756543,1.0,4170.224573
06/30/2018,346.66980786,0.74022044,0.0,1.453e-05,0.0,0.53398279,4e-08,0.56995567,59.85655718,66.59425616,0.0,0.0,0.0,0.0,0.0,0.0,0.0,0.03289646,0.00664067,38924.89009,83.17277762,65.214939,10.048333,98.222263,28.029619,0.94243174,97.847846,1.0,4305.149142
07/07/2018,331.07478333,0.7189292,0.0,8.81e-06,0.0,0.44981523,1e-08,0.57285492,59.92579718,66.55162199,0.0,0.0,0.0,0.0,0.0,0.0,0.0,0.03873443,0.01538049,38068.17095,80.86020382,68.323594,10.953198,98.245604,2.836903,0.92130249,97.857948,1.0,4198.287121
07/14/2018,319.86064803,0.70792461,0.0,5.34e-06,0.0,0.38807513,0.0,0.49915581,59.86163713,66.46999237,0.0,0.0,0.0,0.0,0.0,0.0,0.0,0.04013728,0.03017333,39984.35712,80.76576911,73.213322,0.627494,98.228865,3.806391,0.90597036,97.826751,1.0,4246.769386
07/21/2018,311.85234725,0.70223679,0.0,3.24e-06,0.0,0.34278641,0.0,0.52614373,60.29028955,66.50924189,0.0,0.0,0.0,0.0,0.0,0.0,0.0,0.03950633,0.03077052,39986.48448,78.61052025,74.964696,0.0,98.232179,4.657645,0.9180246,97.770663,1.0,4249.798656
07/28/2018,306.16403085,0.69929698,0.0,1.97e-06,0.0,0.30956542,0.0,0.54054251,60.66270196,66.66517315,0.0,0.0,0.0,0.0,0.0,0.0,0.0,0.03463247,0.03063451,39519.50003,80.75061316,73.403085,11.294749,98.278145,18.216813,0.91409574,97.906098,1.0,4185.613603
08/04/2018,326.29422785,0.70226184,0.0,1.19e-06,0.0,0.28486796,0.0,0.54163467,61.18409159,66.78133617,0.0,0.0,0.0,0.0,0.0,0.0,0.0,0.03416615,0.02279285,39443.30322,82.96750965,75.29053,0.192761,98.202835,3.812011,0.92694966,97.785655,1.0,4205.623272
08/11/2018,356.81632775,0.7070742,0.0,7.2e-07,0.0,0.26649032,0.0,0.52426348,61.7095824,66.79355844,0.0,0.0,0.0,0.0,0.0,0.0,0.0,0.00263043,0.03362756,39009.95628,84.54178531,49.282231,11.293143,98.220606,8.263308,0.90811161,97.848392,1.0,4171.507111
08/18/2018,377.18159687,0.70949729,0.0,4.4e-07,0.0,0.25299878,0.0,0.55207458,62.24198807,66.81387768,0.0,0.0,0.0,0.0,0.0,0.0,0.0,0.00297904,0.02076349,39010.33487,84.69938283,50.400787,0.287227,98.155006,0.0,0.91476289,97.804718,1.0,4245.636687
08/25/2018,391.01081316,0.71071735,0.0,2.7e-07,0.0,0.24309425,0.0,0.53636392,62.34570866,66.68575559,0.0,0.0,0.0,0.0,0.0,0.0,0.0,0.00335491,0.02844821,38817.22421,85.72079669,50.825853,6.507952,98.333598,3.993643,0.97988187,97.833716,1.0,4249.034772
09/01/2018,394.23278102,0.71155098,0.0,1.6e-07,0.0,0.27681173,0.0,0.54177013,62.32554638,66.40859382,0.0,0.0,0.0,0.0,0.0,0.0,0.0,0.00063581,0.01762625,36614.4952,87.21837355,49.956185,2.586157,98.225182,4.981753,0.95166426,97.833348,1.0,4185.286867
09/08/2018,357.52782655,0.71328088,0.0,1e-07,0.0,0.49731532,0.0,0.52117278,62.08967524,66.16042114,0.0,1.0,0.0,0.0,0.0,0.0,0.0,0.01210721,0.01333668,38491.87285,87.90312281,52.687308,6.004786,98.208556,20.789134,0.9374374,97.775469,1.0,4142.359117
09/15/2018,330.26585664,0.71414728,0.0,6e-08,0.0,0.60736523,0.0,0.53464096,61.93246462,66.0144246,0.0,0.0,0.0,0.0,0.0,0.0,0.0,0.0081822,0.02002857,39062.43585,86.91119856,54.839,5.020139,98.217632,4.013606,0.93648453,97.786111,1.0,4174.942516
09/22/2018,310.25515893,0.71458122,0.0,4e-08,0.0,0.66228943,0.0,0.49106909,61.65139307,65.8110268,0.0,0.0,0.0,0.0,0.0,0.0,0.0,0.01508638,0.02531254,39186.77631,82.73296647,51.548825,5.963886,98.406161,21.073679,0.9590107,97.865169,1.0,4318.40553
09/29/2018,295.72046207,0.71479855,0.0,2e-08,0.0,0.68970124,0.0,0.51587486,61.44194502,65.71068718,0.0,0.0,0.0,0.0,0.0,0.0,0.0,0.01087147,0.02030045,39282.69637,81.64865467,50.783528,11.155378,98.45041,4.654185,0.97957814,97.922865,1.0,4338.865776
10/06/2018,339.29897782,0.75364823,0.0,1e-08,0.0,0.64284087,0.0,0.47747701,61.22710489,65.64116643,0.0,0.0,0.0,0.0,0.0,0.0,0.0,0.01770597,0.0270154,38773.41572,80.67935483,51.673957,8.38042,98.27885,2.985826,0.98463443,97.868731,1.0,4456.322506
10/13/2018,375.71087933,0.77595338,0.0,1e-08,0.0,0.60256559,0.0,0.504008,61.08640409,65.52320746,0.0,0.0,0.0,0.0,0.0,0.0,0.0,0.0256215,0.0122375,38733.18247,81.57979199,58.4474,12.780161,98.236851,2.935198,0.98187222,97.885276,1.0,4393.062237
10/20/2018,399.85315297,0.78539896,0.0,0.0,0.0,0.5776012,0.0,0.49264749,60.92935874,65.74113106,0.0,0.0,0.0,0.0,0.0,0.0,0.0,0.02658563,0.01000769,38991.61811,81.64582896,58.658487,4.571855,98.304274,3.387209,0.99062505,97.861521,1.0,4483.72132
10/27/2018,416.18883118,0.7893658,0.0,0.0,0.0,0.56212717,0.0,0.50665514,60.88357516,66.07966733,0.0,0.0,0.0,0.0,0.0,0.0,0.0,0.02080782,0.0133025,39242.3713,81.15556197,56.116198,11.648374,98.303733,6.527962,0.99737429,97.875493,1.0,4433.252872
11/03/2018,411.69490617,0.78711807,0.0,0.0,0.0,0.54271702,0.0,0.51033628,60.65850983,66.33828528,0.0,0.0,0.0,0.0,0.0,0.0,0.0,0.02685481,0.00859171,38630.26803,81.99942258,64.848923,3.194924,98.356101,3.593592,0.98496201,97.835193,1.0,4473.708694
11/10/2018,386.86581931,0.7808174,0.0,0.0,0.0,0.51594789,0.0,0.50296578,60.50187795,66.53818856,0.0,0.0,0.0,0.0,0.0,0.0,0.0,0.04759001,0.03638978,39059.89565,80.85944256,70.83896,8.121599,98.185925,6.783058,0.97633596,98.028676,1.0,4603.464207
11/17/2018,368.83462163,0.7780007,0.0,0.0,0.0,0.49846845,0.0,0.48966434,60.29606622,66.9636803,0.0,0.0,0.0,0.0,0.0,0.0,0.0,0.04207277,0.02140194,39265.01465,81.49947766,78.198906,1.85194,98.449863,2.787526,1.05415257,98.301147,1.0,4978.828959
11/24/2018,355.8553527,0.77675806,0.0,0.0,0.0,0.4870549,0.0,0.49564215,59.95236706,66.94627724,0.0,0.0,0.0,0.0,0.0,1.0,0.0,0.04883091,0.02125993,39893.81335,78.11321861,76.620683,3.384827,98.515076,5.480435,1.28882977,98.516225,1.0,5890.605558
12/01/2018,360.78248853,0.78123675,0.0,0.0,0.0,0.48508793,0.0,0.48708692,59.65156483,66.65481022,0.0,0.0,0.0,0.0,0.0,0.0,0.0,0.03837645,0.02233327,39574.15511,86.11147759,67.450092,1.820161,98.14952,3.367288,0.97549828,97.948284,1.0,4435.137432
12/08/2018,442.31521971,0.81079901,0.0,0.0,0.0,0.51561676,0.0,0.47185952,59.58119747,66.55173806,0.0,0.0,0.0,0.0,0.0,0.0,0.0,0.03358217,0.01267821,39057.80028,84.74249398,73.142384,0.547619,98.395933,18.10737,1.05608953,98.238379,1.0,4753.293102
12/15/2018,493.82972564,0.82194364,0.0,0.0,0.0,0.53412591,0.0,0.44768885,59.52445385,66.54603687,0.0,0.0,0.0,0.0,0.0,0.0,0.0,0.04532411,0.03533246,38549.47694,83.3152096,77.648094,4.790492,98.602642,6.453644,1.10857076,98.574393,1.0,5006.523911
12/22/2018,527.84574066,0.82611714,0.0,0.0,0.0,0.54534772,0.0,0.44569677,59.58270435,66.32847225,1.0,0.0,0.0,0.0,0.0,0.0,0.0,0.04365678,0.02729349,39541.34864,82.65810328,79.385544,4.966144,98.872348,0.789252,1.29596681,98.872348,1.0,5512.773288
12/29/2018,550.81027248,0.82768764,0.0,0.0,0.0,0.55215132,0.0,0.50798688,59.76661892,66.30750646,0.0,0.0,0.0,0.0,0.0,0.0,0.0,0.04317715,0.01852097,36954.01904,78.43821463,81.528975,1.887288,98.635409,30.321795,1.07307651,98.635409,1.0,5122.477685
01/05/2019,559.33437235,0.82963102,0.0,0.0,0.0,0.49907646,0.0,0.52597201,59.8362043,66.51233515,0.0,0.0,0.0,0.0,1.0,0.0,0.0,0.0446604,0.04671238,41841.75453,78.48317681,83.324666,25.097673,98.312449,32.773569,1.00496768,98.312449,1.0,4622.696656
01/12/2019,577.08583046,0.8207921,0.0,0.0,0.0,0.46645281,0.14064869,0.49846146,59.87288897,66.48622528,0.0,0.0,0.0,0.0,0.0,0.0,0.0,0.04481577,0.07872512,41353.39098,77.3957121,80.13084229,22.03479757,97.832039,28.72599071,1.01307229,97.730509,1.0,4683.228105
01/19/2019,600.8149102,0.80700589,0.0,0.0,0.0,0.44810798,0.22022517,0.53682446,59.8243851,66.39982068,0.0,0.0,0.0,0.0,0.0,0.0,0.0,0.04255039,0.07913089,38091.58094,73.45308535,76.93701857,18.97192214,98.101878,24.67841243,1.0211769,97.741355,1.0,5090.057564
01/26/2019,628.2337148,0.79005744,0.0,0.0,0.0,0.43961368,0.79494702,0.56326596,59.79354135,66.30547016,0.0,0.0,0.0,0.0,0.0,0.0,0.0,0.04564624,0.09155876,38689.47933,70.68134589,73.74319486,15.90904671,98.180686,20.63083414,1.0292815,97.816835,1.0,5287.85444
02/02/2019,657.7927584,0.77034115,0.0,0.0,0.77686984,0.43782083,0.41558653,0.58237593,59.97865872,65.97939041,0.0,0.0,0.0,0.0,0.0,0.0,0.0,0.04754199,0.08346224,39114.36565,70.77811651,70.54937114,12.84617129,98.105194,16.58325586,1.03738611,97.765986,1.0,5360.305148
02/09/2019,688.47048951,0.7477096,0.0,0.0,0.28579444,0.44051013,0.30196911,0.59697597,60.32561765,65.50821524,0.0,0.0,0.0,0.0,0.0,0.0,0.0,0.04070057,0.09309724,38929.90406,68.07926836,67.35554743,9.78329586,98.163914,12.53567757,1.04549072,97.850221,1.0,5354.95324
02/16/2019,719.60721505,0.72174361,0.0,0.0,0.1051379,0.44613214,0.30143821,0.6087861,60.53682703,65.18940525,0.0,0.0,0.0,0.0,0.0,0.0,1.0,0.01355656,0.08315549,38989.32464,69.67765258,64.16172371,6.72042043,98.379799,8.48809929,1.05359533,98.120796,1.0,5358.829188
02/23/2019,750.78518405,0.69182412,0.0,0.0,0.03867807,0.45361562,0.24957994,0.61884682,60.73816297,65.20090967,0.0,0.0,0.0,0.0,0.0,0.0,0.0,0.01252776,0.06202427,39826.96809,74.64323992,60.9679,3.657545,97.986024,4.440521,1.06169994,97.724051,1.0,4893.461262
03/02/2019,770.93095639,0.70083736,0.0,0.0,0.01422887,0.50044666,0.22171361,0.62778347,60.8943478,65.30764286,0.0,0.0,0.0,0.0,0.0,0.0,0.0,0.0244854,0.02881193,38659.32061,76.67011678,54.81991,1.517014,98.055778,0.399703,1.03930403,97.754951,1.0,4934.316701
03/09/2019,781.92085155,0.76397957,0.0,0.0,0.00523451,0.61467979,0.22667876,0.63597021,60.7474795,65.48373364,0.0,0.0,0.0,0.0,0.0,0.0,0.0,0.01673836,0.0155325,39029.36432,78.63613288,50.211,0.862029,98.161634,0.200969,0.99748528,97.729086,1.0,4602.004344
03/16/2019,789.55287603,0.78572914,0.0,0.0,0.00192567,0.67085325,0.22321604,0.63771088,60.90453885,65.81973334,0.0,0.0,0.0,0.0,0.0,0.0,0.0,0.01447444,0.01365981,38433.46775,78.71396082,41.38788,0.0,97.916376,15.475442,0.97746035,97.773179,1.0,4544.061738
03/23/2019,794.86615126,0.79469047,0.0,0.0,0.00070841,0.69847622,0.13741915,0.6075721,61.31943759,66.43462822,0.0,0.0,0.0,0.0,0.0,0.0,0.0,0.02169695,0.01720738,38474.1018,80.68396377,46.884421,0.003708,98.088505,4.038329,0.97557183,97.854466,1.0,4408.651111
03/30/2019,798.57139624,0.79838274,0.0,0.0,0.00026061,0.71205965,0.05055368,0.5955163,61.91290183,67.14034739,0.0,0.0,0.0,0.0,0.0,0.0,0.0,0.0145125,0.01955968,38433.49238,85.74996172,40.128781,11.591931,98.111461,0.0,0.9885785,97.944146,1.0,4340.145056
04/06/2019,687.29172477,0.71636703,0.0,0.0,9.587e-05,0.59292882,0.01859766,0.64268212,62.34382769,67.88260597,0.0,0.0,0.0,0.0,0.0,0.0,0.0,0.00562126,0.01351056,37413.92573,86.62929687,31.57388,8.011187,98.142384,0.046333,0.95903474,97.926825,1.0,4207.962331
04/13/2019,579.51941202,0.65624342,0.0,0.0,3.527e-05,0.47688253,0.0068417,0.67178621,62.86941223,68.70208347,0.0,0.0,0.0,0.0,0.0,0.0,0.0,0.00568583,0.02017529,37889.19718,89.69592175,30.220167,8.528606,98.08628,3.601739,0.9752723,98.027632,1.0,4162.438488
04/20/2019,495.34920144,0.61985874,0.0,0.0,1.298e-05,0.38904265,0.00251692,0.64134205,62.87501373,69.36292557,0.0,0.0,0.0,0.0,0.0,0.0,0.0,0.00263112,0.01033663,37272.69187,92.70980467,31.671716,8.362335,98.109639,22.128799,0.947335,98.262897,1.0,4343.175957
04/27/2019,430.25787243,0.59777348,0.0,0.0,4.77e-06,0.32255328,0.00092592,0.6154887,62.84625385,69.57232662,0.0,0.0,0.0,0.0,0.0,0.0,0.0,0.00669686,0.00815334,40363.18187,88.43650137,33.176861,0.090535,98.114697,3.831919,0.90715872,98.027185,1.0,4025.930005
05/04/2019,375.38424625,0.62905167,0.0,0.0,1.76e-06,0.36129756,0.00034063,0.56381328,62.68986046,69.36491582,0.0,0.0,0.0,0.0,0.0,0.0,0.0,0.01465389,0.01189129,37761.5835,90.1979343,59.16439,0.011918,97.915279,0.0,0.91878153,97.856466,1.0,4048.508274
05/11/2019,329.37850955,0.65598733,0.0,0.0,6.5e-07,0.37298117,0.00012531,0.54866348,62.64566255,69.12043762,0.0,0.0,0.0,0.0,0.0,0.0,0.0,0.02557939,0.02647653,37935.91018,89.93777133,64.128193,8.001018,98.159748,3.331793,0.92765794,98.233239,1.0,4179.72301
05/18/2019,294.44746623,0.67013478,0.0,0.0,2.4e-07,0.3809205,4.61e-05,0.53375516,62.46697295,68.87151831,0.0,0.0,0.0,0.0,0.0,0.0,0.0,0.02165733,0.02040474,38603.8614,90.24409905,61.183418,4.727772,98.197155,0.233021,0.92873681,98.1577,1.0,4096.318924
05/25/2019,268.25661651,0.67756546,0.0,0.0,9e-08,0.38631549,1.696e-05,0.51063944,62.52743162,68.7324742,0.0,0.0,0.0,0.0,0.0,0.0,0.0,0.0258712,0.0198197,38771.88442,91.07674673,61.88402,0.962975,97.823173,3.199235,0.9480876,98.042549,1.0,4100.983451
06/01/2019,245.02744754,0.69045052,0.0,0.0,3e-08,0.40776508,6.24e-06,0.48915755,62.4687664,68.65635314,0.0,0.0,0.0,0.0,0.0,0.0,0.0,0.02395905,0.01932426,38136.83278,90.33946837,60.39949,3.174544,97.875687,19.968165,0.91407293,97.946671,1.0,3952.905883
