Period,TAS_SPD__APL_0.70|0.6|0,DEP_ALL__PVAL_5|4,LTV_30B_17__PVAL_3|5,LTV_30B_18__PVAL_3|5,LTV_30B_19__PVAL_5|5,MAS_SPD__PVAL_3|3,SUP_VID__PVAL_3|5,IRI_pctTD__PVAL_3|5#LAG_2,IRI_BAS_PRC_1500ML__RA_7,IRI_BAS_PRC_750ML__RA_5,HOL_CHR_NEW,HOL_LAB,HOL_MEM,HOL_MOT,HOL_NWY,HOL_THK,HOL_VAT,IRI_BAV_1500ML,IRI_BAV_750ML,IRI_TRD_DESEA,IRI_WBR,IRI_pctAT,IRI_pctFD,IRI_pctTA,IRI_pctTF,SEA_IRI_CORE_1,WBR_TRD,Intercept,IRI_EVO
06/11/2016,211.95317422,0.87137998,0.0,0.0,0.0,0.49911307,0.0,0.0,70.14170835,79.79149961,0.0,0.0,0.0,0.0,0.0,0.0,0.0,0.07791506,0.05088744,9257.05815,60.82373468,55.748836,0.0,99.330756,0.446168,0.92036171,98.948672,1.0,838.154592
06/18/2016,291.41323885,0.93935806,0.0,0.0,0.0,0.69381266,0.0,0.0,70.23743431,80.0900792,0.0,0.0,0.0,0.0,0.0,0.0,0.0,0.0659528,0.05239335,9200.134515,59.06030139,46.518673,0.0,99.300608,0.0,0.95850522,99.204229,1.0,935.079763
06/25/2016,339.23948393,0.94466117,0.0,0.0,0.0,0.76976324,0.0,0.12968945,70.3825495,80.09320712,0.0,0.0,0.0,0.0,0.0,0.0,0.0,0.07552927,0.07407365,8797.592664,57.73956261,55.762425,0.0,99.395205,0.0,0.94420168,98.988811,1.0,906.885354
07/02/2016,385.80463494,0.93550387,0.0,0.0,0.0,0.77104769,0.0,0.18554799,70.44063351,80.41824053,0.0,0.0,0.0,0.0,0.0,0.0,0.0,0.07804615,0.05927823,9153.038387,57.57968438,58.094281,0.0,98.992598,2.530118,1.00168714,94.805002,1.0,919.32522
07/09/2016,451.88113942,0.90237697,0.0,0.0,0.0,0.68220659,0.0,0.17800194,70.46210587,80.31192905,0.0,0.0,0.0,0.0,0.0,0.0,0.0,0.06124086,0.05746323,9349.842378,63.0350527,55.74239,0.0,99.229629,0.0,0.9698277,97.602121,1.0,856.932802
07/16/2016,494.5145257,0.89784266,0.0,0.0,0.0,0.62716889,0.0,0.15182582,70.57202821,79.79938516,0.0,0.0,0.0,0.0,0.0,0.0,0.0,0.01132583,0.05426488,8744.833595,70.53782007,46.151945,0.034106,99.106317,0.523663,0.95492527,98.374786,1.0,828.105289
07/23/2016,522.95018951,0.89722202,0.0,0.0,0.0,0.59307264,0.0,0.14088045,70.93043745,79.70704541,0.0,0.0,0.0,0.0,0.0,0.0,0.0,0.00148877,0.04017945,8957.848508,78.6208323,46.93079,0.0,99.145526,0.446517,0.99717226,99.071472,1.0,814.020905
07/30/2016,542.25555528,0.89713706,0.0,0.0,0.0,0.57194976,0.0,0.14327256,71.16584864,79.43594749,0.0,0.0,0.0,0.0,0.0,0.0,0.0,-0.00341994,0.02907804,8905.945236,75.19803085,50.55147,0.0,99.182574,0.0,0.95249449,97.329675,1.0,793.664828
08/06/2016,474.32908299,0.93398558,0.0,0.0,0.0,0.56741723,0.0,0.1532987,71.29193035,78.51985468,0.0,0.0,0.0,0.0,0.0,0.0,0.0,0.00083562,0.01251463,8982.996325,71.88227589,26.992483,0.0,99.171838,0.0,1.01106771,99.232896,1.0,807.139504
08/13/2016,407.02259117,0.94169643,0.0,0.0,0.0,0.56608204,0.0,0.1348613,71.41684814,79.03152434,0.0,0.0,0.0,0.0,0.0,0.0,0.0,0.00174832,0.08627751,9184.902827,55.19735342,14.289197,10.192188,99.028573,39.057788,0.98843645,98.467076,1.0,869.272095
08/20/2016,355.11723901,0.94232543,0.0,0.0,0.0,0.56527356,0.0,0.11021816,71.47171668,79.61835925,0.0,0.0,0.0,0.0,0.0,0.0,0.0,0.00302444,0.08358213,9130.523754,55.89939908,47.431733,0.0185,98.97711,0.435188,0.982336,99.358103,1.0,968.542262
08/27/2016,315.55245059,0.94237674,0.0,0.0,0.0,0.56478401,0.0,0.09648996,71.56050523,79.59634054,0.0,0.0,0.0,0.0,0.0,0.0,0.0,0.00264708,0.01377446,9424.308275,61.82211443,24.70479,0.0,98.975997,0.0,0.92093698,99.223272,1.0,841.1828
09/03/2016,284.65017487,0.94079176,0.0,0.0,0.0,0.59820137,0.0,0.11399813,71.69891786,79.92215311,0.0,0.0,0.0,0.0,0.0,0.0,0.0,-0.00448308,0.00446985,9456.724657,59.19776717,22.219663,0.0,99.196461,0.0,0.96710352,99.550415,1.0,907.41001
09/10/2016,260.03633485,0.93846672,0.0,0.0,0.0,0.65589552,0.0,0.10958571,71.59952275,80.51208669,0.0,1.0,0.0,0.0,0.0,0.0,0.0,0.01358009,0.00474439,9562.367597,69.78135814,15.568844,24.314954,99.340098,32.007945,0.93863852,99.400838,1.0,762.259983
09/17/2016,241.84078497,0.93826463,0.0,0.0,0.0,0.6848429,0.0,0.15734752,71.49344421,80.3064478,0.0,0.0,0.0,0.0,0.0,0.0,0.0,0.0093377,0.00580722,9415.722377,72.19882369,34.644529,0.0,99.382972,0.0,0.95998001,99.24421,1.0,817.104633
09/24/2016,228.54178285,0.93824706,0.0,0.0,0.0,0.69936693,0.0,0.14570086,71.31530435,80.07678158,0.0,0.0,0.0,0.0,0.0,0.0,0.0,-0.00214576,0.00907727,9866.01609,69.49094819,19.352288,0.124651,99.48606,1.102614,0.91709031,99.388179,1.0,755.564025
10/01/2016,237.3859751,0.94129391,0.0,0.0,0.0,0.70286168,0.0,0.14144573,71.08136054,79.96629721,0.0,0.0,0.0,0.0,0.0,0.0,0.0,-0.00389698,0.01524499,9859.414538,67.65816228,18.2836,0.523316,99.389949,2.911287,0.9693863,99.466413,1.0,830.712206
10/08/2016,337.8318627,0.95685748,0.0,0.0,0.0,0.68097299,0.0,0.14592915,70.98819538,79.69443131,0.0,0.0,0.0,0.0,0.0,0.0,0.0,0.05577666,0.11892038,10013.06143,54.72715179,40.047278,6.062774,99.129485,0.0,1.01703655,99.243077,1.0,995.201786
10/15/2016,397.47391975,0.95780662,0.0,0.0,0.0,0.6689573,0.0,0.14583912,70.95523822,79.52087209,0.0,0.0,0.0,0.0,0.0,0.0,0.0,0.07884168,0.15860099,9899.464636,50.12759903,28.909483,31.180611,99.608499,32.4792,1.0582003,99.415819,1.0,1106.682205
10/22/2016,435.87467134,0.95786451,0.0,0.0,0.0,0.66236135,0.0,0.17003534,70.72210872,79.25422322,0.0,0.0,0.0,0.0,0.0,0.0,0.0,0.06795022,0.14126592,10209.56508,54.69283329,34.92418,5.281129,99.153804,0.532415,1.00725432,99.254179,1.0,1031.226788
10/29/2016,461.46041516,0.95786804,0.0,0.0,0.0,0.65874053,0.0,0.14540633,70.4756014,79.39689791,0.0,0.0,0.0,0.0,0.0,0.0,0.0,0.07214253,0.13997115,10075.96481,55.63837991,39.323518,3.558897,99.330964,0.375469,1.0707309,99.287436,1.0,1056.729642
11/05/2016,426.45537803,0.94268395,0.0,0.0,0.0,0.71562957,0.0,0.1443611,70.40772071,79.19183201,0.0,0.0,0.0,0.0,0.0,0.0,0.0,0.01824945,0.09148946,10053.72122,68.41968242,43.91273,0.0,99.008005,2.139568,0.95282389,99.515363,1.0,892.040962
11/12/2016,377.60532124,0.93375016,0.0,0.0,0.0,0.76024459,0.0,0.14722234,70.42737608,78.53045381,0.0,0.0,0.0,0.0,0.0,0.0,0.0,0.00690778,0.07847307,10055.04001,72.89767154,41.948376,0.0,98.694399,0.823406,0.96496722,99.443743,1.0,871.973552
11/19/2016,340.74306715,0.93291188,0.0,0.0,0.0,0.77906368,0.0,0.14410353,70.47239412,78.69010061,0.0,0.0,0.0,0.0,0.0,0.0,0.0,0.00797939,0.09160726,9985.527186,74.94667446,48.174721,0.009354,98.798294,0.384897,1.04372745,99.634732,1.0,931.786777
11/26/2016,313.27490774,0.93283322,0.0,0.0,0.0,0.78700177,0.0,0.14967207,70.45095563,78.96666407,0.0,0.0,0.0,0.0,0.0,1.0,0.0,0.00040273,0.0523029,9896.396943,73.80244032,44.827218,0.0,99.701805,0.108258,1.41521458,99.667584,1.0,1255.078576
12/03/2016,299.8537194,0.95266619,0.0,0.0,0.0,0.80228835,0.0,0.14554078,70.33991989,79.05311509,0.0,0.0,0.0,0.0,0.0,0.0,0.0,0.00923167,0.02463939,9928.332488,71.76350365,25.901259,1.789128,98.984437,3.152918,0.97831611,99.491827,1.0,924.454887
12/10/2016,299.31919338,0.97114227,0.0,0.0,0.0,0.82277884,0.0,0.16312881,70.28209092,79.28632437,0.0,0.0,0.0,0.0,0.0,0.0,0.0,0.00185933,0.02751842,10058.28896,67.89152159,36.111268,0.0,99.341188,9.422145,1.013831,99.606404,1.0,933.622615
12/17/2016,298.94464623,0.97190826,0.0,0.0,0.0,0.83031687,0.0,0.15296439,70.09731119,80.28358254,0.0,0.0,0.0,0.0,0.0,0.0,0.0,0.00161877,0.01880505,10047.81677,71.79442424,27.057601,0.08749,99.74575,2.401747,1.10073872,99.548202,1.0,1041.985053
12/24/2016,298.68227698,0.97194002,0.0,0.0,0.0,0.83308995,0.0,0.14426486,69.94778143,80.09618801,1.0,0.0,0.0,0.0,0.0,0.0,0.0,0.0003979,0.00670157,10178.03276,67.23284808,27.610316,0.052729,99.794384,0.355986,1.40363868,99.794384,1.0,1354.815439
12/31/2016,298.49852705,0.97194134,0.0,0.0,0.0,0.83411011,0.0,0.16523751,69.76398702,79.62067444,0.0,0.0,0.0,0.0,0.0,0.0,0.0,0.00065849,0.00739671,10470.34002,76.21450411,29.252207,0.0,99.776107,0.618831,1.03902107,99.776107,1.0,822.536107
01/07/2017,381.24727533,0.93118874,0.0,0.0,0.0,0.67676642,0.0,0.17412024,69.49371157,79.29287042,0.0,0.0,0.0,0.0,1.0,0.0,0.0,0.0444001,0.09647888,8763.011471,54.01663657,47.766785,30.984155,99.563282,32.410094,0.95309659,98.982788,1.0,922.311925
01/14/2017,437.59403402,0.92747197,0.0,0.0,0.0,0.56146891,0.0,0.19651458,69.28774662,79.20743566,0.0,0.0,0.0,0.0,0.0,0.0,0.0,0.0813303,0.13883945,8735.775709,56.3955869,46.63350286,26.55784714,99.524721,27.78008057,0.95025386,99.436193,1.0,1054.705241
01/21/2017,479.00184124,0.92752271,0.0,0.0,0.0,0.47550788,1.55e-06,0.17906532,69.18147775,78.9042968,0.0,0.0,0.0,0.0,0.0,0.0,0.0,0.10617574,0.16072319,9869.777151,50.14925642,45.50022071,22.13153929,99.565096,23.15006714,0.94741114,99.349422,1.0,1190.513306
01/28/2017,511.11638745,0.92795171,0.0,0.0,0.0,0.4100743,0.07617578,0.17318834,69.07678414,78.8403056,0.0,0.0,0.0,0.0,0.0,0.0,0.0,0.09450606,0.16185116,9426.160487,49.8559963,44.36693857,17.70523143,99.205897,18.52005371,0.94456842,98.76972,1.0,1127.981517
02/04/2017,537.16888542,0.92841575,1360479602.0817664,0.0,0.0,0.3590329,0.1922171,0.17107764,69.07793858,78.99380239,0.0,0.0,0.0,0.0,0.0,0.0,0.0,0.03677971,0.08614418,9276.967266,57.23947495,43.23365643,13.27892357,99.035858,13.89004029,0.94172569,99.222388,1.0,1035.994407
02/11/2017,559.15109875,0.92888027,458971109.77098125,0.0,0.0,0.31808925,0.43887391,0.17019292,68.96482371,79.05686884,0.0,0.0,0.0,0.0,0.0,0.0,0.0,0.02526996,0.05895415,9278.805783,58.46784144,42.10037429,8.85261571,99.39235,9.26002686,0.93888297,99.387956,1.0,950.411799
02/18/2017,578.3432527,0.92934186,153468595.5291693,0.0,0.0,0.28422181,0.18040579,0.16970732,68.79254316,79.08346767,0.0,0.0,0.0,0.0,0.0,0.0,1.0,0.02453866,0.04431555,9371.576243,56.49043257,40.96709214,4.42630786,99.421228,4.63001343,0.93604024,99.305945,1.0,901.365335
02/25/2017,595.58961431,0.9298002,50763159.05681301,0.0,0.0,0.25529296,0.07325203,0.16935162,68.68740069,78.76140268,0.0,0.0,0.0,0.0,0.0,0.0,0.0,0.02408378,0.03394672,9242.334369,65.32427694,39.83381,0.0,98.765837,0.0,0.93319752,99.08194,1.0,814.05407
03/04/2017,588.80804923,0.96411041,26491541.49041113,0.0,0.0,0.23503638,0.0339209,0.16903814,68.54793913,78.33886625,0.0,0.0,0.0,0.0,0.0,0.0,0.0,0.02447487,0.03698468,9090.748849,60.91184452,52.663698,0.0,98.840858,0.0,0.96740707,98.982216,1.0,898.345347
03/11/2017,569.69414002,0.97932654,12027608.44317822,0.0,0.0,0.22095964,0.01788607,0.16873833,68.40133191,77.95316248,0.0,0.0,0.0,0.0,0.0,0.0,0.0,0.04347594,0.06341904,9179.552158,67.15531643,45.851773,0.0,98.942528,0.509049,0.96432712,99.050479,1.0,865.502091
03/18/2017,556.05620172,0.97978603,4424709.87270528,0.0,0.0,0.21050543,0.0123559,0.17932817,68.44356341,77.57001534,0.0,0.0,0.0,0.0,0.0,0.0,0.0,0.06133178,0.09926078,9472.472655,64.44766779,43.589039,0.0,98.714896,0.545213,0.93522862,99.094275,1.0,855.876695
03/25/2017,546.37552096,0.97979991,1627759.79531667,0.0,0.0,0.20274152,0.01499772,0.17052319,68.61711343,77.27190157,0.0,0.0,0.0,0.0,0.0,0.0,0.0,0.05819637,0.11620821,9305.059787,66.61912001,41.621813,0.0,99.113745,0.144374,0.92930145,99.338755,1.0,881.346088
04/01/2017,528.1135654,0.97328316,592727.25208827,0.0,0.0,0.20046227,0.00781512,0.17433102,68.80531079,77.91283798,0.0,0.0,0.0,0.0,0.0,0.0,0.0,0.07103207,0.10254144,9562.153269,62.54941848,38.358767,0.0,99.012301,0.0,1.02624074,99.418635,1.0,935.69958
04/08/2017,441.34546342,0.855576,125634.63318414,0.0,0.0,0.21942486,0.00287502,0.17112775,69.00377103,78.62235762,0.0,0.0,0.0,0.0,0.0,0.0,0.0,0.03463221,0.03419986,9058.546026,74.6659825,31.629187,0.0,99.134554,0.0,0.92768797,99.424148,1.0,787.487583
04/15/2017,373.1310742,0.83040754,46218.39864754,0.0,0.0,0.23308509,0.00105766,0.18673028,69.19440247,79.25806347,0.0,0.0,0.0,0.0,0.0,0.0,0.0,0.00921064,0.02560734,9497.619497,66.11650755,15.770933,0.411315,99.446579,2.172083,1.01223457,99.587604,1.0,960.599661
04/22/2017,319.95923676,0.82502595,17002.79866634,0.0,0.0,0.24292563,0.00038909,0.17138683,69.39511711,79.99600576,0.0,0.0,0.0,0.0,0.0,0.0,0.0,0.01419345,0.00708609,10477.5375,89.10767151,17.389925,0.0,89.926731,0.612308,0.96685995,99.243763,1.0,672.64426
04/29/2017,278.93370295,0.82387525,6254.9800717,0.0,0.0,0.25001453,0.00014314,0.16836374,69.45485877,80.51414601,0.0,0.0,0.0,0.0,0.0,0.0,0.0,0.01660197,0.01424403,8593.326395,75.26874769,18.480148,0.0,98.708632,0.0,0.93679733,99.519186,1.0,767.351239
05/06/2017,256.50584563,0.87833012,5051.58997856,0.0,0.0,0.29021294,5.266e-05,0.1571962,69.47030616,80.36777162,0.0,0.0,0.0,0.0,0.0,0.0,0.0,0.00819988,0.00963581,9422.09817,79.94153657,27.770448,0.0,99.272146,0.376778,0.88955447,99.465941,1.0,724.094617
05/13/2017,241.51906673,0.89318123,2063.29185006,0.0,0.0,0.32327146,1.937e-05,0.16110379,69.43197851,80.21828004,0.0,0.0,0.0,0.0,0.0,0.0,0.0,0.00754826,0.0192425,9659.396675,74.74715646,27.590007,0.0,99.026479,0.244406,0.92318998,99.498084,1.0,734.3954
05/20/2017,230.64888837,0.89524042,759.04265296,0.0,0.0,0.34578238,7.13e-06,0.17161046,69.25964107,80.16990542,0.0,0.0,0.0,1.0,0.0,0.0,0.0,0.0112532,0.02125599,9290.216108,80.14229682,15.401187,0.506311,99.111184,3.371752,0.89987182,99.407955,1.0,746.453525
05/27/2017,222.83220513,0.89552593,279.23618691,0.0,0.0,0.36111102,2.62e-06,0.15907107,69.07141798,79.902232,0.0,0.0,0.0,0.0,0.0,0.0,0.0,0.01527416,0.01715607,9618.680374,73.65336828,25.658811,0.0,98.40769,0.0,0.94375755,99.251842,1.0,764.756297
06/03/2017,209.1669845,0.91648882,119.62158532,0.0,0.0,0.37249945,9.6e-07,0.15718307,68.8413195,79.52051837,0.0,0.0,1.0,0.0,0.0,0.0,0.0,0.00920109,0.01413171,9370.599514,84.09610184,22.045043,0.0,99.15376,0.0,0.88314619,99.293481,1.0,733.684104
06/10/2017,187.73832318,0.93974124,52.49488721,0.0,0.0,0.38149215,3.5e-07,0.15302831,68.5021194,79.3221184,0.0,0.0,0.0,0.0,0.0,0.0,0.0,0.05473768,0.07340145,9146.19363,72.45874479,46.659116,0.0,99.131911,0.0,0.92036171,98.761354,1.0,770.718637
06/17/2017,171.71417007,0.94165478,19.31179007,0.0,0.0,0.38759406,1.3e-07,0.14771578,68.1741975,79.13571425,0.0,0.0,0.0,0.0,0.0,0.0,0.0,0.07408872,0.08447765,9013.692292,77.95966056,40.176201,0.0,98.553203,0.0,0.95850522,99.443027,1.0,763.238451
06/24/2017,159.87775968,0.94181226,7.10441066,0.0,0.0,0.39173446,5e-08,0.12784116,67.811436,78.79877507,0.0,0.0,0.0,0.0,0.0,0.0,0.0,0.07303219,0.0706299,8304.914103,79.18085179,59.37986,0.0,98.929861,0.0,0.94420168,99.179896,1.0,765.750178
07/01/2017,154.29391116,0.93976172,2.54255655,0.0,0.0,0.39371794,2e-08,0.12067827,67.50219717,78.49451748,0.0,0.0,0.0,0.0,0.0,0.0,0.0,0.07604624,0.08164683,9035.873008,77.00230185,39.745875,0.0,98.591187,22.726562,1.00168714,99.302602,1.0,869.929138
07/08/2017,168.17211441,0.92553411,0.78558503,0.0,0.0,0.39009723,1e-08,0.13076703,67.17109853,78.41013309,0.0,0.0,0.0,0.0,0.0,0.0,0.0,0.0706015,0.08173336,9106.995901,75.97843882,61.224626,0.0,98.961822,13.428903,0.9698277,99.171863,1.0,822.973323
07/15/2017,177.44760106,0.92403971,0.28900062,0.0,0.0,0.38761687,0.0,0.12322345,66.93391019,78.04456265,0.0,0.0,0.0,0.0,0.0,0.0,0.0,0.07499256,0.12747154,9152.984215,64.2612736,51.690215,0.034106,99.21487,0.0,0.95492527,99.407657,1.0,900.97943
07/22/2017,183.75226599,0.92388274,0.10631719,0.0,0.0,0.38591771,0.0,0.12862169,66.67577582,78.02749604,0.0,0.0,0.0,0.0,0.0,0.0,0.0,0.0583247,0.13155754,9167.504134,75.3589455,45.27334,0.0,99.270005,3.694135,0.99717226,99.446942,1.0,895.325359
07/29/2017,188.08096034,0.92386625,0.0391117,0.0,0.0,0.3847537,0.0,0.14800233,66.76545944,78.07748352,0.0,0.0,0.0,0.0,0.0,0.0,0.0,0.04932065,0.12514995,9031.441446,63.03895712,62.71798,0.0,99.511496,0.48162,0.95249449,99.401409,1.0,880.13183
08/05/2017,230.0687275,0.92695485,0.00494329,0.0,0.0,0.32915688,0.0,0.14093388,66.84399105,78.43983993,0.0,0.0,0.0,0.0,0.0,0.0,0.0,0.04799733,0.11094907,8804.268704,57.53920372,51.086855,0.0,99.014051,2.320192,1.01106771,98.881882,1.0,920.575882
08/12/2017,270.05864725,0.9284617,0.00038209,0.0,0.0,0.26298315,0.0,0.13431647,66.79697542,78.53993825,0.0,0.0,0.0,0.0,0.0,0.0,0.0,0.01005253,0.0418029,8658.851611,65.46676439,48.248193,10.192188,99.056352,0.0,0.98843645,98.981789,1.0,840.323397
08/19/2017,295.83431302,0.92861105,0.00014057,0.0,0.0,0.21190686,0.0,0.15930732,66.68026527,78.71796754,0.0,0.0,0.0,0.0,0.0,0.0,0.0,0.01408553,0.03143795,8758.386885,69.99106825,35.700506,0.0185,99.119984,0.0,0.982336,99.292579,1.0,798.846362
08/26/2017,313.01745227,0.92862585,5.172e-05,0.0,0.0,0.17248353,0.0,0.16360604,66.72854398,78.3673894,0.0,0.0,0.0,0.0,0.0,0.0,0.0,0.01752105,0.02857568,8730.243212,74.3954056,31.235569,0.0,99.086019,1.683775,0.92093698,98.972709,1.0,748.669784
09/02/2017,309.63433467,0.9298116,8.806e-05,0.0,0.0,0.16917372,0.0,0.15491923,66.77570454,77.93832352,0.0,0.0,0.0,0.0,0.0,0.0,0.0,0.0128118,0.03126439,8483.332134,73.52786902,35.227811,0.0,98.837667,0.0,0.96710352,99.209897,1.0,794.475397
09/09/2017,267.05413846,0.93279788,9.808e-05,0.0,0.0,0.23099736,0.0,0.1530553,66.96969895,77.44315194,0.0,1.0,0.0,0.0,0.0,0.0,0.0,0.03173586,0.03768749,8835.860589,65.15484484,60.024519,24.314954,99.348325,6.099614,0.93863852,99.346299,1.0,884.666212
09/16/2017,234.33535359,0.93307703,3.588e-05,0.0,0.0,0.27364209,0.0,0.15319107,66.91846668,76.9324116,0.0,0.0,0.0,0.0,0.0,0.0,0.0,0.02251688,0.06787009,8791.0737,64.70223445,56.286885,0.0,99.189962,1.562413,0.95998001,99.157462,1.0,897.635427
09/23/2017,209.49352709,0.93310312,1.316e-05,0.0,0.0,0.30305758,0.0,0.15668941,66.88682887,76.68948275,0.0,0.0,0.0,0.0,0.0,0.0,0.0,0.02968328,0.06388981,8526.239785,62.6591492,66.488135,0.124651,99.173341,0.0,0.91709031,99.31797,1.0,875.448717
09/30/2017,190.86802005,0.93310556,4.78e-06,0.0,0.0,0.3233478,0.0,0.18162344,66.77066059,76.62977177,0.0,0.0,0.0,0.0,0.0,0.0,0.0,0.05480904,0.05019628,8558.64677,53.22779247,40.269691,0.523316,99.252617,19.22171,0.9693863,99.269063,1.0,903.731332
10/07/2017,217.30464022,0.95363533,2.73e-06,0.0,0.0,0.35874794,0.0,0.19347824,66.74784642,76.57087639,0.0,0.0,0.0,0.0,0.0,0.0,0.0,0.02979847,0.04320798,8566.354664,56.68717319,46.708501,6.062774,98.910853,0.586243,1.01703655,99.176163,1.0,844.136649
10/14/2017,234.5946343,0.95496545,9.1e-07,0.0,0.0,0.38237753,0.0,0.1706942,66.74125871,76.36851718,0.0,0.0,0.0,0.0,0.0,0.0,0.0,0.0405025,0.04471988,8507.256656,59.02655017,57.435856,31.180611,99.059388,2.840623,1.0582003,99.346166,1.0,889.25102
10/21/2017,246.20722326,0.95505163,0.0,0.0,0.0,0.39815027,0.0,0.18728088,66.80643897,76.47212465,0.0,0.0,0.0,0.0,0.0,0.0,0.0,0.02879347,0.04728389,8612.463278,62.07905455,29.596033,5.281129,99.210516,36.103609,1.00725432,98.937332,1.0,850.403372
10/28/2017,254.12302043,0.95505721,0.0,0.0,0.0,0.40867858,0.0,0.18890399,66.78648651,76.4194623,0.0,0.0,0.0,0.0,0.0,0.0,0.0,0.02713916,0.03551911,8593.576389,53.8168793,38.78389,3.558897,99.214938,1.311785,1.0707309,99.06176,1.0,917.043663
11/04/2017,267.82750708,0.94804153,0.0,0.0,0.0,0.40708165,0.0,0.18136464,66.69814266,76.27507275,0.0,0.0,0.0,0.0,0.0,0.0,0.0,0.01160103,0.03879631,8732.966818,61.94573073,40.278707,0.0,98.723541,0.0,0.95282389,99.376199,1.0,821.500614
11/11/2017,283.09862418,0.94148374,0.0,0.0,0.0,0.39943612,0.0,0.19957717,66.71124024,76.1293075,0.0,0.0,0.0,0.0,0.0,0.0,0.0,0.00786593,0.03599417,8539.459216,64.0198581,37.252389,0.0,98.992543,0.0,0.96496722,99.338968,1.0,874.599672
11/18/2017,293.46890425,0.94093608,0.0,0.0,0.0,0.39420018,0.0,0.16920224,66.70727297,76.07756951,0.0,0.0,0.0,0.0,0.0,0.0,0.0,0.02001708,0.03192991,8775.226168,59.38880498,43.227475,0.009354,98.952422,1.178056,1.04372745,99.500834,1.0,934.15859
11/25/2017,300.58489267,0.94089034,0.0,0.0,0.0,0.39061441,0.0,0.16116396,66.66154939,75.82964212,0.0,0.0,0.0,0.0,0.0,1.0,0.0,0.01760443,0.03603788,8563.270791,54.28382354,59.337326,0.0,99.442581,3.170681,1.41521458,99.590129,1.0,1328.608633
12/02/2017,295.7955088,0.94943414,0.0,0.0,0.0,0.39018641,0.0,0.15525735,66.64930479,75.7658283,0.0,0.0,0.0,0.0,0.0,0.0,0.0,0.00743296,0.03173209,8638.186737,59.48876832,49.59931,1.789128,98.792143,0.513876,0.97831611,99.344544,1.0,855.869346
12/09/2017,266.95153527,0.9661927,0.0,0.0,0.0,0.39493665,0.0,0.1505014,66.60616675,75.63631241,0.0,0.0,0.0,0.0,0.0,0.0,0.0,0.01457337,0.03457997,8516.722342,68.41975718,37.07736,0.0,98.900723,7.997238,1.013831,99.598193,1.0,915.567062
12/16/2017,245.45993562,0.9670029,0.0,0.0,0.0,0.39815221,0.0,0.15604067,66.97523088,75.74659128,0.0,0.0,0.0,0.0,0.0,0.0,0.0,0.01718527,0.03185762,8498.097748,67.86225922,39.25051,0.08749,99.626323,4.199298,1.10073872,99.64879,1.0,999.334326
12/23/2017,229.63847792,0.96704207,0.0,0.0,0.0,0.40032891,0.0,0.15783588,67.787435,75.72978319,1.0,0.0,0.0,0.0,0.0,0.0,0.0,0.01150087,0.02243615,8452.762801,68.78366875,42.236544,0.052729,99.540233,1.639278,1.40363868,99.76937,1.0,1287.423445
12/30/2017,218.11724472,0.96704396,0.0,0.0,0.0,0.40180237,0.0,0.14328195,67.91950414,75.72409072,0.0,0.0,0.0,0.0,0.0,0.0,0.0,0.00436482,0.01795116,8741.919012,66.8086634,31.26587,0.0,99.719698,0.995658,1.03902107,99.719698,1.0,946.599181
01/06/2018,335.37446583,0.95729184,0.0,0.0,0.0,0.38157514,0.0,0.14640792,68.13056559,75.37976947,0.0,0.0,0.0,0.0,1.0,0.0,0.0,-0.0016873,0.02629123,8697.41154,74.61928448,33.977078,30.984155,99.684793,0.0,0.95309659,99.684793,1.0,791.449418
01/13/2018,417.29407756,0.95533536,0.0,0.0,0.0,0.38670333,0.0,0.16762043,68.31050398,75.37586176,0.0,0.0,0.0,0.0,0.0,0.0,0.0,0.00179818,0.07492829,8863.379447,65.43499475,32.27176114,26.55784714,99.382114,0.72262171,0.95025386,99.066415,1.0,923.158215
01/20/2018,481.65951078,0.95381776,0.0,0.0,0.0,0.40879995,0.05374459,0.18481234,68.48645214,75.88862591,0.0,0.0,0.0,0.0,0.0,0.0,0.0,0.02246677,0.04817786,8707.393641,67.22963441,30.56644429,22.13153929,99.594432,1.44524343,0.94741114,99.155135,1.0,938.090016
01/27/2018,535.52307155,0.95227912,0.0,0.0,0.0,0.44095748,0.08554096,0.18975185,68.62121436,76.50813822,0.0,0.0,0.0,0.0,0.0,0.0,0.0,0.01451262,0.03668883,8967.598829,59.40520115,28.86112743,17.70523143,98.997108,2.16786514,0.94456842,99.095623,1.0,900.52277
02/03/2018,582.54021182,0.95068796,0.0,0.52763345,0.0,0.47793299,0.11919277,0.19077729,68.26180938,77.39707991,0.0,0.0,0.0,0.0,0.0,0.0,0.0,0.01821872,0.0288839,8690.249489,67.58135933,27.15581057,13.27892357,99.39788,2.89048686,0.94172569,99.160823,1.0,867.208377
02/10/2018,624.8447317,0.94904016,0.0,0.1941055,0.0,0.5160647,0.10568472,0.19055102,67.51901099,78.54658219,0.0,0.0,0.0,0.0,0.0,0.0,0.0,0.0183114,0.02799849,8406.455784,65.46067571,25.45049371,8.85261571,99.542303,3.61310857,0.93888297,99.266124,1.0,934.860356
02/17/2018,663.76777464,0.94733331,0.0,0.07140742,0.0,0.55302807,0.09094477,0.18992367,67.4232046,79.50607199,0.0,0.0,0.0,0.0,0.0,0.0,1.0,0.01590405,0.01592931,8968.696577,63.67793535,23.74517686,4.42630786,99.5056,4.33573029,0.93604024,99.066179,1.0,897.931765
02/24/2018,700.17626296,0.94556501,0.0,0.02626932,0.0,0.58752671,0.07752697,0.18916723,67.33271539,79.84082689,0.0,0.0,0.0,0.0,0.0,0.0,0.0,0.02365016,0.02173913,8677.433637,74.5365311,22.03986,0.0,99.357847,5.058352,0.93319752,98.820548,1.0,845.429643
03/03/2018,701.24389907,0.95998817,0.0,0.00966394,0.0,0.56703007,0.06246622,0.18836869,67.28198361,80.07459217,0.0,0.0,0.0,0.0,0.0,0.0,0.0,0.0155408,0.0156908,9037.861042,72.29581728,33.300808,0.0,99.363738,0.420607,0.96740707,99.155718,1.0,798.71875
03/10/2018,669.57971579,0.97408946,0.0,0.00355517,0.0,0.49285714,0.04658808,0.18755592,67.1202463,79.8531808,0.0,0.0,0.0,0.0,0.0,0.0,0.0,0.0146497,0.06227145,8866.849747,69.93570368,28.148704,0.0,99.327996,7.924114,0.96432712,99.20722,1.0,864.429036
03/17/2018,646.80807193,0.97461996,0.0,0.00130787,0.0,0.44039337,0.04812063,0.17114565,66.96560025,79.77892578,0.0,0.0,0.0,0.0,0.0,0.0,0.0,0.0197109,0.05744329,8972.586516,74.17500983,44.195531,0.0,99.213274,0.474374,0.93522862,99.222965,1.0,800.193458
03/24/2018,630.54489074,0.97463991,0.0,0.00048114,0.0,0.40328487,0.02274599,0.14748832,66.9113686,79.8121447,0.0,0.0,0.0,0.0,0.0,0.0,0.0,0.0120872,0.02423645,9115.832863,67.45199653,31.566311,0.0,99.149603,0.0,0.92930145,99.384912,1.0,773.429293
03/31/2018,618.99236938,0.97464067,0.0,0.000177,0.0,0.37703741,0.00836778,0.14744345,66.96421685,79.86550629,0.0,0.0,0.0,0.0,0.0,0.0,0.0,0.02437052,0.03506631,8904.283209,70.5034716,38.919898,0.0,99.235433,5.189146,1.02624074,99.432358,1.0,971.813873
04/07/2018,517.79491643,0.87353473,0.0,6.512e-05,0.0,0.43068764,0.00307833,0.17619221,66.90917772,79.78536528,0.0,0.0,0.0,0.0,0.0,0.0,0.0,0.03773628,0.02697367,10149.81899,67.78267376,30.789811,0.0,99.228892,8.267524,0.92768797,98.878522,1.0,867.006602
04/14/2018,438.29403703,0.85456609,0.0,2.395e-05,0.0,0.46436366,0.00113246,0.18025435,66.98689483,79.69433326,0.0,0.0,0.0,0.0,0.0,0.0,0.0,0.02891357,0.02785173,9069.554347,64.35480231,40.058887,0.411315,99.268154,1.907255,1.01223457,99.285193,1.0,906.675082
04/21/2018,376.37918173,0.85100736,0.0,8.81e-06,0.0,0.48550195,0.00041661,0.17339187,66.95352949,79.46548748,0.0,0.0,0.0,0.0,0.0,0.0,0.0,0.03658265,0.09038192,8542.256281,65.21300797,52.992869,0.0,99.234612,0.0,0.96685995,99.037937,1.0,978.131552
04/28/2018,328.65684003,0.8503397,0.0,3.24e-06,0.0,0.49877035,0.00015326,0.19548901,66.90709405,79.39981839,0.0,0.0,0.0,0.0,0.0,0.0,0.0,0.03538416,0.09006047,8871.498464,67.35097382,24.12613,0.0,99.00223,33.725656,0.93679733,99.151841,1.0,933.622326
05/05/2018,321.56862782,0.88762309,0.0,1.19e-06,0.0,0.47835792,5.638e-05,0.18418279,66.88352999,79.31429084,0.0,0.0,0.0,0.0,0.0,0.0,0.0,0.03713883,0.05257197,9131.881769,67.84801004,45.45964,0.0,98.692336,1.450976,0.88955447,99.179641,1.0,853.106974
05/12/2018,327.87726824,0.90450291,0.0,4.4e-07,0.0,0.45252689,2.074e-05,0.13731213,66.76043015,79.5046028,0.0,0.0,0.0,0.0,0.0,0.0,0.0,0.03797641,0.02303226,8793.718174,61.91827888,47.171492,0.0,98.812266,0.561734,0.92318998,99.287828,1.0,851.045082
05/19/2018,332.24556181,0.90662087,0.0,1.6e-07,0.0,0.43497399,7.63e-06,0.13035373,66.53633704,79.41037207,0.0,0.0,0.0,1.0,0.0,0.0,0.0,0.02677324,0.03280151,8848.911051,77.7687701,51.661379,0.506311,98.830678,0.0,0.89987182,99.078189,1.0,859.646991
05/26/2018,335.28071356,0.90688662,0.0,6e-08,0.0,0.42304632,2.81e-06,0.13936022,66.3756865,79.22937073,0.0,0.0,0.0,0.0,0.0,0.0,0.0,0.02273404,0.0336711,8929.039655,74.18169772,38.514816,0.0,98.911827,1.877288,0.94375755,99.216094,1.0,875.103821
06/02/2018,338.01136182,0.91698317,0.0,2e-08,0.0,0.43199705,1.03e-06,0.13713982,66.2123573,78.8855619,0.0,0.0,1.0,0.0,0.0,0.0,0.0,0.02611104,0.05407795,8955.708102,73.40729249,42.364952,0.0,98.893404,0.0,0.88314619,99.342528,1.0,800.704036
06/09/2018,341.44709625,0.93848392,0.0,1e-08,0.0,0.47797692,3.8e-07,0.11578165,66.10502129,78.66523263,0.0,0.0,0.0,0.0,0.0,0.0,0.0,0.01537346,0.0593278,8090.5298,75.49868289,46.203899,0.0,98.663016,0.0,0.92036171,99.151857,1.0,787.341185
06/16/2018,343.83845629,0.94029145,0.0,0.0,0.0,0.506148,1.4e-07,0.11163163,66.17426028,78.31589642,0.0,0.0,0.0,0.0,0.0,0.0,0.0,0.00998096,0.06247442,8279.954773,72.80620793,31.638559,0.0,98.944017,0.0,0.95850522,99.294401,1.0,797.205009
06/23/2018,345.50583084,0.94044341,0.0,0.0,0.0,0.52340793,5e-08,0.11658946,66.24560544,78.7265662,0.0,0.0,0.0,0.0,0.0,0.0,0.0,0.00805037,0.05972014,9391.274813,79.83628966,36.660841,0.0,98.732123,0.0,0.94420168,98.969394,1.0,785.647615
06/30/2018,346.66980786,0.94045618,0.0,0.0,0.0,0.53398279,2e-08,0.10227356,66.32468885,78.61559669,0.0,0.0,0.0,0.0,0.0,0.0,0.0,0.01183391,0.08125735,8304.870185,71.24395331,36.549659,0.0,98.70073,33.457184,1.00168714,98.820653,1.0,818.69547
07/07/2018,331.07478333,0.91666387,0.0,0.0,0.0,0.44981523,1e-08,0.12804656,66.46601959,78.521209,0.0,0.0,0.0,0.0,0.0,0.0,0.0,0.01683014,0.06569327,8036.943301,73.56043935,40.755011,0.0,98.55942,0.0,0.9698277,99.202353,1.0,845.09583
07/14/2018,319.86064803,0.91386441,0.0,0.0,0.0,0.38807513,0.0,0.10407167,66.68264202,78.08593611,0.0,0.0,0.0,0.0,0.0,0.0,0.0,0.0336206,0.0462664,8595.96377,77.04027085,40.40067,0.034106,98.538195,7.080331,0.95492527,99.314502,1.0,757.117914
07/21/2018,311.85234725,0.91353502,0.0,0.0,0.0,0.34278641,0.0,0.12386029,66.78920937,77.48098618,0.0,0.0,0.0,0.0,0.0,0.0,0.0,0.03394448,0.07517596,8368.428937,64.80778254,26.98562,0.0,98.786925,43.090504,0.99717226,99.355956,1.0,886.848833
07/28/2018,306.16403085,0.91349627,0.0,0.0,0.0,0.30956542,0.0,0.12953176,66.89934766,76.8877632,0.0,0.0,0.0,0.0,0.0,0.0,0.0,0.0159407,0.040721,8556.394898,78.82246131,39.511055,0.0,99.082968,0.0,0.95249449,99.391319,1.0,806.077294
08/04/2018,326.29422785,0.91851293,0.0,0.0,0.0,0.28486796,0.0,0.11309255,66.89499545,76.95096861,0.0,0.0,0.0,0.0,0.0,0.0,0.0,0.0178014,0.1241136,8706.516551,65.56557217,17.856052,0.0,98.820065,38.852358,1.01106771,98.999093,1.0,904.657304
08/11/2018,356.81632775,0.92261828,0.0,0.0,0.0,0.26649032,0.0,0.14810038,66.87574859,76.98816089,0.0,0.0,0.0,0.0,0.0,0.0,0.0,0.0205912,0.06514076,8650.027142,69.29969188,30.745024,10.192188,98.714135,33.940323,0.98843645,99.028865,1.0,863.855411
08/18/2018,377.18159687,0.92305333,0.0,0.0,0.0,0.25299878,0.0,0.16031043,66.94725348,77.03735538,0.0,0.0,0.0,0.0,0.0,0.0,0.0,0.01954935,0.03270616,8604.870941,67.72291586,34.754852,0.0185,98.778708,3.438442,0.982336,99.099009,1.0,790.179409
08/25/2018,391.01081316,0.92309943,0.0,0.0,0.0,0.24309425,0.0,0.18756909,66.87712884,77.36444163,0.0,0.0,0.0,0.0,0.0,0.0,0.0,0.01486692,0.03141628,8339.230093,77.87840103,32.488857,0.0,98.656754,0.584433,0.92093698,99.276893,1.0,807.859587
09/01/2018,394.23278102,0.92333773,0.0,0.0,0.0,0.27681173,0.0,0.19420207,66.85162651,77.37958516,0.0,0.0,0.0,0.0,0.0,0.0,0.0,0.01688491,0.02584201,8553.724788,78.27517625,31.302933,0.0,98.693552,0.730143,0.96710352,99.063621,1.0,816.023982
09/08/2018,357.52782655,0.92474815,0.0,0.0,0.0,0.49731532,0.0,0.1899818,66.7775562,77.20935191,0.0,1.0,0.0,0.0,0.0,0.0,0.0,0.01411455,0.02441206,8095.553394,81.23322337,27.983188,24.314954,98.870614,0.38782,0.93863852,99.098556,1.0,796.872936
09/15/2018,330.26585664,0.92489447,0.0,0.0,0.0,0.60736523,0.0,0.17307735,66.69418906,77.13134301,0.0,0.0,0.0,0.0,0.0,0.0,0.0,0.01337766,0.0327428,8286.985503,74.54482689,43.684814,0.0,98.650396,0.533489,0.95998001,99.247332,1.0,784.622882
09/22/2018,310.25515893,0.92490965,0.0,0.0,0.0,0.66228943,0.0,0.17143101,66.59335453,77.31489662,0.0,0.0,0.0,0.0,0.0,0.0,0.0,0.01067394,0.02589316,8101.525705,75.93972159,47.550001,0.124651,98.822584,0.612223,0.91709031,98.479682,1.0,756.6844
09/29/2018,295.72046207,0.92491122,0.0,0.0,0.0,0.68970124,0.0,0.17141911,66.58577844,77.86972174,0.0,0.0,0.0,0.0,0.0,0.0,0.0,0.01347964,0.02857115,8075.720272,66.37578396,44.548477,0.523316,99.073649,2.000413,0.9693863,98.686267,1.0,789.409214
10/06/2018,339.29897782,0.95813481,0.0,0.0,0.0,0.64284087,0.0,0.1739654,66.39326965,78.46605755,0.0,0.0,0.0,0.0,0.0,0.0,0.0,0.01803738,0.02457904,7914.365486,69.95650931,36.902127,6.062774,98.940429,2.189637,1.01703655,98.796003,1.0,808.57446
10/13/2018,375.71087933,0.96374403,0.0,0.0,0.0,0.60256559,0.0,0.17474975,66.41274496,79.07455258,0.0,0.0,0.0,0.0,0.0,0.0,0.0,0.01543603,0.01068465,8087.060287,71.58585632,27.124527,31.180611,98.21539,7.746342,1.0582003,99.092533,1.0,759.15185
10/20/2018,399.85315297,0.96405409,0.0,0.0,0.0,0.5776012,0.0,0.16106591,66.35875485,79.48114046,0.0,0.0,0.0,0.0,0.0,0.0,0.0,0.01201025,0.00375656,7671.75322,71.99105581,27.322012,5.281129,98.496922,0.0,1.00725432,98.955344,1.0,740.814148
10/27/2018,416.18883118,0.96405479,0.0,0.0,0.0,0.56212717,0.0,0.14456476,66.33318573,79.79618065,0.0,0.0,0.0,0.0,0.0,0.0,0.0,0.01245916,0.03067444,7824.240385,64.79926421,27.404986,3.558897,98.756201,9.854906,1.0707309,98.863938,1.0,813.935922
11/03/2018,411.69490617,0.96127819,0.0,0.0,0.0,0.54271702,0.0,0.13705205,66.31227617,79.64379179,0.0,0.0,0.0,0.0,0.0,0.0,0.0,0.01474768,0.0285092,7707.093541,68.0437438,29.781711,0.0,98.631462,36.371644,0.95282389,99.150241,1.0,767.189995
11/10/2018,386.86581931,0.95709513,0.0,0.0,0.0,0.51594789,0.0,0.12404577,66.29514164,79.53105551,0.0,0.0,0.0,0.0,0.0,0.0,0.0,0.02036341,0.01751626,7899.282355,69.24199513,38.397617,0.0,98.513246,7.778238,0.96496722,99.172617,1.0,765.774209
11/17/2018,368.83462163,0.95680486,0.0,0.0,0.0,0.49846845,0.0,0.11307513,66.21987447,79.34603841,0.0,0.0,0.0,0.0,0.0,0.0,0.0,0.01555701,0.01149478,7733.028226,70.07712503,29.607766,0.009354,98.995609,0.0,1.04372745,99.400759,1.0,851.458829
11/24/2018,355.8553527,0.95678674,0.0,0.0,0.0,0.4870549,0.0,0.10883383,66.24861123,79.29133351,0.0,0.0,0.0,0.0,0.0,1.0,0.0,0.02180587,0.01641372,8034.113846,63.59455275,38.72684,0.0,99.202742,2.314725,1.41521458,99.523246,1.0,1100.905
12/01/2018,360.78248853,0.96053954,0.0,0.0,0.0,0.48508793,0.0,0.11041636,66.04520647,79.2854373,0.0,0.0,0.0,0.0,0.0,0.0,0.0,0.0161195,0.01746517,7927.262355,71.64955476,32.683867,1.789128,98.561148,2.507284,0.97831611,99.087173,1.0,766.77779
12/08/2018,442.31521971,0.97724892,0.0,0.0,0.0,0.51561676,0.0,0.12294971,65.90093694,79.3311061,0.0,0.0,0.0,0.0,0.0,0.0,0.0,0.02358592,0.01318695,7918.770277,67.36313031,41.186799,0.0,98.321838,8.490496,1.013831,98.978791,1.0,790.377407
12/15/2018,493.82972564,0.97781142,0.0,0.0,0.0,0.53412591,0.0,0.13229159,65.89587967,79.24903689,0.0,0.0,0.0,0.0,0.0,0.0,0.0,0.02214529,0.0175287,7947.867059,68.9783319,39.682404,0.08749,98.440458,3.899887,1.10073872,99.389744,1.0,824.516924
12/22/2018,527.84574066,0.97781992,0.0,0.0,0.0,0.54534772,0.0,0.13665422,65.88269682,79.37540818,1.0,0.0,0.0,0.0,0.0,0.0,0.0,0.03337008,0.02001992,7862.986021,70.1091976,53.070775,0.052729,98.601626,0.0,1.40363868,99.586319,1.0,1012.214812
12/29/2018,550.81027248,0.9778202,0.0,0.0,0.0,0.55215132,0.0,0.12801459,65.92605523,79.15393326,0.0,0.0,0.0,0.0,0.0,0.0,0.0,0.03041113,0.02098228,7281.522547,65.77696003,55.188987,0.0,99.058449,13.334832,1.03902107,99.643665,1.0,936.015565
01/05/2019,559.33437235,0.9785107,0.0,0.0,0.0,0.49907646,0.0,0.11257334,65.92078296,78.89024965,0.0,0.0,0.0,0.0,1.0,0.0,0.0,0.03210005,0.05131285,9033.358569,66.61559467,59.630892,30.984155,99.088484,14.178413,0.95309659,99.554905,1.0,767.680204
01/12/2019,577.08583046,0.97326654,0.0,0.0,0.0,0.46645281,0.07298797,0.12039237,66.04489767,78.55343038,0.0,0.0,0.0,0.0,0.0,0.0,0.0,0.03765644,0.08003578,8894.626424,62.2734609,58.63844429,26.55784714,98.547599,13.53258971,0.95025386,99.058292,1.0,738.562561
01/19/2019,600.8149102,0.96644784,0.0,0.0,0.0,0.44810798,0.1175284,0.14379958,66.25552335,78.21827833,0.0,0.0,0.0,0.0,0.0,0.0,0.0,0.0286309,0.08248532,7916.610788,60.68105504,57.64599657,22.13153929,97.504721,12.88676643,0.94741114,98.577565,1.0,799.705112
01/26/2019,628.2337148,0.95779509,0.0,0.0,0.0,0.43961368,0.54805682,0.15279208,66.48831124,77.69442286,0.0,0.0,0.0,0.0,0.0,0.0,0.0,0.02553107,0.12017659,8100.022264,61.63271984,56.65354886,17.70523143,98.674003,12.24094314,0.94456842,98.282523,1.0,873.519527
02/02/2019,657.7927584,0.9467749,0.0,0.0,0.95021293,0.43782083,0.27441184,0.15702299,66.50986484,77.59042578,0.0,0.0,0.0,0.0,0.0,0.0,0.0,0.03158982,0.08460235,8526.564825,58.28733609,55.66110114,13.27892357,98.690033,11.59511986,0.94172569,98.948399,1.0,982.499787
02/09/2019,688.47048951,0.93266063,0.0,0.0,0.3495638,0.44051013,0.18388767,0.15968085,66.5423935,77.31710618,0.0,0.0,0.0,0.0,0.0,0.0,0.0,0.02154332,0.0742288,8808.520013,60.72340916,54.66865343,8.85261571,98.772223,10.94929657,0.93888297,98.78417,1.0,881.100801
02/16/2019,719.60721505,0.91445489,0.0,0.0,0.12859734,0.44613214,0.17348115,0.1618173,66.45818687,77.01697815,0.0,0.0,0.0,0.0,0.0,0.0,1.0,0.01699091,0.05585685,8153.50876,63.66895738,53.67620571,4.42630786,98.979147,10.30347329,0.93604024,99.290511,1.0,894.917765
02/23/2019,750.78518405,0.8907606,0.0,0.0,0.04730832,0.45361562,0.13992867,0.16377867,66.49433247,76.76497008,0.0,0.0,0.0,0.0,0.0,0.0,0.0,0.02135642,0.04464202,8574.013574,68.49407853,52.683758,0.0,98.488198,9.65765,0.93319752,99.292969,1.0,770.149478
03/02/2019,770.93095639,0.91861471,0.0,0.0,0.01740376,0.50044666,0.12192714,0.16567884,66.4346055,77.02741608,0.0,0.0,0.0,0.0,0.0,0.0,0.0,0.0179109,0.05106853,8365.171688,65.18198313,57.205016,0.0,96.478353,0.0,0.96740707,98.901617,1.0,821.635604
03/09/2019,781.92085155,0.96770782,0.0,0.0,0.00640248,0.61467979,0.12355427,0.16755524,66.32199574,76.87897425,0.0,0.0,0.0,0.0,0.0,0.0,0.0,0.02501251,0.03641826,8447.379675,64.03799949,48.285592,0.0,98.444119,0.0,0.96432712,99.301708,1.0,780.749771
03/16/2019,789.55287603,0.96764147,0.0,0.0,0.00235534,0.67085325,0.12127047,0.16309913,66.24594764,76.82246831,0.0,0.0,0.0,0.0,0.0,0.0,0.0,0.02294055,0.03300369,8048.722409,66.06497218,42.306128,0.0,98.426647,0.33292,0.93522862,99.207146,1.0,778.851119
03/23/2019,794.86615126,0.96763831,0.0,0.0,0.00086648,0.69847622,0.07384108,0.14562151,66.25307437,77.04084518,0.0,0.0,0.0,0.0,0.0,0.0,0.0,0.03873317,0.03240197,8072.88893,62.49892769,43.481231,0.0,98.251614,1.655154,0.92930145,99.092481,1.0,764.71416
03/30/2019,798.57139624,0.96763816,0.0,0.0,0.00031876,0.71205965,0.02716462,0.1401028,66.14975924,77.73581551,0.0,0.0,0.0,0.0,0.0,0.0,0.0,0.02302574,0.03069363,8027.345102,66.74584768,40.739619,0.0,98.142561,3.291904,1.02624074,99.232231,1.0,764.363091
04/06/2019,687.29172477,0.86935077,0.0,0.0,0.00011727,0.59292882,0.0099933,0.1321003,66.18115386,77.80802571,0.0,0.0,0.0,0.0,0.0,0.0,0.0,0.02837369,0.01988649,7285.416563,66.32450669,39.28527,0.0,98.505262,0.0,0.92768797,99.259937,1.0,760.794584
04/13/2019,579.51941202,0.82719869,0.0,0.0,4.314e-05,0.47688253,0.00367633,0.12286166,66.07326314,78.27871757,0.0,0.0,0.0,0.0,0.0,0.0,0.0,0.0363334,0.01603212,7926.607736,65.59477527,32.813742,0.411315,98.269278,5.755101,1.01223457,99.015483,1.0,768.135922
04/20/2019,495.34920144,0.8178994,0.0,0.0,1.587e-05,0.38904265,0.00135245,0.123849,66.02734077,78.60397522,0.0,0.0,0.0,0.0,0.0,0.0,0.0,0.02298367,0.02197676,7473.987801,67.43695344,26.420902,0.0,98.614571,43.810265,0.96685995,99.406104,1.0,866.49945
04/27/2019,430.25787243,0.81574061,0.0,0.0,5.84e-06,0.32255328,0.00049754,0.11499972,65.99465262,78.67821989,0.0,0.0,0.0,0.0,0.0,0.0,0.0,0.0182268,0.03567282,9028.956721,70.9044341,23.817022,0.0,98.413965,1.33154,0.93679733,99.228933,1.0,738.031944
05/04/2019,375.38424625,0.88275306,0.0,0.0,2.15e-06,0.36129756,0.00018303,0.1280662,65.93248145,78.09318685,0.0,0.0,0.0,0.0,0.0,0.0,0.0,0.01884895,0.03309555,7939.801642,67.40202186,41.902905,0.0,98.632308,0.0,0.88955447,99.371384,1.0,738.804429
05/11/2019,329.37850955,0.90389186,0.0,0.0,7.9e-07,0.37298117,6.733e-05,0.14154189,65.83846428,78.10031178,0.0,0.0,0.0,0.0,0.0,0.0,0.0,0.0152751,0.07789888,8040.66673,70.61474151,46.597049,0.0,98.448606,7.473375,0.92318998,99.316804,1.0,818.137502
05/18/2019,294.44746623,0.9065442,0.0,0.0,2.9e-07,0.3809205,2.477e-05,0.14872273,65.87221961,77.75792733,0.0,0.0,0.0,0.0,0.0,0.0,0.0,0.01636674,0.0671404,8354.65442,73.78088233,53.674024,0.506311,98.626629,0.325422,0.89987182,99.174684,1.0,736.767305
05/25/2019,268.25661651,0.906877,0.0,0.0,1.1e-07,0.38631549,9.11e-06,0.14903102,65.83185596,77.70471687,0.0,0.0,0.0,0.0,0.0,0.0,0.0,0.01972114,0.05567267,7946.06155,68.36892872,48.407096,0.0,98.39576,31.249338,0.94375755,99.37416,1.0,817.266704
06/01/2019,245.02744754,0.91698209,0.0,0.0,4e-08,0.40776508,3.35e-06,0.13456593,65.85524909,77.70497254,0.0,0.0,0.0,0.0,0.0,0.0,0.0,0.012307,0.05577235,8167.473964,68.73882758,46.725799,0.0,98.511891,0.0,0.88314619,99.235246,1.0,764.933557
