Period,TAS_SPD__APL_0.85|0.6|0,DEP_ALL__PVAL_3|3,LTV_30B_17__PVAL_3|5,LTV_30B_18__PVAL_4|5,LTV_30B_19__PVAL_4|5,MAS_SPD__PVAL_5|3,SUP_VID__PVAL_3|5,IRI_pctTD__PVAL_5|3#LAG_2,IRI_BAS_PRC_1500ML__RA_5,IRI_BAS_PRC_750ML__RA_5,HOL_CHR_NEW,HOL_LAB,HOL_MEM,HOL_MOT,HOL_NWY,HOL_THK,HOL_VAT,IRI_BAV_1500ML,IRI_BAV_750ML,IRI_TRD_DESEA,IRI_WBR,IRI_pctAT,IRI_pctFD,IRI_pctTA,IRI_pctTF,SEA_IRI_CORE_1,WBR_TRD,Intercept,IRI_EVO
06/11/2016,211.95317422,0.40113746,0.0,0.0,0.0,0.93705535,0.0,0.0,25.37492501,0.0,0.0,0.0,0.0,0.0,0.0,0.0,0.0,0.0,0.0,10.39950453,0.0,0.0,0.0,68.523681,0.0,0.6308508,0.0,1.0,1.106693
06/18/2016,306.5793944,0.58822581,0.0,0.0,0.0,0.98299106,0.0,0.0,38.03501359,22.37059703,0.0,0.0,0.0,0.0,0.0,0.0,0.0,0.0,0.0,11.6479753,0.0,0.0,0.0,0.0,0.0,0.62579333,72.519961,1.0,0.0
06/25/2016,373.63982072,0.67548281,0.0,0.0,0.0,0.98524289,0.0,0.0,46.47029589,36.69706665,0.0,0.0,0.0,0.0,0.0,0.0,0.0,0.0,0.0,5.93840225,0.0,0.0,0.0,0.0,0.0,0.61421028,68.725914,1.0,0.0
07/02/2016,439.14022634,0.70454921,0.0,0.0,0.0,0.97515049,0.0,0.0,47.33751571,55.45704102,0.0,0.0,0.0,0.0,0.0,0.0,0.0,0.00290714,0.0,3.66878791,71.48985756,0.0,0.0,86.825212,0.0,0.67797563,89.207699,1.0,99.644359
07/09/2016,522.19617272,0.68894915,0.0,0.0,0.0,0.90368609,0.0,0.0,63.41183803,74.93382241,0.0,0.0,0.0,0.0,0.0,0.0,0.0,0.00708858,0.0,1927.476864,105.7469959,0.0,0.0,99.166561,9.868218,0.86574154,99.94112,1.0,718.31876
07/16/2016,586.38536235,0.68057536,0.0,0.0,0.0,0.88140194,0.0,0.03697653,79.42748072,94.56209409,0.0,0.0,0.0,0.0,0.0,0.0,0.0,0.00533271,0.01608419,9428.958402,105.6560945,21.626898,0.0,99.196565,14.252487,0.8659342,99.967012,1.0,733.478718
07/23/2016,637.4611807,0.67608049,0.0,0.0,0.0,0.87445326,0.0,0.08483494,80.22255434,95.64065021,0.0,0.0,0.0,0.0,0.0,0.0,0.0,0.00162683,0.00062996,9631.542537,119.078148,12.344058,0.0,99.319907,0.0,0.83271264,99.965136,1.0,613.7036
07/30/2016,678.81746728,0.67366773,0.0,0.0,0.0,0.87228651,0.0,0.29036763,80.15880075,95.77022444,0.0,0.0,0.0,0.0,0.0,0.0,0.0,0.01572935,0.00232302,9054.702703,104.5902593,22.441275,1.114759,99.270811,22.086996,0.84957401,99.954742,1.0,673.836545
08/06/2016,645.19498872,0.70676696,0.0,0.0,0.0,0.88128241,0.0,0.28674425,80.05301137,95.93488366,0.0,0.0,0.0,0.0,0.0,0.0,0.0,0.00240194,0.0069718,9068.684432,112.0051348,9.48775,0.715161,99.257395,7.35124,0.86070012,99.962629,1.0,649.597043
08/13/2016,603.58393891,0.7277481,0.0,0.0,0.0,0.88538213,0.0,0.39099407,79.7260775,95.04261312,0.0,0.0,0.0,0.0,0.0,0.0,0.0,0.00226864,0.00614971,8974.887942,110.9797298,14.337581,0.0,99.089671,0.517816,0.85414422,99.970846,1.0,615.386644
08/20/2016,566.64924278,0.73764342,0.0,0.0,0.0,0.88654889,0.0,0.43983588,79.37282934,93.94867446,0.0,0.0,0.0,0.0,0.0,0.0,0.0,0.00363132,0.00615408,8928.149067,123.0349998,13.173662,0.0,99.216403,0.423053,0.89199187,99.966213,1.0,610.639578
08/27/2016,533.944156,0.74231035,0.0,0.0,0.0,0.88688094,0.0,0.52261951,78.89492636,93.40004144,0.0,0.0,0.0,0.0,0.0,0.0,0.0,0.04152017,0.04286149,8824.815537,109.5952558,60.8918,0.0,99.118038,0.0,0.86448365,99.964994,1.0,664.761446
09/03/2016,504.29293195,0.7427677,0.0,0.0,0.0,0.91811497,0.0,0.59276102,78.49297849,92.90822181,0.0,0.0,0.0,0.0,0.0,0.0,0.0,0.04876438,0.04897756,8757.530308,102.3875864,74.088201,0.0,99.30488,0.366261,0.9099631,99.967193,1.0,717.057137
09/10/2016,477.08727311,0.7406434,0.0,0.0,0.0,0.95090852,0.0,0.57532177,78.01919424,92.4577532,0.0,1.0,0.0,0.0,0.0,0.0,0.0,0.06621914,0.05093739,8867.649276,98.23997477,81.497126,0.0,99.179457,0.461687,0.86470053,99.950348,1.0,685.433106
09/17/2016,453.12208283,0.73962549,0.0,0.0,0.0,0.95530818,0.0,0.67419036,77.83554221,92.36734957,0.0,0.0,0.0,0.0,0.0,0.0,0.0,0.08622775,0.07022388,8387.197325,89.99504878,81.527905,0.481839,99.223175,16.428864,0.9364808,99.963827,1.0,738.38401
09/24/2016,432.06678423,0.73913774,0.0,0.0,0.0,0.95589845,0.0,0.67846065,77.22035445,91.45335626,0.0,0.0,0.0,0.0,0.0,0.0,0.0,0.07708757,0.0715426,8664.058001,91.71603876,83.326039,0.0,99.295815,3.366732,0.92856852,99.967835,1.0,756.238433
10/01/2016,425.91629808,0.74218755,0.0,0.0,0.0,0.95365655,0.0,0.69792467,76.6913755,90.55350225,0.0,0.0,0.0,0.0,0.0,0.0,0.0,0.08547551,0.07831644,8648.783477,89.57953332,80.52709,0.0,99.305779,18.443289,0.94566553,99.965495,1.0,785.457182
10/08/2016,490.53248388,0.762377,0.0,0.0,0.0,0.93649093,0.0,0.73451416,75.74475156,89.41321254,0.0,0.0,0.0,0.0,0.0,0.0,0.0,0.05348956,0.02732482,8658.524588,86.94750218,78.010321,0.0,99.388477,0.0,0.95652842,99.961472,1.0,798.059247
10/15/2016,541.27727983,0.77123109,0.0,0.0,0.0,0.93319107,0.0,0.70003184,74.56863427,88.13203545,0.0,0.0,0.0,0.0,0.0,0.0,0.0,0.0468456,0.02392566,8647.708931,86.98510181,72.122699,0.565751,99.341452,2.772025,0.95551983,99.966011,1.0,815.422497
10/22/2016,582.0333716,0.77511405,0.0,0.0,0.0,0.93255671,0.0,0.67414288,73.30042965,86.75827508,0.0,0.0,0.0,0.0,0.0,0.0,0.0,0.02398087,0.00967044,8534.685361,86.14637041,57.987865,0.0,99.324835,0.0,0.9698963,99.967069,1.0,819.470936
10/29/2016,615.23366207,0.77681692,0.0,0.0,0.0,0.93243476,0.0,0.72833533,72.37448418,86.01512999,0.0,0.0,0.0,0.0,0.0,0.0,0.0,0.01541453,0.00779111,8632.089573,83.46660358,51.509601,0.0,99.254134,16.462788,1.0169713,99.968165,1.0,844.823747
11/05/2016,600.14890721,0.75977272,0.0,0.0,0.0,0.96815919,0.0,0.70192624,71.49389616,85.38066836,0.0,0.0,0.0,0.0,0.0,0.0,0.0,0.01234875,0.01083784,8301.106248,83.97027895,48.547817,0.0,99.209319,2.05474,0.99935479,99.965229,1.0,873.505638
11/12/2016,569.33631916,0.74393917,0.0,0.0,0.0,0.9788313,0.0,0.73446342,70.90297695,84.87557201,0.0,0.0,0.0,0.0,0.0,0.0,0.0,0.01645833,0.02241298,8484.4937,84.10773629,50.566728,0.0,99.220424,0.0,1.02793783,99.970786,1.0,893.819763
11/19/2016,542.24387931,0.73620559,0.0,0.0,0.0,0.97954653,0.0,0.74657912,70.55154309,84.58865575,0.0,0.0,0.0,0.0,0.0,0.0,0.0,0.02268723,0.02301326,8478.465224,91.11603752,49.248955,0.0,99.318197,0.0,1.12809777,99.973847,1.0,1053.497395
11/26/2016,518.48515483,0.73242827,0.0,0.0,0.0,0.97959446,0.0,0.7080477,70.25516512,84.32231088,0.0,0.0,0.0,0.0,0.0,1.0,0.0,0.02252088,0.02463293,8629.44843,81.45607146,46.681977,0.219699,99.198939,2.118353,1.30140678,99.969178,1.0,1267.14921
12/03/2016,502.50398134,0.75315929,0.0,0.0,0.0,0.98386271,0.0,0.74120872,70.08765143,84.22662709,0.0,0.0,0.0,0.0,0.0,0.0,0.0,0.0184362,0.02205595,8664.04973,87.24026941,37.48998,0.0,99.201237,0.0,0.99283017,99.964614,1.0,904.877074
12/10/2016,495.1193711,0.78860103,0.0,0.0,0.0,0.98836143,0.0,0.71951288,69.92764863,84.04923526,0.0,0.0,0.0,0.0,0.0,0.0,0.0,0.04184994,0.02642019,8305.610803,82.41634339,49.204262,3.908093,99.159785,16.476946,1.15786151,99.972512,1.0,1064.239536
12/17/2016,488.78423927,0.80271447,0.0,0.0,0.0,0.98853586,0.0,0.72293501,69.80098579,83.84677701,0.0,0.0,0.0,0.0,0.0,0.0,0.0,0.03140572,0.0199606,8450.930353,84.40362831,48.2054,0.665047,99.149465,1.909084,1.15730779,99.974359,1.0,1133.281209
12/24/2016,483.35602687,0.80833466,0.0,0.0,0.0,0.98854263,0.0,0.71363749,69.5420507,83.53413968,1.0,0.0,0.0,0.0,0.0,0.0,0.0,0.02226871,0.01047353,8770.512151,77.96965725,42.604373,0.0,99.427677,0.0,1.48029234,99.98109,1.0,1542.819891
12/31/2016,478.70989321,0.8105727,0.0,0.0,0.0,0.98854289,0.0,0.71672099,69.36323759,83.18634913,0.0,0.0,0.0,0.0,0.0,0.0,0.0,0.01934252,0.00691533,9125.028715,78.05487656,44.868009,0.0,99.971615,0.0,1.09881552,99.971615,1.0,1065.12888
01/07/2017,538.22708615,0.76406477,0.0,0.0,0.0,0.83335377,0.0,0.70601601,69.19796686,82.93273015,0.0,0.0,0.0,0.0,1.0,0.0,0.0,0.01223612,0.0089016,8498.509155,75.47007152,39.028444,6.112645,99.938108,49.298585,0.99970188,99.951368,1.0,994.014408
01/14/2017,589.64253896,0.74126824,0.0,0.0,0.0,0.7405302,0.0,0.76101009,68.92643084,82.73096548,0.0,0.0,0.0,0.0,0.0,0.0,0.0,0.0227963,0.01075903,8868.488197,78.07848885,36.40030929,5.23941,99.267031,42.25593,1.01044984,99.976358,1.0,946.945915
01/21/2017,634.98888639,0.73032052,0.0,0.0,0.0,0.68056301,1.55e-06,0.72718827,68.85374525,82.55708154,0.0,0.0,0.0,0.0,0.0,0.0,0.0,0.02566514,0.01056731,8146.786887,77.90629216,33.77217457,4.366175,99.141659,35.213275,1.02119781,99.978026,1.0,961.692683
01/28/2017,675.62965136,0.72528413,0.0,0.0,0.0,0.63792164,0.07617578,0.71962863,69.01257328,82.46886537,0.0,0.0,0.0,0.0,0.0,0.0,0.0,0.02807713,0.01456967,8165.126139,66.41740863,31.14403986,3.49294,99.320899,28.17062,1.03194578,99.976362,1.0,1097.91543
02/04/2017,712.53405503,0.72319163,1360479602.0817664,0.0,0.0,0.6042531,0.1922171,0.72568672,69.00453607,82.35669872,0.0,0.0,0.0,0.0,0.0,0.0,0.0,0.0245717,0.00923312,8581.48233,71.77449216,28.51590514,2.619705,99.335145,21.127965,1.04269375,99.971795,1.0,1055.565365
02/11/2017,746.41901512,0.72256216,458971109.77098125,0.0,0.0,0.57494845,0.43887391,0.73805092,69.13710981,82.31393805,0.0,0.0,0.0,0.0,0.0,0.0,0.0,0.01717126,0.00529975,8565.849009,74.28116178,25.88777043,1.74647,99.112235,14.08531,1.05344172,99.974254,1.0,1020.190076
02/18/2017,777.83021421,0.72265782,153468595.5291693,0.0,0.0,0.54737932,0.18040579,0.75274313,69.15546294,82.02556395,0.0,0.0,0.0,0.0,0.0,0.0,1.0,0.01772624,0.01492765,8829.090367,70.35348216,23.25963571,0.873235,99.442317,7.042655,1.06418969,99.97739,1.0,1067.300706
02/25/2017,807.19193699,0.72311145,50763159.05681301,0.0,0.0,0.51997618,0.07325203,0.76774868,68.9382419,81.82194641,0.0,0.0,0.0,0.0,0.0,0.0,0.0,0.01548472,0.00111877,8533.716702,74.33531731,20.631501,0.0,99.208458,0.0,1.07493766,99.974157,1.0,946.900693
03/04/2017,816.53092734,0.76601864,26491541.49041113,0.0,0.0,0.50546667,0.0339209,0.78214263,68.68323734,81.60153706,0.0,0.0,0.0,0.0,0.0,0.0,0.0,0.0203253,0.00446083,8462.017109,74.11084611,41.888141,0.0,99.391263,0.0,1.10067036,99.972315,1.0,993.312215
03/11/2017,813.06242041,0.80943596,12027608.44317822,0.0,0.0,0.49861852,0.01788607,0.79556802,68.48518503,81.54073805,0.0,0.0,0.0,0.0,0.0,0.0,0.0,0.01819301,0.00120982,8728.351356,73.8079892,44.394058,0.0,99.072028,0.0,1.08525025,99.972543,1.0,1020.90466
03/18/2017,810.10641537,0.82540829,4424709.87270528,0.0,0.0,0.49420839,0.0123559,0.78978741,68.19148945,81.41467043,0.0,0.0,0.0,0.0,0.0,0.0,0.0,0.01303549,0.00143152,8884.258733,72.93456282,35.153861,0.0,99.20459,0.0,1.06714521,99.978056,1.0,950.060575
03/25/2017,807.58814593,0.83128419,1627759.79531667,0.0,0.0,0.49136833,0.01499772,0.78269091,68.327553,82.00400104,0.0,0.0,0.0,0.0,0.0,0.0,0.0,0.01210775,0.00552597,8774.831273,73.60293143,32.220517,0.0,99.374904,0.0,1.08546051,99.974928,1.0,966.037969
04/01/2017,796.7333649,0.82138591,592727.25208827,0.0,0.0,0.49834733,0.00781512,0.7874424,68.54558668,82.51612802,0.0,0.0,0.0,0.0,0.0,0.0,0.0,0.02559953,0.00723563,8668.387184,74.22111611,30.51054,0.0,99.455288,13.622728,1.10783479,99.974787,1.0,1000.662137
04/08/2017,733.31593781,0.7223681,125634.63318414,0.0,0.0,0.55207278,0.00287502,0.78796161,68.71987362,82.90463011,0.0,0.0,0.0,0.0,0.0,0.0,0.0,0.00978119,0.00870753,8447.03074,86.41173249,32.488184,0.0,99.228051,0.0,1.03191239,99.97414,1.0,900.52085
04/15/2017,676.38543599,0.66294711,46218.39864754,0.0,0.0,0.58270248,0.00105766,0.77905028,68.86846513,83.20515232,0.0,0.0,0.0,0.0,0.0,0.0,0.0,0.00951752,0.00569794,8747.585647,87.54322892,32.767965,0.0,98.850808,0.0,1.08450233,99.978647,1.0,1009.798246
04/22/2017,625.3548035,0.62728832,17002.79866634,0.0,0.0,0.60016495,0.00038909,0.74213921,68.8692097,83.26325718,0.0,0.0,0.0,0.0,0.0,0.0,0.0,0.00565312,0.00514752,9433.822916,82.0092395,27.021739,0.0,99.249742,0.0,1.05546227,99.975358,1.0,875.595512
04/29/2017,579.68848035,0.60588934,6254.9800717,0.0,0.0,0.61012057,0.00014314,0.70726328,68.7156958,82.89555114,0.0,0.0,0.0,0.0,0.0,0.0,0.0,0.00519035,0.00605726,8266.648306,88.36625169,28.413171,0.0,99.181298,0.0,1.00507298,99.978098,1.0,875.65587
05/06/2017,544.21902864,0.6291207,5051.58997856,0.0,0.0,0.6832393,5.266e-05,0.70384384,68.49819884,82.66338361,0.0,0.0,0.0,0.0,0.0,0.0,0.0,0.01771149,0.02118438,8996.932443,85.22238014,57.11317,0.0,99.389424,0.0,1.01569178,99.980899,1.0,919.440975
05/13/2017,513.73080306,0.64732443,2063.29185006,0.0,0.0,0.72654809,1.937e-05,0.69358003,68.4027591,82.50911634,0.0,0.0,0.0,0.0,0.0,0.0,0.0,0.0210618,0.02800022,9028.157159,84.50069018,49.916401,3.827712,99.320198,15.40565,1.05274989,99.979303,1.0,949.45314
05/20/2017,486.83429991,0.6571274,759.04265296,0.0,0.0,0.74626039,7.13e-06,0.6851169,68.24451362,82.32546432,0.0,0.0,0.0,1.0,0.0,0.0,0.0,0.01450883,0.0209465,9125.768201,85.3327338,42.454096,0.0,99.398279,0.0,1.02065703,99.978476,1.0,909.542686
05/27/2017,463.16819186,0.66240644,279.23618691,0.0,0.0,0.75523257,2.62e-06,0.64532008,68.32872717,82.58508307,0.0,0.0,0.0,0.0,0.0,0.0,0.0,0.01807245,0.0175931,8974.31013,86.92483396,42.800676,0.0,99.107265,0.0,1.04029257,99.980992,1.0,944.40286
06/03/2017,437.41196696,0.6834468,119.62158532,0.0,0.0,0.76076914,9.6e-07,0.67027763,68.1990599,82.63188863,0.0,0.0,1.0,0.0,0.0,0.0,0.0,0.02457825,0.01521646,9078.364919,81.99116392,39.630443,0.166962,99.37003,15.283349,0.97830981,99.970632,1.0,886.371486
06/10/2017,407.74109171,0.71612584,52.49488721,0.0,0.0,0.76517734,3.5e-07,0.66029606,68.1853318,82.58906312,0.0,0.0,0.0,0.0,0.0,0.0,0.0,0.01553365,0.01872926,13409.38307,81.8150868,39.715125,0.0,99.191149,0.0,0.6308508,99.97789,1.0,899.917129
06/17/2017,381.33991303,0.73157216,19.31179007,0.0,0.0,0.76715562,1.3e-07,0.6532073,68.14682811,82.55663678,0.0,0.0,0.0,0.0,0.0,0.0,0.0,0.00682774,0.01010246,13384.59652,89.39344773,36.05601,0.0,99.295345,0.0,0.62579333,99.97918,1.0,895.364315
06/24/2017,357.90136755,0.73887315,7.10441066,0.0,0.0,0.76804341,5e-08,0.64080711,68.21418363,82.62805578,0.0,0.0,0.0,0.0,0.0,0.0,0.0,0.00733635,0.01390331,13391.69883,84.26473437,28.866551,0.0,98.938431,0.0,0.61421028,99.978624,1.0,880.825366
07/01/2017,338.94553327,0.74006888,2.54255655,0.0,0.0,0.7671757,2e-08,0.65088024,68.12184118,82.33580785,0.0,0.0,0.0,0.0,0.0,0.0,0.0,0.00518067,0.01279961,13456.66859,88.51650135,29.548162,0.0,99.030497,1.489272,0.67797563,99.978633,1.0,892.257226
07/08/2017,333.30035415,0.72671778,0.78558503,0.0,0.0,0.75902749,1e-08,0.62195925,68.25191871,82.40850968,0.0,0.0,0.0,0.0,0.0,0.0,0.0,0.00955702,0.00720092,12331.07488,86.38107871,25.698807,0.0,99.353266,0.0,0.86574154,99.967471,1.0,888.39075
07/15/2017,328.4513588,0.72001023,0.28900062,0.0,0.0,0.75522853,0.0,0.63105787,68.35060491,82.51641299,0.0,0.0,0.0,0.0,0.0,0.0,0.0,0.00457558,0.01070662,8425.716681,84.20009424,5.642914,0.0,99.069265,16.732074,0.8659342,99.974782,1.0,903.590029
07/22/2017,324.29187972,0.71664037,0.10631719,0.0,0.0,0.75345733,0.0,0.64642425,68.34948575,82.55312136,0.0,0.0,0.0,0.0,0.0,0.0,0.0,0.00299033,0.00485264,8613.830742,82.74312176,8.816384,0.0,99.121804,0.0,0.83271264,99.967146,1.0,868.047412
07/29/2017,320.72815765,0.71494737,0.0391117,0.0,0.0,0.75263154,0.0,0.64548552,68.26444279,82.47729742,0.0,0.0,0.0,0.0,0.0,0.0,0.0,0.0026857,0.00163877,8590.545447,84.90969473,6.712185,1.114759,99.253116,0.0,0.84957401,99.975997,1.0,858.660682
08/05/2017,346.45448639,0.71704323,0.00494329,0.0,0.0,0.65161651,0.0,0.64462289,68.24560154,82.56318285,0.0,0.0,0.0,0.0,0.0,0.0,0.0,0.00231954,0.00078932,8558.994741,85.65675774,6.825161,0.715161,99.213784,1.537623,0.86070012,99.970103,1.0,894.04034
08/12/2017,378.0158838,0.71925108,0.00038209,0.0,0.0,0.52482437,0.0,0.65566122,68.22737884,82.46192823,0.0,0.0,0.0,0.0,0.0,0.0,0.0,0.0018487,0.00018968,8565.984549,84.83698453,4.437709,0.0,98.92897,16.362868,0.85414422,99.977312,1.0,919.207029
08/19/2017,403.51995799,0.72034433,0.00014057,0.0,0.0,0.42955605,0.0,0.64694626,68.10973014,82.34266862,0.0,0.0,0.0,0.0,0.0,0.0,0.0,0.01511567,0.00027832,8840.305026,77.28456449,8.101673,0.0,99.248981,16.367224,0.89199187,99.968153,1.0,1021.149362
08/26/2017,424.38096452,0.72088566,5.172e-05,0.0,0.0,0.35797391,0.0,0.62184428,67.99270079,82.36595867,0.0,0.0,0.0,0.0,0.0,0.0,0.0,0.0067413,0.00094207,9006.114975,78.03202438,18.036523,0.0,99.277666,11.428174,0.86448365,99.963151,1.0,908.913607
09/02/2017,429.41058267,0.7223177,8.806e-05,0.0,0.0,0.38808149,0.0,0.63984292,68.00338176,82.40212134,0.0,0.0,0.0,0.0,0.0,0.0,0.0,0.00566035,0.00027384,8774.468072,78.96222373,11.371395,0.0,99.155492,0.0,0.9099631,99.969449,1.0,962.390024
09/09/2017,402.36367347,0.72590523,9.808e-05,0.0,0.0,0.57061724,0.0,0.68690325,67.94646263,82.35763126,0.0,1.0,0.0,0.0,0.0,0.0,0.0,0.00473869,0.0001789,8731.816538,86.61639603,12.652436,0.0,99.007149,17.105942,0.86470053,99.963891,1.0,915.414263
09/16/2017,378.38279812,0.72765583,3.588e-05,0.0,0.0,0.65809783,0.0,0.58920037,67.82113596,82.40593268,0.0,0.0,0.0,0.0,0.0,0.0,0.0,0.01204372,0.00916404,9234.731255,77.16469334,11.709032,0.481839,99.164497,15.038351,0.9364808,99.960389,1.0,1001.496695
09/23/2017,357.17257378,0.72851006,1.316e-05,0.0,0.0,0.70002306,0.0,0.58951569,67.74353517,82.42918868,0.0,0.0,0.0,0.0,0.0,0.0,0.0,0.01192496,0.00047817,9028.656114,79.02952156,12.3435,0.0,99.210241,0.0,0.92856852,99.957708,1.0,984.680465
09/30/2017,338.46061862,0.7289269,4.78e-06,0.0,0.0,0.7201158,0.0,0.60869231,67.70483118,82.2940329,0.0,0.0,0.0,0.0,0.0,0.0,0.0,0.01859651,0.0016691,9046.424901,82.72581945,20.888358,0.0,99.236524,8.267179,0.94566553,99.964755,1.0,992.754225
10/07/2017,350.18090262,0.7528503,2.73e-06,0.0,0.0,0.76300742,0.0,0.62949861,67.54576895,82.33861727,0.0,0.0,0.0,0.0,0.0,0.0,0.0,0.01397504,0.00599815,9086.67656,82.46893926,20.825725,0.0,98.984889,2.938496,0.95652842,99.954933,1.0,1007.884714
10/14/2017,359.94118158,0.76350185,9.1e-07,0.0,0.0,0.78103335,0.0,0.6453377,67.42501485,82.31536793,0.0,0.0,0.0,0.0,0.0,0.0,0.0,0.01333447,0.00544544,9205.27282,80.89972448,24.563794,0.565751,99.079189,0.0,0.95551983,99.971763,1.0,990.963781
10/21/2017,368.1007009,0.7682443,0.0,0.0,0.0,0.78860905,0.0,0.64167507,67.35368234,82.22914238,0.0,0.0,0.0,0.0,0.0,0.0,0.0,0.02134286,0.00731619,9126.932287,75.1408433,36.297796,0.0,99.004891,14.866316,0.9698963,99.965495,1.0,1016.552626
10/28/2017,374.94261575,0.77035581,0.0,0.0,0.0,0.79179287,0.0,0.67614774,67.3143022,82.22326675,0.0,0.0,0.0,0.0,0.0,0.0,0.0,0.00877673,0.00530621,8871.893977,79.39353964,20.643183,0.0,99.196845,0.0,1.0169713,99.966068,1.0,1069.406697
11/04/2017,387.12368217,0.76284961,0.0,0.0,0.0,0.78064372,0.0,0.67321461,67.42175891,82.38752574,0.0,0.0,0.0,0.0,0.0,0.0,0.0,0.00756642,0.0038172,9288.298084,76.7670097,23.878093,0.0,99.089969,1.501785,0.99935479,99.974492,1.0,987.903373
11/11/2017,401.97535314,0.75274978,0.0,0.0,0.0,0.76559432,0.0,0.67520954,67.51812255,82.37093593,0.0,0.0,0.0,0.0,0.0,0.0,0.0,0.0080497,0.00204403,8954.223794,82.24151416,17.068056,0.0,99.094132,0.0,1.02793783,99.970694,1.0,1023.524761
11/18/2017,414.31727097,0.74795834,0.0,0.0,0.0,0.75858639,0.0,0.66072023,67.55274203,82.49849245,0.0,0.0,0.0,0.0,0.0,0.0,0.0,0.00745798,0.00122461,9147.562973,87.9616883,13.372547,0.0,99.137048,0.0,1.12809777,99.970363,1.0,1060.455961
11/25/2017,424.61825034,0.74568523,0.0,0.0,0.0,0.75532306,0.0,0.66081195,67.45650385,82.44188574,0.0,0.0,0.0,0.0,0.0,1.0,0.0,0.00833654,0.00167568,8717.422196,83.5683792,17.006453,0.219699,99.152368,0.0,1.30140678,99.982275,1.0,1264.58679
12/02/2017,425.59321702,0.75438666,0.0,0.0,0.0,0.7570509,0.0,0.6429143,67.36449956,82.37842626,0.0,0.0,0.0,0.0,0.0,0.0,0.0,0.00353877,0.0019878,8997.405321,87.34543145,12.854427,0.0,99.136315,9.723383,0.99283017,99.962704,1.0,969.45745
12/09/2017,406.90309793,0.7808297,0.0,0.0,0.0,0.76575158,0.0,0.65966955,67.14749838,82.24350544,0.0,0.0,0.0,0.0,0.0,0.0,0.0,0.01687554,0.01002006,9078.124344,80.95601236,26.809514,3.908093,99.01163,28.072618,1.15786151,99.96822,1.0,1167.554547
12/16/2017,390.55454019,0.79177212,0.0,0.0,0.0,0.76961917,0.0,0.64621833,67.01500187,82.16934034,0.0,0.0,0.0,0.0,0.0,0.0,0.0,0.00416222,0.00782199,8976.803375,84.69144082,25.983642,0.665047,98.929573,11.130771,1.15730779,99.971952,1.0,1143.748582
12/23/2017,376.29090035,0.79630022,0.0,0.0,0.0,0.77133838,0.0,0.60876695,66.94793631,82.12870204,1.0,0.0,0.0,0.0,0.0,0.0,0.0,0.00693084,0.0096933,9093.776723,87.56397509,31.367244,0.0,99.283987,0.0,1.48029234,99.989571,1.0,1493.678352
12/30/2017,363.87723927,0.79817399,0.0,0.0,0.0,0.77210259,0.0,0.58230829,66.98169311,82.25397282,0.0,0.0,0.0,0.0,0.0,0.0,0.0,0.00610811,0.00838658,9321.303336,83.11048502,33.43768,0.0,99.666336,0.557939,1.09881552,99.987816,1.0,1075.108206
01/06/2018,449.95391817,0.78548895,0.0,0.0,0.0,0.73832664,0.0,0.58516627,66.92050641,82.17208018,0.0,0.0,0.0,0.0,1.0,0.0,0.0,0.01456963,0.00679243,8839.171988,77.40476828,23.714063,6.112645,99.669919,23.185949,0.99970188,99.975206,1.0,965.183887
01/13/2018,527.40909455,0.77819868,0.0,0.0,0.0,0.75358727,0.0,0.615595,66.817927,82.00452038,0.0,0.0,0.0,0.0,0.0,0.0,0.0,0.02013133,0.00833374,8281.445851,73.099457,24.31062757,5.23941,99.287265,20.13251186,1.01044984,99.967817,1.0,1270.352655
01/20/2018,598.86388414,0.77322772,0.0,0.0,0.0,0.78840761,0.05374459,0.63700498,66.75976286,81.94605044,0.0,0.0,0.0,0.0,0.0,0.0,0.0,0.01966413,0.0025761,9868.056134,72.93754471,24.90719214,4.366175,99.310289,17.07907471,1.02119781,99.961893,1.0,1188.242192
01/27/2018,665.78439928,0.76924129,0.0,0.0,0.0,0.82535051,0.08554096,0.65738072,66.71891641,81.72106261,0.0,0.0,0.0,0.0,0.0,0.0,0.0,0.02938095,0.00520806,9059.207437,67.92963932,25.50375671,3.49294,99.179201,14.02563757,1.03194578,99.966645,1.0,1178.878338
02/03/2018,729.09217732,0.7656552,0.0,0.77686984,0.0,0.85721567,0.11919277,0.67643279,66.68570647,81.43808257,0.0,0.0,0.0,0.0,0.0,0.0,0.0,0.02089086,0.001332,8655.660277,71.28088702,26.10032129,2.619705,99.093355,10.97220043,1.04269375,99.969935,1.0,1201.778339
02/10/2018,789.41382329,0.7622113,0.0,0.28579444,0.0,0.88262786,0.10568472,0.69408204,66.71790085,81.49643303,0.0,0.0,0.0,0.0,0.0,0.0,0.0,0.01784614,0.00088058,8880.032072,74.53882941,26.69688586,1.74647,98.87889,7.91876329,1.05344172,99.963753,1.0,1088.854834
02/17/2018,847.20043665,0.75879407,0.0,0.1051379,0.0,0.90248744,0.09094477,0.71036426,66.74991775,81.58276171,0.0,0.0,0.0,0.0,0.0,0.0,1.0,0.01632476,0.00730606,8780.032104,70.71511208,27.29345043,0.873235,99.225895,4.86532614,1.06418969,99.976305,1.0,1178.708633
02/24/2018,902.79120534,0.7553508,0.0,0.03867807,0.0,0.91811983,0.07752697,0.72537087,66.70949669,81.62875085,0.0,0.0,0.0,0.0,0.0,0.0,0.0,0.01454556,-0.00077442,8758.129616,75.49772249,27.890015,0.0,98.770591,1.811889,1.07493766,99.967014,1.0,1062.470792
03/03/2018,928.58495911,0.77213071,0.0,0.01422887,0.0,0.88432498,0.06246622,0.73921426,66.57859641,81.81316735,0.0,0.0,0.0,0.0,0.0,0.0,0.0,0.01305622,0.00186532,8781.7553,76.10534253,29.224394,0.0,99.063227,0.0,1.10067036,99.966383,1.0,1078.402874
03/10/2018,923.81734866,0.80104713,0.0,0.00523451,0.0,0.78820709,0.04658808,0.75200905,66.45929932,82.02125021,0.0,0.0,0.0,0.0,0.0,0.0,0.0,0.00621641,0.00584779,8644.083746,77.03667222,26.932234,0.0,98.925643,0.0,1.08525025,99.977045,1.0,1057.291853
03/17/2018,919.75194608,0.81228578,0.0,0.00192567,0.0,0.73727624,0.04812063,0.75406229,66.49006632,82.08632847,0.0,0.0,0.0,0.0,0.0,0.0,0.0,0.00674248,0.00306851,8649.083324,75.96542609,23.323225,0.0,99.041023,2.126479,1.06714521,99.960646,1.0,1069.469401
03/24/2018,916.28691186,0.81665379,0.0,0.00070841,0.0,0.71028904,0.02274599,0.72845433,66.5236303,82.14175864,0.0,0.0,0.0,0.0,0.0,0.0,0.0,0.00825262,0.00277312,8775.95694,78.0613152,21.43617,0.0,98.862858,0.0,1.08546051,99.964527,1.0,1090.863716
03/31/2018,913.33475006,0.81835146,0.0,0.00026061,0.0,0.69598909,0.00836778,0.73602864,66.58966209,82.0581257,0.0,0.0,0.0,0.0,0.0,0.0,0.0,0.0042715,0.003441,8986.664083,83.12353751,13.054833,0.0,99.084913,0.64301,1.10783479,99.969189,1.0,1122.338858
04/07/2018,841.45519059,0.72953566,0.0,9.587e-05,0.0,0.80674921,0.00307833,0.75536651,66.71426655,81.99004611,0.0,0.0,0.0,0.0,0.0,0.0,0.0,0.00574503,0.00227378,9471.893796,80.92746823,9.946292,0.0,98.745991,10.545149,1.03191239,99.961322,1.0,1018.804093
04/14/2018,776.972355,0.67795128,0.0,3.527e-05,0.0,0.84314914,0.00113246,0.74370221,66.81965696,81.95530302,0.0,0.0,0.0,0.0,0.0,0.0,0.0,0.0049058,0.0107183,8813.467503,77.41908744,11.141101,0.0,98.957144,15.231538,1.08450233,99.965813,1.0,1058.251264
04/21/2018,719.21604047,0.64799097,0.0,1.298e-05,0.0,0.85511152,0.00041661,0.73596297,66.80854502,81.95170082,0.0,0.0,0.0,0.0,0.0,0.0,0.0,0.00547002,0.00217521,8479.31714,81.38011415,17.184301,0.0,98.909878,15.3005,1.05546227,99.959471,1.0,1008.824696
04/28/2018,667.57435946,0.63058997,0.0,4.77e-06,0.0,0.85904281,0.00015326,0.72435873,66.77417846,81.97816715,0.0,0.0,0.0,0.0,0.0,0.0,0.0,0.00467869,0.01074561,8523.348222,83.42447184,22.168753,0.0,98.816363,1.853987,1.00507298,99.966279,1.0,999.097465
05/05/2018,639.59690849,0.64679038,0.0,1.76e-06,0.0,0.82479782,5.638e-05,0.68565356,66.77793408,82.06236934,0.0,0.0,0.0,0.0,0.0,0.0,0.0,0.00539572,0.0074437,8788.833,79.01084224,18.725674,0.0,98.455179,11.933508,1.01569178,99.960536,1.0,998.330192
05/12/2018,622.49317616,0.66530425,0.0,6.5e-07,0.0,0.79271081,2.074e-05,0.70933147,66.79939263,82.15611007,0.0,0.0,0.0,0.0,0.0,0.0,0.0,0.0040138,0.00473236,8620.42966,84.55606278,9.068844,3.827712,98.994092,2.420827,1.05274989,99.968202,1.0,1019.553633
05/19/2018,607.70483674,0.67502831,0.0,2.4e-07,0.0,0.77822717,7.63e-06,0.69994663,66.74483178,82.23834903,0.0,0.0,0.0,1.0,0.0,0.0,0.0,0.00415889,0.00361172,8517.664348,80.68815053,8.961944,0.0,98.954325,11.734101,1.02065703,99.971433,1.0,991.917521
05/26/2018,594.94352276,0.6801357,0.0,9e-08,0.0,0.77168944,2.81e-06,0.72991221,66.7852797,82.30923672,0.0,0.0,0.0,0.0,0.0,0.0,0.0,0.00272414,0.00313649,8521.607173,89.63940344,6.092899,0.0,98.752035,11.109194,1.04029257,99.967324,1.0,962.165135
06/02/2018,584.37929616,0.69176242,0.0,3e-08,0.0,0.79454929,1.03e-06,0.72191819,66.87948667,82.37082046,0.0,0.0,1.0,0.0,0.0,0.0,0.0,0.00207093,0.00287704,8537.181916,81.43340169,8.29756,0.166962,98.694574,26.623916,0.97830981,99.967175,1.0,939.14665
06/09/2018,576.37895644,0.71855986,0.0,1e-08,0.0,0.85398584,3.8e-07,0.73850938,66.92770012,82.49281912,0.0,0.0,0.0,0.0,0.0,0.0,0.0,0.00246236,0.00237101,12997.16108,86.24670499,14.337939,0.0,98.693988,0.0,0.6308508,99.958209,1.0,928.320898
06/16/2018,569.5200091,0.73129385,0.0,0.0,0.0,0.87171618,1.4e-07,0.71564242,67.02008892,82.57390157,0.0,0.0,0.0,0.0,0.0,0.0,0.0,0.00076318,0.00073732,13020.69916,88.38593483,8.119122,0.0,98.466895,13.839079,0.62579333,99.973625,1.0,919.314745
06/23/2018,563.6463145,0.73734498,0.0,0.0,0.0,0.87700527,5e-08,0.70445065,67.10631791,82.56593995,0.0,0.0,0.0,0.0,0.0,0.0,0.0,0.00057,0.00151942,13019.30642,91.18765118,9.901254,0.0,98.540073,0.0,0.61421028,99.963095,1.0,900.265101
06/30/2018,558.62140431,0.74022044,0.0,0.0,0.0,0.87858304,2e-08,0.68251135,67.11800257,82.5706648,0.0,0.0,0.0,0.0,0.0,0.0,0.0,0.00216079,0.00472953,12956.60627,93.12382951,19.472396,0.0,98.780073,0.0,0.67797563,99.965976,1.0,974.095989
07/07/2018,542.41279209,0.7189292,0.0,0.0,0.0,0.75149194,1e-08,0.6826265,67.1223759,82.49192715,0.0,0.0,0.0,0.0,0.0,0.0,0.0,0.00310121,0.00297564,12158.39191,93.77424504,13.888958,0.0,98.425907,0.0,0.86574154,99.960884,1.0,903.772717
07/14/2018,528.37727716,0.70792461,0.0,0.0,0.0,0.67359391,0.0,0.62153485,67.14407149,82.38716582,0.0,0.0,0.0,0.0,0.0,0.0,0.0,0.00051198,0.0044475,8562.26857,91.19240736,15.469462,0.0,98.711626,0.202989,0.8659342,99.960126,1.0,873.972153
07/21/2018,516.24872342,0.70223679,0.0,0.0,0.0,0.62584782,0.0,0.63962477,67.15068019,82.2451339,0.0,0.0,0.0,0.0,0.0,0.0,0.0,0.00223682,0.02177632,8171.570374,86.5958632,15.981645,0.0,98.752641,15.904197,0.83271264,99.963163,1.0,932.953836
07/28/2018,505.78811415,0.69929698,0.0,0.0,0.0,0.59658278,0.0,0.5477219,67.16395754,82.22880381,0.0,0.0,0.0,0.0,0.0,0.0,0.0,0.00191762,0.01393775,8771.695504,89.0620884,17.204127,1.114759,98.652451,0.323414,0.84957401,99.962613,1.0,931.102301
08/04/2018,514.3720559,0.70226184,0.0,0.0,0.0,0.57787,0.0,0.59545936,67.16299821,82.08653609,0.0,0.0,0.0,0.0,0.0,0.0,0.0,0.00350268,0.01353735,8789.26448,87.80183192,27.968803,0.715161,98.332961,0.105186,0.86070012,99.950731,1.0,952.22572
08/11/2018,534.41027317,0.7070742,0.0,0.0,0.0,0.56578101,0.0,0.64045266,67.11761883,82.0257178,0.0,0.0,0.0,0.0,0.0,0.0,0.0,0.0028175,0.01271951,8876.071162,86.92353343,23.880778,0.0,98.690197,29.277347,0.85414422,99.954148,1.0,942.258569
08/18/2018,551.05672743,0.70949729,0.0,0.0,0.0,0.55834741,0.0,0.66440137,67.07168313,81.97664945,0.0,0.0,0.0,0.0,0.0,0.0,0.0,0.00272331,0.0079899,8648.48956,85.08143385,14.712899,0.0,98.4268,10.928006,0.89199187,99.944171,1.0,954.814135
08/25/2018,564.94687085,0.71071735,0.0,0.0,0.0,0.55377646,0.0,0.58628937,67.01510934,81.84471367,0.0,0.0,0.0,0.0,0.0,0.0,0.0,0.00330778,0.00702372,8586.013141,87.42611837,16.41071,0.0,98.659863,1.614171,0.86448365,99.934412,1.0,933.159537
09/01/2018,571.67296555,0.71155098,0.0,0.0,0.0,0.63982858,0.0,0.61318818,67.01050384,81.75122507,0.0,0.0,0.0,0.0,0.0,0.0,0.0,0.00400135,0.00220768,8884.945273,88.42443439,15.76158,0.0,98.288656,9.04782,0.9099631,99.939125,1.0,959.269012
09/08/2018,547.51866736,0.71328088,0.0,0.0,0.0,0.91538729,0.0,0.6415573,66.99205709,81.73689756,0.0,1.0,0.0,0.0,0.0,0.0,0.0,0.00734348,0.00372307,8817.477839,87.56828921,21.659478,0.0,98.223661,4.207375,0.86470053,99.937377,1.0,906.616131
09/15/2018,526.4147308,0.71414728,0.0,0.0,0.0,0.95158084,0.0,0.65676481,67.01550531,81.73199646,0.0,0.0,0.0,0.0,0.0,0.0,0.0,0.00822403,0.00261694,8795.015074,82.19611243,10.056783,0.481839,98.195436,16.34538,0.9364808,99.933348,1.0,975.731617
09/22/2018,508.0226857,0.71458122,0.0,0.0,0.0,0.95633472,0.0,0.72343686,67.02068764,81.79193954,0.0,0.0,0.0,0.0,0.0,0.0,0.0,0.00961541,0.00651357,8724.229538,82.94901478,17.161521,0.0,98.309126,1.518434,0.92856852,99.948119,1.0,951.749378
09/29/2018,492.03319573,0.71479855,0.0,0.0,0.0,0.95695912,0.0,0.66375604,66.94946777,81.92076498,0.0,0.0,0.0,0.0,0.0,0.0,0.0,0.00495426,0.00554057,8721.735275,83.46349592,12.231773,0.0,98.538808,0.114091,0.94566553,99.930037,1.0,964.034857
10/06/2018,517.75052151,0.75364823,0.0,0.0,0.0,0.90969535,0.0,0.7104265,66.97954643,82.01107654,0.0,0.0,0.0,0.0,0.0,0.0,0.0,0.00485024,0.00303607,8671.742505,84.12037401,10.713354,0.0,98.246273,10.673456,0.95652842,99.930334,1.0,967.80259
10/13/2018,545.1922888,0.77595338,0.0,0.0,0.0,0.88302172,0.0,0.69397332,66.94298291,82.09717138,0.0,0.0,0.0,0.0,0.0,0.0,0.0,0.00165782,0.00090682,8563.961902,86.78913234,8.140713,0.565751,98.31947,5.619842,0.95551983,99.929993,1.0,964.435547
10/20/2018,567.81278334,0.78539896,0.0,0.0,0.0,0.8746862,0.0,0.67651877,66.92300476,82.1279156,0.0,0.0,0.0,0.0,0.0,0.0,0.0,0.00699045,0.00153156,8755.326005,88.04467758,15.876999,0.0,98.373447,0.122143,0.9698963,99.932444,1.0,976.487231
10/27/2018,586.57776801,0.7893658,0.0,0.0,0.0,0.87208135,0.0,0.65884333,66.93069059,82.02484035,0.0,0.0,0.0,0.0,0.0,0.0,0.0,0.00251369,0.00226365,8912.960104,82.02622785,10.181812,0.0,98.409797,16.312706,1.0169713,99.943298,1.0,1034.788715
11/03/2018,589.81226237,0.78711807,0.0,0.0,0.0,0.85959087,0.0,0.63385898,67.06952395,82.03940895,0.0,0.0,0.0,0.0,0.0,0.0,0.0,0.00261958,0.00219585,8827.539322,85.49742287,6.790166,0.0,98.246311,0.0,0.99935479,99.932099,1.0,1036.525687
11/10/2018,575.78738269,0.7808174,0.0,0.0,0.0,0.83665555,0.0,0.5481104,67.15342619,81.94394264,0.0,0.0,0.0,0.0,0.0,0.0,0.0,0.00434686,0.01286576,8978.226159,84.21786584,30.426926,0.0,98.458424,24.361571,1.02793783,99.944382,1.0,1063.475419
11/17/2018,563.68470785,0.7780007,0.0,0.0,0.0,0.82782884,0.0,0.60165218,67.25388004,81.9224803,0.0,0.0,0.0,0.0,0.0,0.0,0.0,0.00385967,0.00163,8790.915457,94.79367587,10.327228,0.0,98.252258,0.082132,1.12809777,99.946113,1.0,1157.310964
11/24/2018,553.2595814,0.77675806,0.0,0.0,0.0,0.82443187,0.0,0.65289226,67.2722934,81.84402039,0.0,0.0,0.0,0.0,0.0,1.0,0.0,0.00444898,0.00189552,9070.073028,94.45950658,10.119417,0.219699,97.967325,0.139444,1.30140678,99.95939,1.0,1242.090762
12/01/2018,554.88116292,0.78123675,0.0,0.0,0.0,0.83046551,0.0,0.59427483,67.24475648,81.80039106,0.0,0.0,0.0,0.0,0.0,0.0,0.0,0.00348239,0.00203862,8755.488602,95.86005547,6.393776,0.0,98.345169,1.39638,0.99283017,99.941907,1.0,1004.680024
12/08/2018,617.07922364,0.81079901,0.0,0.0,0.0,0.87026393,0.0,0.66886015,67.19592117,81.64553699,0.0,0.0,0.0,0.0,0.0,0.0,0.0,0.00573735,0.00175336,9033.208507,91.58651779,9.553178,3.908093,98.005436,21.659386,1.15786151,99.947665,1.0,1125.779287
12/15/2018,666.82558656,0.82194364,0.0,0.0,0.0,0.88164785,0.0,0.67433668,67.15278943,81.54065796,0.0,0.0,0.0,0.0,0.0,0.0,0.0,0.00740268,0.006086,8989.209925,94.83066272,27.989292,0.665047,97.969592,0.0,1.15730779,99.954356,1.0,1078.937918
12/22/2018,707.23853823,0.82611714,0.0,0.0,0.0,0.8849041,0.0,0.63726673,67.16511104,81.4782223,1.0,0.0,0.0,0.0,0.0,0.0,0.0,0.00568788,0.00713528,8552.65478,97.83235626,28.967226,0.0,98.017947,1.492096,1.48029234,99.970561,1.0,1256.061891
12/29/2018,740.41491518,0.82768764,0.0,0.0,0.0,0.88583552,0.0,0.63362828,67.16655768,81.52400583,0.0,0.0,0.0,0.0,0.0,0.0,0.0,0.00593068,0.00473001,7970.611602,93.59006529,32.289416,0.0,98.493288,38.043618,1.09881552,99.970048,1.0,1046.114402
01/05/2019,762.00314517,0.82963102,0.0,0.0,0.0,0.81500867,0.0,0.6357129,67.2295871,81.50257103,0.0,0.0,0.0,0.0,1.0,0.0,0.0,0.00932431,0.00772369,9079.26251,89.01788616,34.330018,6.112645,98.83889,24.401356,0.99970188,99.961551,1.0,939.742876
01/12/2019,789.61352041,0.8207921,0.0,0.0,0.0,0.78804928,0.07298797,0.6411246,67.21914959,81.58863722,0.0,0.0,0.0,0.0,0.0,0.0,0.0,0.0173371,0.00538769,9267.009605,81.11180303,31.120764,5.23941,98.545726,21.37301886,1.01044984,99.949112,1.0,1049.500048
01/19/2019,821.90681146,0.80700589,0.0,0.0,0.0,0.78198179,0.1175284,0.65912153,67.08884881,81.67724774,0.0,0.0,0.0,0.0,0.0,0.0,0.0,0.02299218,-0.00030539,8402.100633,77.52075617,27.91151,4.366175,98.34335,18.34468171,1.02119781,99.941479,1.0,1181.480884
01/26/2019,857.76199472,0.79005744,0.0,0.0,0.0,0.78533617,0.54805682,0.68313797,67.05150511,81.5972929,0.0,0.0,0.0,0.0,0.0,0.0,0.0,0.02583305,0.00537938,9192.610077,79.44030704,24.702256,3.49294,98.371359,15.31634457,1.03194578,99.935809,1.0,1153.631206
02/02/2019,896.26425924,0.77034115,0.0,0.0,0.77686984,0.7925885,0.27441184,0.70862552,67.03648112,81.41909309,0.0,0.0,0.0,0.0,0.0,0.0,0.0,0.02187889,0.00366489,9179.801046,75.35968931,21.493002,2.619705,98.107642,12.28800743,1.04269375,99.936814,1.0,1171.093698
02/09/2019,936.68066458,0.7477096,0.0,0.0,0.28579444,0.80118184,0.18388767,0.73317314,66.92610952,81.3959839,0.0,0.0,0.0,0.0,0.0,0.0,0.0,0.02267122,0.00447051,8971.062572,78.26728371,18.283748,1.74647,98.382086,9.25967029,1.05344172,99.932628,1.0,1095.734725
02/16/2019,978.43172079,0.72174361,0.0,0.0,0.1051379,0.80998838,0.17348115,0.75571528,66.89956044,81.38022761,0.0,0.0,0.0,0.0,0.0,0.0,1.0,0.01900877,0.02486265,8807.821182,75.07868969,15.074494,0.873235,98.47106,6.23133314,1.06418969,99.943967,1.0,1193.694991
02/23/2019,1021.06373494,0.69182412,0.0,0.0,0.03867807,0.81854397,0.13992867,0.77594662,66.98536074,81.47324061,0.0,0.0,0.0,0.0,0.0,0.0,0.0,0.009543,0.01915916,9125.097335,81.52299616,11.86524,0.0,98.369652,3.202996,1.07493766,99.937574,1.0,1107.738831
03/02/2019,1055.43594679,0.70083736,0.0,0.0,0.01422887,0.87094321,0.12192714,0.79393938,66.93070861,81.58994415,0.0,0.0,0.0,0.0,0.0,0.0,0.0,0.00779627,-0.00096442,9173.171245,81.15695564,11.773148,0.0,98.291686,2.268149,1.10067036,99.934685,1.0,1120.015081
03/09/2019,1081.73423611,0.76397957,0.0,0.0,0.00523451,0.94886551,0.12355427,0.80991946,66.93304279,81.78873596,0.0,0.0,0.0,0.0,0.0,0.0,0.0,0.00847544,0.00401664,9044.508552,83.9716813,12.783244,0.0,97.882585,0.0,1.08525025,99.926017,1.0,1068.818316
03/16/2019,1103.75702475,0.78572914,0.0,0.0,0.00192567,0.95851134,0.12127047,0.80440496,67.02482215,81.86817369,0.0,0.0,0.0,0.0,0.0,0.0,0.0,0.00799643,0.00289969,8883.601597,83.3603186,9.028617,0.0,98.025737,0.0,1.06714521,99.909432,1.0,1074.983762
03/23/2019,1122.24854418,0.79469047,0.0,0.0,0.00070841,0.95970537,0.07384108,0.75960585,67.00351025,81.78980151,0.0,0.0,0.0,0.0,0.0,0.0,0.0,0.01000027,0.00126064,8866.155441,79.50312552,13.317094,0.0,98.286407,11.886271,1.08546051,99.912777,1.0,1090.722856
03/30/2019,1137.80804993,0.79838274,0.0,0.0,0.00026061,0.95985318,0.02716462,0.75711516,66.99732834,81.77334035,0.0,0.0,0.0,0.0,0.0,0.0,0.0,0.00979624,0.00134703,8761.892387,82.42180326,8.455893,0.0,98.286326,0.180255,1.10783479,99.911408,1.0,1089.504605
04/06/2019,1063.56529777,0.71636703,0.0,0.0,9.587e-05,0.82392489,0.0099933,0.75578256,67.02121982,81.74495177,0.0,0.0,0.0,0.0,0.0,0.0,0.0,0.00552987,0.00780403,8498.019118,81.35917155,19.20837,0.0,98.033627,1.633346,1.03191239,99.912881,1.0,1073.020466
04/13/2019,981.94061223,0.65624342,0.0,0.0,3.527e-05,0.68024637,0.00367633,0.75819231,67.00172726,81.66652466,0.0,0.0,0.0,0.0,0.0,0.0,0.0,0.00946263,0.00483506,8855.890503,83.55303509,19.653542,0.0,98.189889,9.29658,1.08450233,99.910205,1.0,1076.796495
04/20/2019,908.8242867,0.61985874,0.0,0.0,1.298e-05,0.58039487,0.00135245,0.75998465,66.9290839,81.5587228,0.0,0.0,0.0,0.0,0.0,0.0,0.0,0.00732339,0.00414623,8503.803597,82.48104934,26.81154,0.0,98.093008,2.013638,1.05546227,99.937046,1.0,1176.215264
04/27/2019,843.44254523,0.59777348,0.0,0.0,4.77e-06,0.51100161,0.00049754,0.75673162,66.94110038,81.56155751,0.0,0.0,0.0,0.0,0.0,0.0,0.0,0.00744711,0.00782034,9626.947125,82.65813311,26.698625,0.0,97.6446,11.282809,1.00507298,99.915187,1.0,1039.763007
05/04/2019,781.94844251,0.62905167,0.0,0.0,1.76e-06,0.6813153,0.00018303,0.73026366,66.93068156,81.37548437,0.0,0.0,0.0,0.0,0.0,0.0,0.0,0.00580395,0.00669239,8631.17821,84.06074198,28.549689,0.0,98.06496,11.836996,1.01569178,99.924002,1.0,1027.537625
05/11/2019,724.54591261,0.65598733,0.0,0.0,6.5e-07,0.72794472,6.733e-05,0.71838318,66.86773767,81.33675636,0.0,0.0,0.0,0.0,0.0,0.0,0.0,0.0057981,0.00230278,8768.356834,89.42480384,20.561294,3.827712,97.901238,1.614107,1.05274989,99.932125,1.0,1083.763324
05/18/2019,673.25629604,0.67013478,0.0,0.0,2.4e-07,0.74899262,2.477e-05,0.71677254,66.88263672,81.32622618,0.0,0.0,0.0,0.0,0.0,0.0,0.0,0.0046109,0.00092112,8773.511105,84.90518299,17.829789,0.0,97.638304,0.107969,1.02065703,99.939212,1.0,1058.24685
05/25/2019,627.51845179,0.67756546,0.0,0.0,9e-08,0.75849336,9.11e-06,0.70651919,66.90992555,81.36741908,0.0,0.0,0.0,0.0,0.0,0.0,0.0,0.00407978,0.00103385,8921.026351,84.08071401,10.966107,0.0,97.839469,11.655479,1.04029257,99.938985,1.0,1110.0783
06/01/2019,584.66217256,0.69045052,0.0,0.0,3e-08,0.78925756,3.35e-06,0.69814943,66.91282357,81.38135807,0.0,0.0,0.0,0.0,0.0,0.0,0.0,0.00479227,0.00112262,8801.396818,83.73588939,15.324655,0.166962,97.894656,0.0,0.97830981,99.933007,1.0,1011.390202
